customerid,subscription_start_date,subscription_type,renewal_date,plan_type,contract_type,cancellation_date,cancellation_reason,monthly_charges,cltv,churn_score,churn_flag,customer_name,country,state,gender,dob,complaint_date,escalations,csat_score,complaint_count
0002-ORFBO,2021-03-15,Refferal,2025-03-15,Standard,Annual,,,13.99,627.0,12,0,Keshav,India,Maharashtra,Male,1982-04-12,,,,
0003-MKNFE,2020-08-01,Paid,2024-08-01,Premium,Annual,2024-09-10,Switched To Competitor,12.99,1150.0,91,1,Raghav,India,Karnataka,Male,1995-11-23,2024-08-28,Y,10.0,2.0
0004-TLHLJ,2022-11-20,Organic,2025-11-20,Basic,Monthly,,,6.99,210.0,34,0,Lalita,India,Delhi,Female,1978-02-15,,,,
0011-IGKFF,2019-05-10,Paid,2025-05-10,Premium,Annual,,,22.99,1725.0,8,0,Mohan,India,Nagaland,Male,2001-08-30,,,,
0013-EXCHZ,2023-01-05,Refferal,2024-01-05,Standard,Monthly,2024-02-28,Too Expensive,13.99,195.0,88,1,Mira,India,Delhi,Female,1990-05-05,2024-01-20,Y,20.0,1.0
0013-MHZWF,2022-06-18,Paid,2025-06-18,Standard,Annual,,,17.99,720.0,22,0,Durga,India,Delhi,Female,1988-12-10,2025-03-18,N,90.0,1.0
0013-SMEOE,2021-09-30,Refferal,2024-09-30,Basic,Monthly,2024-11-15,Not Enough Content,8.99,230.0,79,1,Mina,India,Meghalaya,Female,1976-09-21,2024-11-01,N,30.0,1.0
0014-BMAQU,2020-02-14,Organic,2025-02-14,Premium,Annual,,,22.99,1840.0,5,0,Madan,India,Rajasthan,Male,1999-03-14,,,,
0015-UOCOJ,2023-07-22,Organic,2024-07-22,Standard,Monthly,,,13.99,240.0,34,0,Maya,Nepal,Kathmandu,Female,1985-07-07,,,,
0016-QLJIS,2022-04-03,Organic,2025-04-03,Basic,Annual,,,6.99,335.0,41,0,Arjun,Nepal,Kathmandu,Male,1993-10-29,,,,
0017-DINOC,2021-12-01,Organic,2025-12-01,Premium,Annual,,,22.99,1610.0,14,0,Shiva,India,Maharashtra,Male,1997-01-22,,,,
0017-IUDMW,2023-03-17,Refferal,2024-03-17,Standard,Monthly,2024-05-01,Poor Streaming Quality,7.99,270.0,83,1,Rangadevi,India,Karnataka,Female,1981-06-18,2024-04-10,Y,25.0,1.0
0018-NYROU,2020-10-09,Organic,2025-10-09,Standard,Annual,,,13.99,980.0,19,0,Chitra,India,Telangana,Female,2004-12-01,,,,
0019-EFAEP,2022-08-25,Refferal,2024-08-25,Basic,Monthly,2024-10-31,Switched To Competitor,12.99,160.0,76,1,Raju,India,Meghalaya,Female,1992-04-25,2024-09-27,Y,30.0,1.0
0019-GFNTW,2019-11-11,Paid,2025-11-11,Premium,Annual,,,92.99,2185.0,3,0,Madhav,India,Uttar Pradesh,Male,1979-11-11,,,,
0020-INWCK,2023-05-06,Organic,2025-05-06,Standard,Monthly,,,13.99,640.0,58,0,Parvati,India,Delhi,Female,1986-02-28,,,,
0020-JDNXP,2022-01-19,Organic,2024-01-19,Premium,Annual,,,20.99,550.0,62,0,Rikim,India,Meghalaya,Female,1994-08-19,,,,
0021-IKXGC,2021-07-07,Paid,2025-07-07,Standard,Annual,,,13.99,840.0,27,0,Vishakha,India,Rajasthan,Female,2000-09-02,,,,
0022-TCJCI,2023-09-14,Refferal,2024-09-14,Basic,Monthly,2024-09-14,Forgot To Cancel Trial,16.99,42.0,99,1,Raghvendra,India,Telangana,Male,1983-12-30,2024-09-14,N,90.0,2.0
0023-HGHWL,2020-06-23,Organic,2025-06-23,Premium,Annual,,,22.99,1955.0,7,0,Rishabh,India,Uttar Pradesh,Male,1991-05-14,,,,
0023-UYUPN,2022-12-31,Paid,2025-12-31,Standard,Monthly,,,13.99,790.0,47,0,Sudevi,India,Maharashtra,Female,1977-10-06,,,,
0914-URLLW,2021-07-02,Paid,2022-07-02,Standard,Annual,,,12.2,632.0,89,0,Rahul,India,Gujarat,Female,2005-11-17,2023-07-25,N,32.0,1.0
0881-SFCNZ,2022-12-13,Organic,2023-12-13,Premium,Annual,2025-02-25,Poor Support,23.96,1248.0,11,1,Vikram,India,West Bengal,Male,1970-05-14,2024-11-06,N,88.0,2.0
7363-TSUND,2024-12-01,Organic,2024-12-31,Premium,Monthly,,,26.06,1813.0,75,0,Nisha,India,Kerala,Female,1998-08-02,2023-09-17,N,80.0,3.0
8400-LNJEY,2023-01-10,Organic,2023-02-09,Premium,Monthly,,,25.13,1963.0,82,0,Arjun,India,Karnataka,Female,2006-07-16,2026-02-17,Y,95.0,3.0
7820-QKVOL,2022-01-04,Organic,2022-02-03,Premium,Monthly,2024-10-30,Poor Support,22.4,1526.0,68,1,Vikram,India,Nagaland,Female,1996-09-20,2025-12-02,N,49.0,2.0
4517-FCOXB,2021-04-12,Organic,2021-05-12,Basic,Monthly,,,9.07,626.0,2,0,Karan,India,Telangana,Male,1982-06-16,2026-05-26,N,44.0,2.0
8585-VHQET,2021-02-13,Organic,2021-03-15,Basic,Monthly,2026-07-19,Poor Support,9.43,373.0,37,1,Aarav,India,Kerala,Female,1999-09-08,2023-05-31,N,19.0,1.0
7011-JBZLX,2026-08-11,Paid,2027-08-11,Standard,Annual,,,9.08,647.0,44,0,Priya,India,Punjab,Male,1970-12-15,2025-04-09,Y,10.0,2.0
6786-UTFJM,2023-09-10,Paid,2023-10-10,Standard,Monthly,,,15.76,667.0,85,0,Vivaan,Nepal,Kathmandu,Female,1986-05-11,,,,
4989-BOETR,2025-01-19,Referral,2026-01-19,Premium,Annual,,,22.7,2008.0,60,0,Ananya,India,Uttar Pradesh,Male,2006-12-27,2026-04-24,N,77.0,2.0
9226-TJZKI,2022-04-25,Paid,2023-04-25,Standard,Annual,,,16.81,787.0,63,0,Amit,India,Punjab,Male,1974-07-22,2024-12-22,N,70.0,2.0
9056-JBMUE,2023-01-23,Organic,2023-02-22,Standard,Monthly,2023-07-05,Switched To Competitor,16.59,1102.0,39,1,Vivaan,India,Maharashtra,Male,1982-08-19,2025-04-19,N,18.0,2.0
4641-DRMIF,2023-04-01,Paid,2024-03-31,Premium,Annual,,,21.19,913.0,46,0,Meera,Nepal,Kathmandu,Male,2010-10-02,2023-02-01,N,27.0,1.0
5654-RYLEV,2021-09-19,Paid,2021-10-19,Basic,Monthly,,,7.84,369.0,77,0,Meera,India,Maharashtra,Female,2007-10-08,2024-12-18,N,75.0,3.0
6305-SCITV,2024-09-26,Referral,2025-09-26,Basic,Annual,,,7.53,211.0,74,0,Karan,India,Telangana,Male,1996-02-22,2026-01-23,N,94.0,1.0
4365-UVKXH,2025-04-26,Organic,2026-04-26,Standard,Annual,,,17.68,,98,0,Arjun,India,Punjab,Female,2005-03-13,2023-02-08,N,13.0,1.0
2413-RQDVF,2026-05-26,Organic,2027-05-26,Standard,Annual,,,14.82,694.0,92,0,Ishita,India,Meghalaya,Male,1978-01-05,2026-01-19,Y,43.0,2.0
8052-AUUUR,2023-12-29,Referral,2024-01-28,Premium,Monthly,,,22.97,1879.0,13,0,Vivaan,India,Gujarat,Male,1997-09-29,2025-06-11,N,29.0,3.0
4727-SHUOL,2024-10-14,,2024-11-13,Standard,Monthly,2026-05-14,Not Enough Content,14.01,886.0,64,1,Neha,India,Gujarat,Female,1997-04-08,2025-12-10,N,97.0,3.0
5067-OADGC,2022-12-26,Paid,2023-01-25,Basic,Monthly,2023-08-23,Too Expensive,4.99,406.0,33,1,Pooja,India,Rajasthan,Male,2003-08-13,2024-12-20,N,85.0,1.0
4409-RRMWO,2025-12-05,Paid,2026-01-04,Standard,Monthly,,,12.51,1031.0,21,0,Vikram,India,Tamil Nadu,Male,1989-03-02,2024-05-15,N,37.0,1.0
0813-TOQOO,2021-06-23,Organic,2021-07-23,Premium,Monthly,2021-06-25,Switched To Competitor,23.81,1270.0,13,1,Neha,India,Punjab,Male,1971-01-04,2026-05-24,N,48.0,1.0
0927-OUHPA,2021-06-01,Organic,2021-07-01,Basic,Monthly,2023-01-06,Service Quality,7.1,548.0,2,1,Aarav,India,Maharashtra,Female,1991-08-18,2024-08-06,Y,21.0,1.0
3490-LZFHK,2021-12-12,Refferal,2022-01-11,Premium,Monthly,,,24.95,1641.0,37,0,Nisha,India,Rajasthan,Male,1975-05-27,2026-06-24,Y,18.0,4.0
9925-WAGVB,2022-03-02,,2022-04-01,Standard,Monthly,,,11.66,684.0,89,0,Ananya,India,Kerala,Female,1988-12-16,2024-10-03,N,10.0,2.0
8559-HXHLR,2021-09-14,Organic,2021-10-14,Standard,Monthly,2021-09-10,Too Expensive,14.63,1095.0,54,1,Ananya,India,Rajasthan,Female,1982-11-26,2025-08-23,N,60.0,2.0
1283-ONUZR,2022-09-11,Referral,2022-10-11,Premium,,,,21.8,1590.0,86,0,Priya,India,Uttar Pradesh,Male,1999-12-29,2023-12-11,N,66.0,1.0
4105-KKVIE,2024-11-24,Organic,2025-11-24,Standard,Annual,,,14.07,601.0,26,0,Aarav,India,Meghalaya,Female,2003-04-25,,,,
3358-ACCUS,2021-12-24,Paid,2022-01-23,Premium,,,,19.81,1219.0,78,0,Karan,India,Tamil Nadu,Female,1990-06-10,2026-06-17,N,26.0,1.0
6974-MSEXN,2022-01-09,Paid,2022-02-08,Premium,Monthly,,,25.24,998.0,95,0,Nisha,India,Delhi,Female,1976-05-18,2026-06-03,N,99.0,1.0
9381-DMSML,2024-03-02,Referral,2024-04-01,Premium,Monthly,,,22.94,1198.0,10,0,Sanjay,India,West Bengal,Male,1995-01-08,2026-01-14,Y,15.0,2.0
1681-JGHRQ,2024-04-25,Paid,2024-05-25,Premium,Monthly,2024-11-14,Too Expensive,24.75,1426.0,76,1,Meera,India,Delhi,Male,2005-04-25,2026-05-11,Y,93.0,1.0
6080-JYCID,2024-07-23,Paid,2025-07-23,Basic,Annual,,,5.14,587.0,6,0,Aarav,India,Rajasthan,Male,1981-07-29,2025-09-23,N,100.0,5.0
3404-ZJXMS,2026-01-03,Paid,2026-02-02,Premium,Monthly,2026-06-30,Poor Support,25.26,1174.0,3,1,Karan,India,Maharashtra,Male,1987-03-30,2023-06-18,N,18.0,1.0
4586-GTZGU,2022-10-11,Paid,2022-11-10,Standard,Monthly,,,16.65,936.0,74,0,Pooja,India,Karnataka,Male,1990-05-15,2024-12-01,N,58.0,2.0
2628-SULTH,2025-01-09,Organic,2025-02-08,Basic,Monthly,,,5.73,895.0,91,0,Vivaan,India,West Bengal,Male,1987-11-19,2025-05-04,Y,41.0,2.0
0814-CLXDL,2023-10-10,Referral,2023-11-09,Standard,Monthly,,,16.11,724.0,45,0,Ananya,India,Uttar Pradesh,Male,1972-01-18,2025-11-12,Y,5.0,2.0
7046-FSHVP,2024-06-18,Organic,2025-06-18,Premium,Annual,,,24.42,1270.0,17,0,Meera,India,Maharashtra,Male,1985-02-07,2023-08-16,N,10.0,1.0
5479-EMWAT,2024-11-16,Organic,2025-11-16,Basic,Annual,,,7.41,394.0,1,0,Aarav,India,Gujarat,Female,1991-06-11,2025-09-11,N,22.0,2.0
4939-SRLIQ,2026-05-26,Paid,2026-06-25,Standard,Monthly,,,14.48,698.0,50,0,Riya,India,Tamil Nadu,Male,1988-12-15,2024-12-05,N,43.0,2.0
1422-PCQQC,2023-04-14,Organic,2023-05-14,Standard,,2023-12-19,Too Expensive,18.95,776.0,100,1,Sanjay,India,Maharashtra,Female,1983-05-13,2025-03-12,N,69.0,2.0
7579-KUBEM,2021-03-12,Organic,2021-04-11,Standard,Monthly,2022-07-10,Service Quality,15.16,558.0,81,1,Karan,India,Rajasthan,Female,1990-03-05,2026-05-14,Y,37.0,2.0
1901-IRDRC,2023-01-04,Organic,2024-01-04,Basic,Annual,,,6.39,547.0,52,0,Meera,India,Punjab,Male,1976-09-03,2025-08-21,Y,93.0,1.0
1771-PUEHY,2021-01-22,Paid,2021-02-21,Basic,Monthly,2024-01-10,Too Expensive,9.06,293.0,97,1,Sanjay,Nepal,Kathmandu,Male,1971-01-07,2023-04-06,N,5.0,1.0
9896-PLJPP,2026-06-30,Referral,2027-06-30,Premium,,,,21.5,968.0,70,0,Ishita,India,Karnataka,Female,1990-01-09,2024-08-15,N,35.0,5.0
2964-ADYKM,2022-03-04,Organic,2022-04-03,Premium,Monthly,,,23.35,1755.0,25,0,Amit,Nepal,Kathmandu,Male,1987-07-16,2026-01-11,Y,97.0,2.0
4683-UBCHM,2022-12-07,Paid,2023-12-07,Standard,Annual,2024-10-11,Service Quality,12.96,934.0,8,1,Kavya,India,Nagaland,Female,2000-12-13,2025-05-29,Y,33.0,3.0
6718-MLYEO,2022-02-18,Referral,2022-03-20,Standard,Monthly,,,10.64,868.0,91,0,Aditya,India,Rajasthan,Female,2000-12-22,2024-01-12,N,92.0,2.0
5432-MUGYI,2024-05-22,Paid,2024-06-21,Basic,Monthly,2025-02-20,Poor Streaming Quality,8.13,792.0,38,1,Riya,India,Haryana,Female,1991-05-13,2026-03-27,N,22.0,2.0
5460-NWLHA,2023-02-03,Organic,2023-03-05,Basic,Monthly,,,10.32,425.0,72,0,Amit,India,Rajasthan,Male,1993-03-21,2025-12-26,Y,72.0,2.0
3651-VAXOD,2023-02-18,Paid,2023-03-20,Standard,Monthly,2026-02-05,Forgot To Cancel Trial,15.79,,26,1,Ishita,India,Telangana,Female,1976-09-03,2026-01-30,N,73.0,5.0
3038-OICRR,2026-03-31,Referral,2027-03-31,Basic,Annual,,,6.35,,20,0,Pooja,India,Maharashtra,Female,1971-03-14,2025-08-30,Y,64.0,2.0
1209-HGRSS,2023-12-02,Organic,2024-01-01,Premium,Monthly,,,22.79,2095.0,7,0,Kavya,India,Nagaland,Female,1980-01-31,2023-05-19,N,56.0,1.0
9388-TICPX,2023-09-06,Refferal,2023-10-06,Standard,Monthly,,,15.12,511.0,12,0,Kavya,India,Gujarat,Male,1975-07-17,2025-05-06,N,70.0,3.0
9751-FGADO,2024-11-11,Organic,2025-11-11,Basic,Annual,,,8.68,132.0,49,0,Amit,India,Punjab,Female,2010-04-21,2025-12-31,N,66.0,2.0
5478-JIVLV,2024-12-09,Organic,2025-01-08,Standard,Monthly,,,13.03,831.0,86,0,Aarav,India,Delhi,Male,2010-02-25,2024-11-17,Y,36.0,2.0
9632-IFYQH,2025-10-15,Organic,2025-11-14,Premium,Monthly,,,23.36,1587.0,18,0,Aarav,India,Rajasthan,Female,1972-01-06,2024-01-04,N,21.0,2.0
6227-NXGZY,2024-09-01,Organic,2024-10-01,Basic,Monthly,2025-08-07,Service Quality,5.52,514.0,76,1,Rohan,India,Tamil Nadu,Male,2002-02-07,2025-08-08,N,80.0,2.0
1826-ENBHL,2025-10-21,Referral,2025-11-20,Premium,Monthly,,,20.77,1420.0,87,0,Riya,India,Tamil Nadu,Male,1994-07-11,2026-04-19,N,70.0,3.0
9693-ZDXCT,2024-05-14,Paid,2024-06-13,Basic,Monthly,,,7.71,80.0,16,0,Sneha,India,Rajasthan,Female,1984-10-23,2023-07-05,N,19.0,1.0
8459-XFXDN,2022-06-28,Referral,2022-07-28,Standard,Monthly,,,15.8,194.0,76,0,Kavya,India,Maharashtra,Male,1982-02-18,2024-01-31,Y,34.0,2.0
4707-IAUIR,2021-07-25,Referral,2022-07-25,Standard,Annual,,,16.32,620.0,17,0,Pooja,India,Haryana,Female,1985-05-12,2023-10-01,Y,20.0,2.0
4115-JXCTT,2026-05-22,Organic,2026-06-21,Standard,Monthly,2026-06-25,Not Enough Content,13.71,917.0,79,1,Aarav,India,Rajasthan,Male,1995-08-19,2025-03-16,N,100.0,1.0
3814-GAYYG,2021-02-01,Organic,2021-03-03,Standard,Monthly,,,14.49,1137.0,10,0,Arjun,India,Uttar Pradesh,Female,1998-12-13,2026-06-01,Y,37.0,6.0
0342-DBVXD,2023-12-21,Refferal,2024-12-20,Standard,Annual,,,15.44,938.0,5,0,Rohan,India,Rajasthan,Male,1992-02-24,2024-01-27,Y,39.0,1.0
7472-EJPSW,2023-10-26,Organic,2024-10-25,Premium,Annual,,,22.82,1609.0,29,0,Riya,Nepal,Kathmandu,Female,2010-06-12,2025-10-27,N,82.0,1.0
0470-FHIZU,2025-06-25,Referral,2026-06-25,Basic,Annual,,,4.99,20.0,55,0,Amit,India,Rajasthan,Female,1976-03-11,2025-11-26,Y,72.0,3.0
3220-ZMNLD,2021-03-06,Refferal,2021-04-05,Basic,Monthly,,,7.22,76.0,95,0,Amit,India,Telangana,Male,2007-04-08,2025-07-13,Y,46.0,1.0
9344-AEFHD,2024-08-22,Paid,2024-09-21,Basic,Monthly,,,8.63,454.0,81,0,Aarav,India,Punjab,Female,2007-11-05,2025-10-14,N,34.0,3.0
0203-RZDHN,2023-09-09,Organic,2024-09-08,Standard,Annual,2025-01-06,Poor Support,11.39,1063.0,3,1,Sanjay,India,Gujarat,Male,2005-02-26,2024-12-31,N,97.0,2.0
9275-STPKF,2025-03-08,Organic,2026-03-08,Basic,Annual,2026-02-03,Too Expensive,8.54,296.0,9,1,Vivaan,India,Uttar Pradesh,Female,2009-01-02,2023-09-25,N,9.0,2.0
8645-UASCT,2025-10-10,Paid,2025-11-09,Basic,Monthly,2026-07-10,Service Quality,5.94,732.0,73,1,Vivaan,India,Delhi,Male,1990-01-15,2023-05-14,N,99.0,1.0
8262-DLDOY,2021-03-03,Referral,2021-04-02,Premium,Monthly,,,21.93,1581.0,94,0,Aditya,India,Haryana,Male,1986-08-12,2024-10-17,N,11.0,3.0
0830-KZHDM,2023-11-04,Referral,2024-11-03,Premium,Annual,,,21.57,1566.0,28,0,Priya,India,Kerala,Male,1998-11-21,2025-09-03,N,42.0,1.0
5095-RIYNH,2023-11-11,Organic,2023-12-11,Basic,Monthly,2024-05-23,Poor Support,8.02,399.0,90,1,Priya,India,Tamil Nadu,Female,1974-03-01,2023-04-01,N,49.0,2.0
9602-YMAPO,2023-12-15,Organic,2024-12-14,Basic,Annual,2024-04-12,Service Quality,8.46,192.0,18,1,Nisha,India,Meghalaya,Male,2002-05-13,2026-03-02,N,60.0,3.0
1502-QVCSD,2025-04-27,Paid,2026-04-27,Standard,,2026-08-14,Forgot To Cancel Trial,14.04,1050.0,80,1,Neha,Nepal,Kathmandu,Male,1970-07-20,2025-06-01,N,45.0,1.0
7493-KAZEP,2023-11-20,Paid,2023-12-20,Basic,Monthly,2025-11-24,Poor Streaming Quality,4.99,208.0,70,1,Sneha,India,Uttar Pradesh,Male,1984-01-26,2025-04-11,N,58.0,2.0
1834-YTULM,2024-05-28,Referral,2024-06-27,Premium,Monthly,2025-08-11,Forgot To Cancel Trial,24.09,1474.0,99,1,Riya,India,Karnataka,Male,1980-06-07,,,,
6351-UWARC,2021-02-13,Organic,2022-02-13,Standard,Annual,2021-09-17,Too Expensive,13.81,807.0,79,1,Aditya,Nepal,Kathmandu,Female,2006-06-04,2025-07-12,N,77.0,2.0
2896-VGUMG,2025-04-19,Organic,2026-04-19,Standard,Annual,2026-03-13,Service Quality,13.17,540.0,62,1,Ishita,India,Karnataka,Male,2000-05-28,2026-03-29,N,98.0,2.0
3358-NTPYW,2026-03-09,Organic,2026-04-08,Premium,Monthly,,,20.78,1539.0,13,0,Sanjay,India,Haryana,Female,1989-04-18,2023-06-25,N,38.0,1.0
7538-PHKDJ,2024-07-10,Organic,2025-07-10,Basic,Annual,2026-05-17,Poor Support,7.44,318.0,18,1,Karan,India,Telangana,Female,1972-02-10,2024-02-02,N,95.0,1.0
9265-LCQZW,2021-06-06,Organic,2021-07-06,Basic,Monthly,,,6.53,493.0,30,0,Arjun,India,Haryana,Female,1985-07-17,2024-01-04,Y,8.0,1.0
2757-LNGGG,2025-06-03,Organic,2025-07-03,Standard,Monthly,2026-05-26,Switched To Competitor,13.7,847.0,95,1,Rohan,Nepal,Kathmandu,Female,1987-04-12,2026-03-21,N,5.0,2.0
9944-TVVYC,2021-06-25,Paid,2022-06-25,Standard,Annual,,,18.05,696.0,59,0,Meera,India,Delhi,Female,1972-03-18,2023-02-02,N,60.0,1.0
8818-BMPJD,2024-11-04,Organic,2024-12-04,Standard,Monthly,,,13.2,740.0,5,0,Ishita,India,Gujarat,Male,1995-11-19,2023-05-18,N,32.0,1.0
1942-VIIYD,2025-06-10,Organic,2026-06-10,Basic,Annual,,,4.99,639.0,63,0,Karan,India,Haryana,Female,1998-09-07,2025-06-26,N,40.0,1.0
9153-XPEEH,2025-12-22,Organic,2026-01-21,Premium,Monthly,,,23.8,,5,0,Arjun,India,Gujarat,Female,1984-04-02,2023-12-23,N,76.0,3.0
5783-DLDOA,2025-07-25,Paid,2025-08-24,Standard,Monthly,,,14.73,1051.0,60,0,Kavya,India,Tamil Nadu,Female,2010-05-16,2023-09-27,N,60.0,2.0
7096-BFEVB,2026-07-19,Referral,2026-08-18,Basic,Monthly,,,7.65,820.0,8,0,Neha,India,Tamil Nadu,Female,1981-06-21,2025-07-27,N,19.0,5.0
4305-PNRUK,2023-09-02,Paid,2024-09-01,Premium,,,,,1426.0,72,0,Karan,India,Maharashtra,Female,2001-05-03,2025-11-02,N,95.0,3.0
8285-IZNTW,2021-04-03,Paid,2022-04-03,Standard,Annual,,,15.05,740.0,87,0,Sanjay,India,Haryana,Male,2001-06-02,2024-07-01,Y,64.0,1.0
7930-WNBME,2022-03-19,Organic,2023-03-19,Premium,Annual,,,25.03,1494.0,8,0,Vikram,India,Karnataka,Female,1998-08-19,,,,
8892-GFGQO,2022-05-25,Paid,2022-06-24,Standard,Monthly,,,10.88,825.0,4,0,Aditya,India,Uttar Pradesh,Male,2011-01-07,2025-11-10,N,89.0,2.0
9488-KHBAJ,2023-04-29,Organic,2023-05-29,Basic,Monthly,,,5.52,20.0,96,0,Rahul,India,Kerala,Female,1989-01-28,2024-09-09,N,32.0,1.0
9259-NXCCV,2022-02-11,Paid,2023-02-11,Standard,Annual,,,14.7,552.0,60,0,Ishita,India,Maharashtra,Male,1989-08-23,2023-05-27,N,52.0,1.0
1088-BKYRC,2023-05-12,Paid,2023-06-11,,Monthly,,,13.67,1016.0,52,0,Karan,India,Nagaland,Female,1979-11-05,2024-12-04,N,33.0,1.0
8374-VUXGZ,2021-10-04,Organic,2022-10-04,Basic,Annual,2026-01-12,Poor Support,7.2,450.0,59,1,Riya,India,Nagaland,Female,1992-09-14,2025-01-18,N,8.0,2.0
3222-UPUQQ,2025-10-31,Organic,2025-11-30,Standard,Monthly,,,12.14,678.0,45,0,Sanjay,India,Rajasthan,Female,1993-03-16,2023-11-11,N,55.0,1.0
6171-UTDVN,2023-12-16,Organic,2024-01-15,Basic,Monthly,,,4.99,759.0,76,0,Sneha,India,Delhi,Female,1997-04-20,2025-03-09,N,32.0,2.0
3246-NZWVM,2023-11-18,Organic,2023-12-18,Standard,Monthly,,,13.93,1104.0,59,0,Amit,India,Tamil Nadu,Female,1999-02-22,2024-04-03,N,21.0,1.0
7845-KRQGG,2024-11-26,Refferal,2025-11-26,Basic,Annual,2025-04-22,Service Quality,5.33,217.0,30,1,Amit,India,Rajasthan,Male,1998-10-29,2026-04-30,Y,39.0,1.0
0633-DLMEK,2022-04-28,Refferal,2022-05-28,Basic,Monthly,,,6.06,491.0,11,0,Kavya,India,Maharashtra,Male,1980-02-18,2023-09-15,Y,48.0,2.0
6050-GIJNJ,2026-05-08,Organic,2027-05-08,Premium,Annual,,,26.69,1465.0,65,0,Karan,India,Kerala,Female,1986-06-30,,,,
7375-ILJER,2023-04-10,Paid,2024-04-09,Basic,Annual,2024-08-06,Forgot To Cancel Trial,9.27,460.0,68,1,Karan,India,Maharashtra,Female,1972-04-06,,,,
2372-HUYRX,2022-04-03,Paid,2022-05-03,Standard,Monthly,2025-04-04,Poor Streaming Quality,11.8,787.0,91,1,Riya,India,Meghalaya,Male,1994-10-26,2024-01-21,N,84.0,1.0
8544-MUILN,2021-04-27,Organic,2021-05-27,Standard,Monthly,,,14.49,767.0,29,0,Amit,India,Nagaland,Female,1998-04-14,2024-03-05,Y,87.0,2.0
9604-WMQFU,2024-03-15,Refferal,2025-03-15,Standard,Annual,2024-06-07,Not Enough Content,12.8,741.0,34,1,Arjun,India,Tamil Nadu,Female,1994-01-21,2026-01-23,Y,65.0,4.0
5540-NTQBH,2023-08-27,Paid,2023-09-26,Basic,Monthly,2025-11-24,Too Expensive,5.3,604.0,87,1,Neha,India,Punjab,Female,1981-06-23,2025-01-01,N,6.0,1.0
1786-TAFPS,2022-01-18,Refferal,2022-02-17,Basic,Monthly,,,8.37,429.0,30,0,Meera,India,Delhi,Female,1993-02-15,2024-06-08,N,48.0,1.0
5044-WXDYP,2023-11-24,Referral,2023-12-24,Standard,Monthly,,,14.02,1140.0,3,0,Sneha,India,Telangana,Female,1999-03-13,,,,
6370-CQSPC,2022-05-19,Organic,2023-05-19,Standard,Annual,,,12.3,865.0,95,0,Ishita,India,Nagaland,Female,1980-02-28,2025-01-17,N,49.0,1.0
5243-YSDYY,2022-05-06,Referral,2022-06-05,Standard,Monthly,,,16.51,644.0,4,0,Vivaan,India,West Bengal,Female,2002-11-24,2024-08-25,N,56.0,1.0
1713-UKPLU,2022-01-19,Referral,2022-02-18,Standard,Monthly,2024-04-24,Poor Support,13.51,,100,1,Meera,India,Uttar Pradesh,Female,1978-05-27,2025-04-28,N,56.0,1.0
9965-UYYCG,2025-03-25,Organic,2026-03-25,Basic,Annual,2025-10-24,Poor Streaming Quality,4.99,20.0,64,1,Arjun,India,Rajasthan,Male,2006-01-10,2024-06-02,N,47.0,1.0
7224-PBCNQ,2022-09-26,Organic,2022-10-26,Standard,Monthly,2023-08-14,Poor Support,11.59,887.0,14,1,Nisha,India,Rajasthan,Male,2010-01-26,2024-05-12,Y,43.0,2.0
1697-EDOAO,2024-06-22,Refferal,2025-06-22,Standard,Annual,2024-10-18,Poor Streaming Quality,12.28,838.0,96,1,Sanjay,India,Punjab,Female,1992-11-03,2023-11-06,Y,99.0,1.0
4771-MRNST,2025-01-18,Paid,2025-02-17,Basic,Monthly,,,8.48,258.0,44,0,Ananya,India,Delhi,Male,1970-10-18,2024-10-19,N,75.0,1.0
9202-UNMGP,2022-05-06,Referral,2023-05-06,Premium,Annual,,,19.43,985.0,19,0,Sanjay,India,Gujarat,Male,1992-06-22,,,,
1411-YVDUD,2026-05-22,Organic,2026-06-21,Basic,Monthly,,,6.56,886.0,38,0,Aditya,India,Haryana,Female,2009-09-05,2024-06-06,N,52.0,2.0
7218-CMRSK,2024-08-26,Referral,2024-09-25,Basic,Monthly,2025-02-18,Poor Streaming Quality,7.24,466.0,63,1,Vivaan,India,West Bengal,Female,2000-09-28,2023-06-04,N,64.0,1.0
9217-UFRSI,2023-03-10,Referral,2023-04-09,Standard,Monthly,,,15.11,833.0,98,0,Karan,India,Delhi,Male,2009-04-12,2023-02-03,N,96.0,1.0
7387-XVTQH,2025-05-31,Organic,2025-06-30,Standard,Monthly,,,14.89,765.0,2,0,Aditya,India,Delhi,Male,2006-05-04,2026-07-20,N,68.0,2.0
7956-JNIIE,2026-04-08,Organic,2027-04-08,Standard,Annual,,,12.51,569.0,58,0,Karan,India,Tamil Nadu,Female,1973-02-27,2026-07-06,N,28.0,2.0
9612-DCYOL,2022-06-29,Paid,2022-07-29,Premium,Monthly,2025-11-22,Poor Support,19.62,1736.0,44,1,Riya,Nepal,Kathmandu,Female,1998-05-16,,,,
7380-JDSEO,2023-05-17,Referral,2023-06-16,Premium,Monthly,,,25.9,1510.0,37,0,Sneha,India,Punjab,Female,1993-10-17,2026-01-01,N,38.0,3.0
9490-YJUPM,2023-02-13,Organic,2023-03-15,Standard,Monthly,,,16.82,1138.0,23,0,Riya,Nepal,Kathmandu,Female,1999-09-11,2024-03-02,N,81.0,2.0
1419-JQZAS,2021-02-18,Refferal,2021-03-20,Standard,Monthly,,,13.17,327.0,70,0,Priya,India,Delhi,Male,1980-04-12,2025-08-12,Y,65.0,2.0
8466-YLDHW,2022-11-09,Organic,2022-12-09,Basic,Monthly,,,8.51,514.0,76,0,Pooja,India,Kerala,Male,2006-04-30,,,,
8781-QDDMP,2023-04-09,Refferal,2024-04-08,Premium,Annual,,,20.95,,47,0,Nisha,India,Kerala,Male,2007-08-19,2026-07-15,Y,53.0,4.0
0346-ROACL,2022-06-01,Organic,2022-07-01,Standard,Monthly,2023-04-03,Not Enough Content,12.95,637.0,59,1,Aarav,India,Haryana,Female,1973-07-10,2023-01-06,Y,79.0,1.0
7231-VLHZL,2023-08-15,Referral,2024-08-14,Standard,Annual,,,14.22,,92,0,Aarav,India,Telangana,Female,2003-07-04,2025-12-31,N,89.0,2.0
3170-LAHNX,2023-03-05,Paid,2023-04-04,Standard,Monthly,,,12.03,983.0,26,0,Nisha,India,Telangana,Male,2009-07-09,2025-10-11,N,46.0,1.0
7387-UOCKZ,2025-08-04,Paid,2026-08-04,Premium,Annual,,,22.32,1337.0,64,0,Riya,Nepal,Kathmandu,Female,2005-03-19,2024-06-03,N,53.0,3.0
0464-WRHUV,2022-04-07,Paid,2022-05-07,Standard,Monthly,,,12.39,808.0,50,0,Rahul,India,Delhi,Female,2010-06-30,2023-05-21,N,25.0,1.0
0455-CRZAR,2025-07-03,Organic,2025-08-02,Basic,Monthly,,,4.99,20.0,75,0,Vikram,India,Maharashtra,Female,1994-07-20,2023-08-21,N,54.0,1.0
1385-QQCRX,2023-11-12,Organic,2024-11-11,Standard,Annual,2025-11-19,Poor Streaming Quality,12.68,475.0,69,1,Riya,Nepal,Kathmandu,Male,1991-07-26,2025-11-25,N,22.0,1.0
8636-AGGLD,2021-04-11,Organic,2021-05-11,Basic,Monthly,,,8.72,337.0,49,0,Vivaan,India,Delhi,Male,1995-11-03,2025-08-17,Y,99.0,2.0
8546-UVFAX,2024-06-11,Paid,2025-06-11,Standard,Annual,2026-04-24,Service Quality,15.66,724.0,46,1,Rahul,India,Gujarat,Female,1984-12-03,,,,
2905-RXAAA,2025-08-17,Refferal,2026-08-17,Standard,Annual,,,12.59,954.0,26,0,Rahul,India,West Bengal,Male,1997-09-21,2024-06-22,Y,7.0,1.0
1583-BVPZU,2023-08-04,Organic,2024-08-03,Standard,Annual,,,13.63,824.0,94,0,Sneha,India,Kerala,Male,1996-10-29,2026-06-07,N,77.0,5.0
9631-GHWGB,2024-12-04,Referral,2025-12-04,Basic,Annual,,,6.36,520.0,52,0,Aarav,India,Meghalaya,Male,1973-02-09,2025-01-05,N,52.0,2.0
6698-UZYDU,2025-07-04,Paid,2025-08-03,Standard,Monthly,,,11.96,208.0,3,0,Vivaan,India,Rajasthan,Male,1987-02-26,2026-03-31,N,51.0,2.0
8464-SVVLB,2023-07-18,Organic,2023-08-17,Premium,Monthly,2025-06-22,Too Expensive,,,56,1,Rohan,India,West Bengal,Male,1975-12-14,,,,
4574-FCDSN,2023-09-04,Organic,2024-09-03,Basic,Annual,2023-11-08,Not Enough Content,6.92,462.0,90,1,Priya,India,Nagaland,Male,1999-04-15,2026-01-15,N,23.0,3.0
5408-TOQCW,2025-09-21,Paid,2025-10-21,Basic,Monthly,2026-03-11,Poor Support,8.76,,69,1,Arjun,India,Haryana,Male,2003-04-03,2025-12-08,N,87.0,3.0
4500-EVTBF,2025-12-23,Paid,2026-12-23,Standard,Annual,,,14.51,1018.0,70,0,Rahul,India,Punjab,Female,2001-10-05,2023-05-03,N,16.0,1.0
0181-HCSNZ,2023-05-23,Paid,2023-06-22,Standard,Monthly,2023-10-19,Service Quality,8.46,740.0,52,1,Riya,India,Karnataka,Female,2007-07-04,2024-03-14,Y,34.0,1.0
7499-PNBBQ,2022-11-03,Paid,2023-11-03,Basic,Annual,2025-10-17,Switched To Competitor,4.99,206.0,58,1,Priya,India,Nagaland,Female,1977-06-13,2025-12-14,N,10.0,2.0
0067-BFWLS,2024-06-24,Organic,2024-07-24,Standard,Monthly,2025-08-05,Forgot To Cancel Trial,10.83,1082.0,23,1,Sanjay,India,Delhi,Female,1991-09-27,2024-12-18,N,58.0,2.0
4129-EJCUE,2024-06-24,Refferal,2024-07-24,Premium,Monthly,,,22.99,1166.0,17,0,Arjun,India,Kerala,Female,1977-07-04,2024-11-21,N,39.0,2.0
3778-ZPLOU,2021-05-16,Paid,2022-05-16,Premium,Annual,,,21.88,1134.0,45,0,Riya,India,Uttar Pradesh,Female,2010-04-21,2026-05-20,Y,60.0,2.0
2562-QWOLD,2025-11-30,Organic,2026-11-30,Basic,Annual,2026-08-20,Service Quality,6.36,547.0,24,1,Arjun,India,Punjab,Male,1996-01-01,2024-03-05,N,11.0,1.0
2500-YOHKP,2022-03-11,Paid,2022-04-10,Standard,Monthly,,,12.85,1136.0,54,0,Pooja,India,Delhi,Female,1970-06-02,2023-06-18,N,47.0,1.0
5386-SGQLY,2021-11-10,Refferal,2021-12-10,Basic,Monthly,,,,251.0,45,0,Vikram,India,Maharashtra,Female,1976-11-24,,,,
1599-DMNRK,2023-05-03,Referral,2024-05-02,Basic,Annual,,,7.55,484.0,37,0,Aarav,India,Tamil Nadu,Male,2002-03-24,2025-09-21,N,8.0,4.0
9138-MDDZD,2026-03-07,Organic,2026-04-06,Standard,Monthly,2026-06-18,Too Expensive,14.89,492.0,3,1,Amit,India,Meghalaya,Female,2008-12-26,2024-10-30,N,41.0,2.0
9478-HCHPL,2025-04-29,Refferal,2026-04-29,Premium,Annual,,,22.71,1526.0,10,0,Ishita,India,Gujarat,Female,1979-07-04,2023-12-17,N,75.0,1.0
7860-PKQZK,2026-02-27,Paid,2027-02-27,Basic,Annual,,,11.16,502.0,65,0,Kavya,India,Haryana,Female,1993-06-17,2024-06-02,N,68.0,2.0
1554-KVFYP,2025-02-14,Organic,2025-03-16,Basic,Monthly,2025-05-29,Forgot To Cancel Trial,4.99,20.0,6,1,Sanjay,India,Kerala,Male,1999-09-27,2024-07-01,N,31.0,2.0
6024-IXAHK,2022-04-05,Organic,2022-05-05,Standard,Monthly,,,15.18,156.0,45,0,Aarav,India,Punjab,Female,2005-06-18,2026-06-01,N,38.0,3.0
4784-MDFCO,2024-12-06,Organic,2025-01-05,Standard,Monthly,,,15.33,907.0,44,0,Vikram,India,Nagaland,Male,1978-03-23,2026-01-05,N,58.0,1.0
3523-OPSOQ,2024-07-05,Paid,2024-08-04,Basic,Monthly,,,5.05,148.0,98,0,Karan,India,Meghalaya,Male,1976-09-11,2026-02-18,Y,65.0,2.0
5880-QQIGU,2021-09-19,Organic,2022-09-19,Basic,Annual,,,5.87,386.0,84,0,Priya,India,Karnataka,Female,1987-06-25,2023-11-06,Y,86.0,2.0
3442-OFLNQ,2023-06-08,Organic,2023-07-08,Standard,Monthly,2024-12-03,Poor Streaming Quality,15.02,996.0,14,1,Karan,India,West Bengal,Male,1984-10-28,2025-07-22,Y,67.0,2.0
5274-JZNVT,2023-01-28,Organic,2024-01-28,Basic,Annual,,,7.05,303.0,98,0,Sanjay,India,Telangana,Female,1973-02-14,2024-06-30,N,60.0,2.0
5593-XDXWN,2026-07-02,,2027-07-02,Premium,Annual,,,23.04,1312.0,8,0,Riya,India,Rajasthan,Male,2007-12-10,2026-04-25,N,66.0,4.0
7339-NGUGI,2025-10-20,Paid,2025-11-19,Premium,Monthly,,,19.87,1748.0,82,0,Neha,India,Telangana,Male,2008-02-09,2024-02-08,Y,76.0,1.0
5203-VJMBD,2022-11-13,Paid,2023-11-13,Standard,Annual,,,14.77,1254.0,89,0,Aditya,India,Delhi,Male,1994-04-04,2025-11-03,N,17.0,2.0
0582-BWVVB,2026-07-01,Referral,2026-07-31,Standard,Monthly,2026-08-22,Service Quality,15.22,755.0,58,1,Pooja,India,Uttar Pradesh,Female,1993-07-18,2024-07-14,N,66.0,1.0
0798-HOIME,2023-07-03,Organic,2023-08-02,Premium,Monthly,2023-09-13,Poor Streaming Quality,19.83,1599.0,46,1,Amit,India,West Bengal,Male,1975-10-15,2026-03-01,N,11.0,5.0
7313-IBTXA,2021-12-18,Refferal,2022-12-18,Basic,Annual,2025-05-28,Poor Streaming Quality,5.37,657.0,60,1,Vivaan,India,Telangana,Female,1973-11-30,,,,
4379-VSWKJ,2021-07-07,,2021-08-06,Basic,Monthly,,,5.65,405.0,22,0,Ishita,Nepal,Kathmandu,Female,2000-03-21,2026-02-18,N,59.0,5.0
7098-DGPRD,2023-02-01,Organic,2023-03-03,Basic,Monthly,2023-03-23,Poor Support,5.58,97.0,10,1,Ishita,India,Kerala,Male,1989-02-04,2025-07-31,N,64.0,2.0
5094-JNYBZ,2024-09-02,Organic,2024-10-02,,Monthly,,,,621.0,23,0,Aarav,India,Rajasthan,Female,1972-08-30,2026-02-23,N,100.0,2.0
4508-ULIUR,2023-04-05,Organic,2023-05-05,Basic,Monthly,,,8.3,165.0,78,0,Neha,India,Telangana,Female,1982-08-11,2023-09-07,N,28.0,2.0
1460-STKYQ,2022-07-20,Organic,2023-07-20,Premium,Annual,2026-03-04,Too Expensive,22.96,1353.0,3,1,Priya,India,Gujarat,Female,2002-06-08,2026-03-08,N,21.0,2.0
3351-ARFTN,2023-02-14,Referral,2024-02-14,Basic,Annual,,,8.48,335.0,65,0,Sneha,India,Karnataka,Male,2005-04-19,2023-12-22,N,78.0,1.0
4679-ESEKV,2026-04-04,Paid,2027-04-04,Premium,Annual,2026-07-18,Poor Support,20.73,1757.0,16,1,Vivaan,India,Nagaland,Male,1980-11-13,2024-01-29,Y,99.0,1.0
9204-ZYOFV,2024-05-15,Organic,2025-05-15,Standard,Annual,,,14.4,884.0,99,0,Aarav,India,Maharashtra,Female,1999-12-27,2023-02-13,N,17.0,1.0
8020-ZQDNL,2025-07-15,Paid,2026-07-15,Basic,Annual,,,10.77,847.0,36,0,Ananya,India,Meghalaya,Male,1994-11-18,2023-12-12,N,38.0,2.0
8432-KICVT,2023-07-06,Referral,2023-08-05,Premium,Monthly,,,22.38,1347.0,13,0,Arjun,India,Rajasthan,Male,1994-12-08,,,,
0435-LMMXD,2021-06-26,Organic,2022-06-26,Basic,Annual,,,7.9,840.0,78,0,Rohan,India,Tamil Nadu,Male,2010-10-17,2023-02-02,N,77.0,1.0
3079-EGXYB,2022-06-10,Organic,2022-07-10,Standard,Monthly,,,9.66,333.0,21,0,Ananya,India,West Bengal,Female,1970-12-31,2024-01-06,N,70.0,1.0
6329-GFHFM,2022-11-21,Refferal,2022-12-21,Standard,Monthly,,,16.9,938.0,90,0,Sanjay,India,Meghalaya,Female,1990-12-18,2026-07-02,N,41.0,1.0
9955-PSMAC,2021-08-28,Referral,2021-09-27,Premium,Monthly,2025-08-22,Service Quality,25.04,1035.0,97,1,Sanjay,India,Tamil Nadu,Female,2002-12-31,2025-01-31,N,66.0,2.0
2706-GVVWQ,2021-05-20,Paid,2022-05-20,Premium,Annual,,,26.18,1631.0,5,0,Pooja,Nepal,Kathmandu,Female,2004-06-01,2025-02-02,Y,18.0,1.0
5571-QKRUT,2024-03-31,Organic,2024-04-30,Standard,Monthly,,,14.18,1150.0,75,0,Rohan,India,Rajasthan,Female,1983-03-07,2026-03-26,N,39.0,2.0
6146-BSJTO,2023-05-07,Paid,2023-06-06,Premium,Monthly,,,21.61,1380.0,69,0,Amit,India,Haryana,Male,2000-10-13,2025-12-04,N,36.0,2.0
8813-IYVIM,2023-06-13,Organic,2024-06-12,Basic,Annual,,,8.31,308.0,13,0,Pooja,India,Telangana,Female,2006-03-30,2025-12-27,N,50.0,2.0
5324-TRWJN,2021-09-22,Referral,2021-10-22,Standard,Monthly,2025-01-09,Poor Support,15.53,1134.0,39,1,Sanjay,India,Haryana,Male,1988-08-03,2024-09-04,Y,71.0,2.0
4321-XHPDW,2023-07-21,Referral,2023-08-20,Standard,Monthly,2025-12-18,Not Enough Content,16.28,930.0,85,1,Neha,India,Rajasthan,Male,1998-06-24,2025-10-31,N,56.0,1.0
3856-IPMWN,2021-12-25,Organic,2022-12-25,Standard,Annual,,,16.97,990.0,77,0,Arjun,India,Karnataka,Female,1999-08-21,2026-01-08,N,63.0,1.0
5181-CAKZX,2023-07-29,Organic,2023-08-28,Basic,Monthly,,,8.54,666.0,9,0,Ishita,Nepal,Kathmandu,Female,1974-11-09,2024-12-21,N,14.0,2.0
6298-QKEAI,2022-02-17,Organic,2023-02-17,Standard,Annual,2026-08-29,Switched To Competitor,14.18,1042.0,97,1,Amit,Nepal,Kathmandu,Female,1977-06-08,2024-05-06,N,99.0,2.0
3180-EGAPY,2025-08-28,Paid,2026-08-28,Basic,Annual,,,10.11,391.0,74,0,Neha,India,Karnataka,Male,1991-03-25,2023-03-02,N,33.0,1.0
6914-LKHDP,2024-04-05,Paid,2025-04-05,Premium,,2025-02-28,Too Expensive,22.1,1980.0,27,1,Nisha,India,Rajasthan,Male,1978-11-20,2026-04-03,N,51.0,1.0
5675-AKHES,2023-05-23,Organic,2023-06-22,Standard,Monthly,,,11.73,1116.0,66,0,Riya,India,Meghalaya,Male,1971-06-12,2025-11-24,N,72.0,2.0
5269-QSZUQ,2026-03-01,Organic,2026-03-31,Standard,Monthly,2026-04-29,Poor Streaming Quality,12.22,798.0,90,1,Arjun,India,Kerala,Male,1970-09-22,,,,
8792-MZTQX,2025-08-16,Paid,2025-09-15,Basic,Monthly,,,6.11,476.0,21,0,Vivaan,India,Meghalaya,Female,1971-12-30,2026-04-10,Y,37.0,2.0
5161-SHZQU,2022-08-13,Referral,2023-08-13,Basic,Annual,,,7.52,20.0,27,0,Riya,India,Nagaland,Female,1979-03-20,2025-05-09,N,20.0,1.0
4619-WBCNT,2021-05-20,Organic,2021-06-19,Premium,Monthly,,,24.56,1547.0,46,0,Karan,India,Maharashtra,Male,1988-02-07,2025-12-19,N,28.0,2.0
8095-LQOYR,2023-08-15,Organic,2023-09-14,Standard,Monthly,,,,609.0,20,0,Ishita,India,Gujarat,Female,1995-11-10,2025-04-03,N,89.0,4.0
4182-ZCZEH,2022-05-23,Refferal,2022-06-22,Standard,Monthly,,,16.38,908.0,6,0,Vivaan,India,Delhi,Male,1971-02-05,2026-05-13,N,95.0,4.0
8218-TZTQJ,2026-01-28,Organic,2027-01-28,Standard,Annual,,,14.15,779.0,65,0,Sneha,India,Tamil Nadu,Female,2003-09-01,2024-06-21,N,6.0,1.0
0071-DHBNU,2024-08-27,Organic,2024-09-26,Basic,Monthly,,,8.36,170.0,22,0,Karan,India,Delhi,Male,1985-11-05,2025-09-23,N,20.0,2.0
9632-MWZWM,2024-03-07,Paid,2025-03-07,Premium,Annual,,,24.76,1617.0,10,0,Arjun,India,Kerala,Female,1988-09-09,2026-02-05,N,92.0,3.0
3268-ZGKBU,2025-12-10,Referral,2026-01-09,Premium,Monthly,,,20.54,1572.0,50,0,Karan,India,Gujarat,Male,1999-02-26,2024-04-03,Y,78.0,2.0
6506-CFOOU,2021-08-17,Paid,2021-09-16,Basic,Monthly,,,4.99,152.0,76,0,Priya,India,Uttar Pradesh,Male,1976-12-30,2026-01-18,N,60.0,2.0
2678-YLVGA,2021-04-10,Organic,2022-04-10,Premium,Annual,,,21.9,1496.0,97,0,Sanjay,Nepal,Kathmandu,Male,1994-06-07,2026-06-17,Y,22.0,3.0
0573-JYBJC,2024-02-12,Paid,2025-02-11,Basic,Annual,,,4.99,634.0,40,0,Rahul,India,Telangana,Female,1978-08-18,2025-12-30,N,37.0,2.0
9316-RTSRU,2022-09-22,Paid,2022-10-22,Basic,Monthly,2025-09-09,Poor Support,8.36,20.0,59,1,Karan,India,Rajasthan,Male,1985-07-18,2026-01-27,Y,16.0,1.0
0105-WTTKU,2023-09-23,Referral,2023-10-23,Basic,Monthly,,,10.12,29.0,38,0,Priya,India,West Bengal,Male,1984-10-19,2026-05-31,N,63.0,1.0
3832-BXGCQ,2024-10-16,Refferal,2025-10-16,Standard,Annual,,,10.22,498.0,97,0,Arjun,India,Haryana,Female,1997-01-26,2025-12-02,N,54.0,2.0
2354-WLAYN,2021-07-12,Organic,2021-08-11,Premium,Monthly,2025-11-26,Poor Streaming Quality,20.14,1507.0,25,1,Karan,India,Karnataka,Male,1976-04-16,2023-06-05,Y,56.0,2.0
2647-RNATK,2024-07-30,Referral,2024-08-29,,,,,6.25,459.0,69,0,Ishita,India,Gujarat,Male,1972-05-20,2026-03-24,N,9.0,2.0
7004-XPRGG,2024-05-17,Referral,2025-05-17,,Annual,,,24.52,1722.0,71,0,Pooja,India,Meghalaya,Male,1976-10-28,,,,
4163-WNJUW,2021-01-05,Referral,2021-02-04,Premium,Monthly,,,23.19,1476.0,45,0,Meera,India,Rajasthan,Male,1996-12-19,2024-01-01,Y,47.0,2.0
9026-HSPLK,2026-07-09,Paid,2027-07-09,Standard,Annual,2026-07-26,Poor Streaming Quality,15.99,417.0,59,1,Ananya,India,Delhi,Male,2004-01-09,2024-01-20,N,5.0,1.0
1166-HOXWE,2023-09-26,Organic,2023-10-26,Basic,Monthly,,,7.84,514.0,1,0,Karan,India,Haryana,Female,1979-10-03,2023-05-02,N,93.0,1.0
6800-CRILS,2022-01-07,Paid,2023-01-07,Basic,Annual,,,7.13,170.0,21,0,Neha,India,Rajasthan,Female,1979-04-04,,,,
4262-UNZQH,2023-12-23,Paid,2024-12-22,Basic,Annual,,,7.93,83.0,43,0,Kavya,India,Tamil Nadu,Female,1971-08-11,,,,
7757-KNDDO,2021-10-02,Paid,2022-10-02,Standard,Annual,,,16.91,844.0,76,0,Pooja,India,Maharashtra,Female,1970-06-08,2025-03-03,N,96.0,1.0
1886-ZWSTP,2023-05-04,Organic,2024-05-03,Premium,Annual,,,18.97,1485.0,9,0,Ishita,India,Uttar Pradesh,Female,1996-12-02,2025-07-18,N,75.0,2.0
0625-KMXFM,2023-10-04,Organic,2024-10-03,Basic,Annual,2024-11-28,Poor Support,4.99,186.0,56,1,Vikram,India,Karnataka,Female,1979-04-06,,,,
3456-DCJCB,2026-03-17,Organic,2026-04-16,Standard,Monthly,2026-07-10,Service Quality,11.68,794.0,97,1,Sanjay,India,West Bengal,Female,1994-08-10,2026-07-10,Y,86.0,2.0
3523-FOAHL,2023-05-15,Organic,2023-06-14,Basic,Monthly,,,6.43,385.0,77,0,Neha,India,Telangana,Male,1983-02-05,2026-03-20,N,79.0,3.0
9631-QWILK,2022-04-25,Organic,2022-05-25,Basic,Monthly,2024-08-04,Poor Support,8.53,20.0,84,1,Rahul,India,Haryana,Male,2006-07-22,2025-03-15,N,9.0,2.0
8875-YZTNO,2022-02-17,Organic,2023-02-17,Standard,Annual,2025-09-20,Switched To Competitor,15.34,612.0,73,1,Kavya,India,Rajasthan,Male,1993-03-04,2024-07-19,Y,18.0,2.0
9804-HJXKG,2026-03-27,Organic,2026-04-26,Basic,Monthly,2026-08-19,Too Expensive,7.88,418.0,26,1,Amit,India,Telangana,Female,1978-05-29,2024-06-11,N,6.0,2.0
5614-IXXHN,2025-12-06,Organic,2026-01-05,Basic,Monthly,2026-02-08,Poor Support,7.38,297.0,13,1,Sneha,India,Karnataka,Female,1973-12-06,,,,
9839-TFPQQ,2024-08-22,Paid,2024-09-21,Standard,Monthly,2024-12-20,Too Expensive,16.45,628.0,54,1,Kavya,India,Nagaland,Male,2002-08-13,2024-11-12,N,11.0,1.0
0273-HWGHI,2022-07-21,Paid,2023-07-21,Standard,Annual,,,17.2,715.0,59,0,Aditya,Nepal,Kathmandu,Male,1990-07-05,2026-07-18,N,61.0,3.0
1793-EJWAH,2025-12-04,Organic,2026-01-03,Standard,Monthly,,,13.96,880.0,16,0,Meera,India,Karnataka,Female,1981-09-08,2025-04-13,Y,37.0,3.0
0628-OGUPU,2025-06-10,Referral,2025-07-10,Standard,Monthly,2026-03-16,Poor Support,17.51,749.0,91,1,Ishita,India,West Bengal,Female,2007-02-03,2025-07-02,N,37.0,1.0
6357-LWMYZ,2022-05-15,Paid,2023-05-15,Standard,Annual,,,15.51,1153.0,25,0,Sneha,Nepal,Kathmandu,Female,1982-09-05,2023-04-12,N,35.0,1.0
5899-RGVRX,2023-04-25,Organic,2023-05-25,Standard,Monthly,,,14.61,727.0,45,0,Neha,India,Maharashtra,Male,1995-12-12,2025-05-24,N,74.0,3.0
2687-UMEEO,2024-06-03,Paid,2025-06-03,Standard,Annual,,,14.37,504.0,65,0,Rohan,India,Rajasthan,Female,2003-06-11,2026-02-05,Y,71.0,1.0
3210-CLQIY,2026-05-30,Organic,2026-06-29,Standard,Monthly,,,14.11,994.0,9,0,Aditya,India,Delhi,Female,2000-07-30,2026-07-13,Y,11.0,4.0
7799-NYLDA,2026-06-24,Paid,2027-06-24,Basic,Annual,,,8.1,637.0,69,0,Aditya,India,Nagaland,Male,1988-11-16,2025-08-09,Y,12.0,2.0
9380-YTCHB,2022-07-17,Organic,2022-08-16,Standard,Monthly,,,18.7,982.0,99,0,Sneha,India,West Bengal,Male,1970-08-21,2025-12-11,N,74.0,2.0
0535-GOBZL,2024-05-05,Paid,2024-06-04,Basic,Monthly,,,9.82,126.0,70,0,Sneha,India,Tamil Nadu,Female,1977-05-18,2024-11-22,N,11.0,1.0
2655-NUIBB,2024-08-30,Organic,2024-09-29,Standard,Monthly,2025-04-30,Poor Support,14.4,598.0,90,1,Pooja,India,Punjab,Female,2010-06-06,2026-05-25,N,19.0,5.0
8522-CQJUB,2025-01-01,Organic,2025-01-31,Standard,Monthly,,,16.34,624.0,30,0,Kavya,India,Telangana,Male,1999-02-20,2026-03-20,N,59.0,1.0
8979-SLFZH,2024-04-20,Referral,2025-04-20,Premium,Annual,,,21.96,1232.0,88,0,Meera,Nepal,Kathmandu,Female,1981-07-17,2025-05-24,N,51.0,3.0
4916-KFKDA,2023-02-06,Organic,2024-02-06,Premium,Annual,,,23.33,1537.0,58,0,Priya,India,Haryana,Female,1994-12-14,2024-02-19,N,40.0,1.0
2916-CKWEA,2022-08-09,Paid,2023-08-09,Standard,Annual,,,14.16,682.0,96,0,Rahul,India,West Bengal,Male,1983-12-11,2024-09-30,N,8.0,4.0
1132-NHMAI,2023-12-27,Organic,2024-12-26,Basic,Annual,,,6.22,267.0,2,0,Sanjay,India,West Bengal,Male,1985-03-05,,,,
4115-LOUMV,2022-09-14,Referral,2022-10-14,Premium,Monthly,,,26.69,1562.0,58,0,Meera,India,Maharashtra,Male,1982-09-15,2024-08-31,N,7.0,1.0
5308-GFIPG,2025-06-13,Paid,2026-06-13,Basic,Annual,,,6.17,261.0,20,0,Rahul,India,Maharashtra,Male,1999-08-07,2025-05-22,N,33.0,4.0
9142-MWRIF,2024-07-31,Refferal,2025-07-31,Standard,Annual,2026-01-23,Too Expensive,13.83,1139.0,100,1,Riya,India,Gujarat,Male,1982-06-23,2024-07-16,N,60.0,1.0
7444-IGYMB,2023-05-30,Paid,2023-06-29,Premium,Monthly,,,25.29,1505.0,83,0,Vivaan,India,Meghalaya,Female,1977-06-09,,,,
4959-LWSED,2025-04-23,Paid,2025-05-23,Standard,Monthly,2026-03-30,Service Quality,16.63,876.0,65,1,Pooja,India,Maharashtra,Female,1971-10-21,2026-03-17,Y,89.0,3.0
6044-BIDAX,2023-02-22,Organic,2024-02-22,Standard,Annual,,,13.57,1072.0,55,0,Priya,India,Haryana,Male,1996-01-31,2024-09-21,Y,64.0,2.0
0919-AYEVA,2023-10-22,Referral,2024-10-21,Basic,Annual,,,8.58,591.0,94,0,Vivaan,India,Gujarat,Male,1976-12-23,,,,
1555-CSQMG,2026-03-26,Paid,2026-04-25,Basic,Monthly,,,8.71,629.0,15,0,Arjun,India,Uttar Pradesh,Female,1978-10-24,2025-05-11,N,92.0,1.0
0910-OFPRW,2021-06-19,Organic,2022-06-19,Premium,Annual,,,23.18,,47,0,Ishita,India,Kerala,Female,2006-02-10,2023-06-16,Y,78.0,1.0
4951-AHWNQ,2022-11-28,Referral,2022-12-28,Basic,Monthly,2024-09-26,Poor Streaming Quality,9.14,78.0,35,1,Priya,India,Punjab,Female,1999-10-25,2024-10-06,N,49.0,1.0
4590-EXUZW,2021-11-07,Organic,2021-12-07,Standard,Monthly,,,10.89,983.0,18,0,Ishita,India,Rajasthan,Female,2006-10-27,2023-03-31,N,86.0,1.0
2928-GGXOL,2023-01-22,Referral,2024-01-22,Standard,Annual,,,13.4,607.0,69,0,Meera,India,Haryana,Female,1970-08-13,2026-07-05,Y,44.0,5.0
9682-PXZCJ,2025-10-15,Organic,2026-10-15,Standard,Annual,,,14.36,611.0,91,0,Ishita,India,Karnataka,Female,1983-08-23,,,,
7347-VDIOU,2026-06-07,Paid,2027-06-07,Basic,Annual,,,8.09,583.0,81,0,Rohan,India,Haryana,Male,2009-07-07,2026-05-17,N,64.0,3.0
1150-PHFNK,2025-03-22,Organic,2025-04-21,Basic,Monthly,2026-02-06,Too Expensive,7.83,514.0,58,1,Karan,India,Meghalaya,Female,1998-05-08,2023-08-10,N,43.0,1.0
6365-IVCWA,2024-09-23,Paid,2025-09-23,Standard,Annual,2024-10-04,Poor Streaming Quality,11.66,923.0,68,1,Rahul,India,West Bengal,Female,1970-07-27,2024-06-23,N,52.0,2.0
7364-JJASE,2023-02-06,Paid,2023-03-08,Standard,Monthly,,,13.38,757.0,29,0,Rahul,India,Tamil Nadu,Female,2006-04-16,2025-05-29,N,95.0,1.0
6599-SVSHT,2023-04-01,Organic,2023-05-01,Premium,Monthly,2025-07-04,Forgot To Cancel Trial,22.63,2277.0,43,1,Ananya,India,Meghalaya,Male,1993-07-03,2024-04-27,Y,16.0,1.0
8262-IDXDP,2026-08-07,Organic,2027-08-07,Standard,Annual,,,16.47,935.0,87,0,Neha,India,Delhi,Female,1979-01-24,2024-12-27,N,74.0,4.0
2380-DUDRS,2024-07-27,Organic,2024-08-26,Standard,Monthly,,,11.11,906.0,55,0,Sneha,Nepal,Kathmandu,Male,1982-10-14,2025-08-21,N,59.0,2.0
0624-EUNDZ,2026-01-14,Organic,2027-01-14,Basic,Annual,2026-02-13,Switched To Competitor,6.12,,100,1,Rohan,India,Nagaland,Female,1992-11-16,2026-03-21,N,94.0,2.0
2667-AYAOZ,2024-09-03,Organic,2025-09-03,Standard,Annual,,,13.87,724.0,32,0,Vivaan,India,Rajasthan,Male,1991-03-03,2025-03-10,N,84.0,2.0
5787-PKDOX,2023-07-19,Organic,2023-08-18,Standard,Monthly,,,14.8,733.0,99,0,Vikram,India,Karnataka,Female,1996-12-07,2024-11-15,N,22.0,2.0
0932-WKNEQ,2022-01-23,Paid,2022-02-22,Premium,Monthly,,,27.39,1396.0,11,0,Kavya,India,Gujarat,Female,1976-09-03,2025-12-21,N,65.0,1.0
1842-HSBLP,2023-09-10,Organic,2023-10-10,Standard,Monthly,,,11.76,717.0,11,0,Ishita,India,Delhi,Male,1976-02-28,2024-04-18,N,16.0,1.0
1340-HIRZV,2025-06-27,Referral,2025-07-27,,Monthly,,,12.74,741.0,85,0,Meera,India,Tamil Nadu,Male,1971-06-28,2025-10-11,N,61.0,1.0
1916-ABPEG,2024-09-01,Organic,2025-09-01,Premium,Annual,2025-03-30,Forgot To Cancel Trial,21.37,1729.0,3,1,Pooja,Nepal,Kathmandu,Female,2010-01-15,2024-10-17,N,96.0,1.0
8476-WVGQP,2023-01-25,Organic,2024-01-25,Basic,Annual,2025-08-18,Poor Streaming Quality,6.11,278.0,34,1,Arjun,India,Kerala,Male,1996-10-07,2025-06-12,N,94.0,2.0
1871-ONKTR,2022-04-30,Organic,2023-04-30,Basic,Annual,,,6.09,592.0,69,0,Karan,India,Telangana,Male,2005-05-06,2024-07-15,N,84.0,2.0
5337-STOGT,2023-08-05,Organic,2024-08-04,Standard,Annual,,,12.44,816.0,15,0,Aarav,India,Kerala,Male,1983-05-24,,,,
7182-ZDKYN,2026-07-06,Paid,2026-08-05,Premium,Monthly,,,24.59,1571.0,81,0,Karan,India,West Bengal,Female,2008-09-20,2025-01-29,N,95.0,1.0
9426-AAUJN,2023-03-28,Organic,2023-04-27,Standard,Monthly,,,15.73,1173.0,46,0,Aarav,India,Maharashtra,Male,1973-01-13,2026-03-07,N,88.0,2.0
4293-KYCUX,2025-02-17,Referral,2025-03-19,Standard,Monthly,,,14.53,503.0,53,0,Aditya,India,Rajasthan,Male,1976-09-18,2024-05-07,Y,10.0,2.0
6581-KERMD,2022-04-17,Paid,2023-04-17,Standard,Annual,,,14.7,640.0,43,0,Kavya,India,Gujarat,Male,1975-02-01,2023-05-19,Y,42.0,1.0
3611-ZGERF,2023-04-10,Organic,2023-05-10,Basic,Monthly,,,7.29,237.0,81,0,Ananya,India,Telangana,Female,1989-11-11,2025-07-30,N,29.0,2.0
9200-WZXGF,2025-06-01,Organic,2025-07-01,Premium,Monthly,,,23.23,1133.0,42,0,Sanjay,India,Meghalaya,Male,2000-03-16,2026-07-15,Y,91.0,2.0
3441-MWTQW,2024-12-15,Paid,2025-01-14,Basic,Monthly,,,6.13,589.0,59,0,Vikram,India,Punjab,Male,1970-04-28,2025-01-08,N,31.0,2.0
6466-JKNCT,2025-02-13,Organic,2025-03-15,Premium,Monthly,,,19.06,1653.0,11,0,Vivaan,India,Gujarat,Male,1991-04-19,2026-05-28,Y,71.0,4.0
6535-TNUYO,2022-11-12,Paid,2023-11-12,Standard,Annual,,,14.71,649.0,25,0,Kavya,Nepal,Kathmandu,Female,1987-02-16,2024-08-30,N,49.0,2.0
4456-CUXSW,2024-08-23,Refferal,2025-08-23,Basic,Annual,,,7.34,494.0,52,0,Vivaan,India,Meghalaya,Male,1971-10-24,2025-07-10,N,69.0,2.0
8614-UNCAF,2023-05-26,Organic,2023-06-25,Standard,Monthly,2024-02-05,Forgot To Cancel Trial,17.3,883.0,19,1,Pooja,India,Meghalaya,Male,1990-01-11,2024-08-08,Y,20.0,2.0
4323-TLAFZ,2026-04-28,Organic,2027-04-28,Basic,Annual,,,7.45,306.0,1,0,Priya,India,Delhi,Male,1976-01-06,2025-12-21,N,83.0,2.0
9879-JUSYX,2024-09-22,Paid,2024-10-22,Standard,Monthly,2026-02-09,Poor Support,17.1,290.0,34,1,Rahul,India,Maharashtra,Male,1974-06-05,2025-01-29,N,44.0,2.0
6295-KQIJP,2024-02-24,Organic,2024-03-25,Basic,Monthly,2026-08-15,Poor Streaming Quality,9.42,20.0,57,1,Sanjay,India,Punjab,Female,2006-08-31,2025-09-14,N,81.0,2.0
5723-PKKAP,2022-07-03,Paid,2022-08-02,Basic,Monthly,2023-04-03,Poor Streaming Quality,5.75,20.0,24,1,Amit,India,Kerala,Male,2006-06-11,2025-01-02,N,29.0,2.0
5767-YNMBF,2022-10-23,Paid,2023-10-23,Standard,Annual,2023-04-05,Service Quality,15.83,899.0,31,1,Neha,Nepal,Kathmandu,Male,1973-08-26,2023-03-02,N,29.0,1.0
3395-JJKTD,2023-09-28,Paid,2024-09-27,Standard,Annual,,,13.51,915.0,35,0,Ananya,India,Uttar Pradesh,Male,2005-11-08,2023-11-24,N,74.0,2.0
3338-EIRBI,2025-12-29,Paid,2026-12-29,Standard,Annual,,,14.05,415.0,54,0,Sanjay,India,Rajasthan,Female,1971-11-01,,,,
0260-YSGFC,2022-03-11,Organic,2023-03-11,Basic,Annual,2022-05-14,Too Expensive,7.64,464.0,81,1,Sneha,India,Rajasthan,Female,1979-12-26,2024-01-10,N,8.0,2.0
4740-TPWIH,2023-05-23,Paid,2023-06-22,Premium,Monthly,2026-01-07,Not Enough Content,24.14,1586.0,52,1,Meera,India,West Bengal,Male,1982-07-09,2025-02-20,N,100.0,2.0
4792-FZEMN,2023-06-03,Referral,2024-06-02,Standard,Annual,2026-02-24,Too Expensive,14.46,854.0,52,1,Vivaan,India,Rajasthan,Female,1974-01-26,2025-11-26,N,99.0,5.0
0593-MLGDB,2026-07-05,Paid,2027-07-05,Basic,Annual,,,8.64,484.0,92,0,Priya,India,Tamil Nadu,Female,1996-10-01,2026-04-24,N,81.0,5.0
0109-MCYGQ,2021-04-22,Paid,2021-05-22,Standard,Monthly,2022-08-03,Poor Support,14.29,589.0,21,1,Karan,India,West Bengal,Female,1998-10-25,2026-02-04,Y,26.0,2.0
6742-MWCGG,2024-08-17,Paid,2024-09-16,Standard,Monthly,2024-09-20,Poor Streaming Quality,13.43,916.0,54,1,Rahul,India,Haryana,Male,1980-08-07,2026-02-14,N,76.0,4.0
1374-HITHW,2025-08-18,Paid,2025-09-17,Standard,Monthly,,,12.99,413.0,25,0,Ananya,India,Kerala,Female,1970-02-11,2026-02-08,N,36.0,2.0
7731-XCZPZ,2024-10-15,Organic,2024-11-14,Standard,Monthly,2024-10-21,Poor Support,14.24,792.0,28,1,Aarav,India,Maharashtra,Male,1998-06-25,2024-07-03,N,53.0,1.0
3563-YPBKD,2022-06-16,Paid,2022-07-16,Basic,Monthly,,,9.23,885.0,75,0,Nisha,Nepal,Kathmandu,Female,2002-12-22,2026-03-20,N,12.0,2.0
9413-HFOLC,2023-07-27,Paid,2023-08-26,Premium,Monthly,,,21.25,1370.0,96,0,Rohan,India,Tamil Nadu,Female,2000-05-16,,,,
8168-VTQKO,2021-09-19,Organic,2021-10-19,Basic,Monthly,,,8.55,518.0,55,0,Pooja,Nepal,Kathmandu,Female,1972-08-07,2026-02-20,N,9.0,2.0
5220-ECGLE,2021-04-24,Organic,2022-04-24,Standard,Annual,,,17.51,592.0,35,0,Sneha,Nepal,Kathmandu,Female,1983-09-30,2026-05-23,N,39.0,2.0
1088-WJPNT,2021-04-21,Organic,2022-04-21,,Annual,,,,616.0,83,0,Amit,India,West Bengal,Male,2003-09-17,2026-03-24,N,66.0,1.0
7403-HWJVK,2026-01-05,Paid,2027-01-05,Basic,Annual,,,7.74,122.0,87,0,Kavya,India,Haryana,Male,1982-04-20,2025-11-21,N,20.0,2.0
1131-TAUBF,2026-06-07,Organic,2027-06-07,Basic,Annual,,,6.62,525.0,18,0,Nisha,India,Nagaland,Male,1982-11-18,2025-04-11,N,48.0,2.0
6042-YKDGX,2025-09-11,Refferal,2025-10-11,Premium,Monthly,2026-06-22,Switched To Competitor,23.18,1149.0,68,1,Aditya,India,Kerala,Female,1971-07-17,2025-10-27,N,83.0,1.0
7273-CKGEW,2026-02-10,Organic,2027-02-10,Basic,Annual,2026-08-11,Too Expensive,7.39,928.0,99,1,Arjun,India,Tamil Nadu,Female,2007-05-19,2025-09-18,Y,38.0,2.0
6185-EQKBL,2024-07-29,Paid,2025-07-29,Premium,Annual,,,23.81,1134.0,78,0,Kavya,India,Karnataka,Male,2006-06-24,2024-11-25,N,42.0,1.0
1871-GWSDW,2021-07-30,Organic,2021-08-29,Premium,Monthly,,,20.8,1504.0,18,0,Aarav,India,Uttar Pradesh,Male,2004-05-13,2024-05-18,N,56.0,1.0
5752-WTINN,2025-12-20,Paid,2026-12-20,Standard,Annual,,,13.81,549.0,52,0,Riya,India,Kerala,Female,1982-05-10,2024-01-30,N,6.0,2.0
7205-GIGHE,2022-06-22,Refferal,2022-07-22,Standard,Monthly,,,8.69,809.0,71,0,Riya,India,Telangana,Female,2002-06-18,2026-05-18,Y,9.0,2.0
0388-YBXAU,2021-11-30,Referral,2022-11-30,Standard,Annual,2023-02-21,Service Quality,14.19,924.0,31,1,Ishita,India,Kerala,Male,1994-10-17,2025-08-31,N,17.0,2.0
3299-NHMLN,2023-07-16,Organic,2023-08-15,Standard,Monthly,2025-10-26,Forgot To Cancel Trial,13.91,543.0,8,1,Nisha,India,Delhi,Male,2000-07-24,2025-09-27,Y,29.0,2.0
3946-NVLJD,2023-12-02,Refferal,2024-01-01,Premium,Monthly,,,25.79,1785.0,42,0,Amit,India,West Bengal,Female,1997-07-27,2025-11-03,N,72.0,5.0
3612-DEYCM,2024-02-10,Paid,2025-02-09,Standard,Annual,,,14.1,1053.0,98,0,Arjun,India,West Bengal,Male,1978-03-12,2026-02-18,Y,55.0,2.0
8346-YDEJO,2023-12-18,Referral,2024-12-17,Standard,Annual,,,12.34,,44,0,Vivaan,India,Meghalaya,Male,1990-06-30,2025-07-20,N,9.0,1.0
9598-FEGWA,2023-07-10,Paid,2023-08-09,Basic,Monthly,2025-10-15,Switched To Competitor,4.99,46.0,99,1,Karan,India,Uttar Pradesh,Male,2004-09-28,2025-06-16,Y,8.0,2.0
3815-DEXAI,2024-06-10,Paid,2024-07-10,Standard,Monthly,,,14.63,1412.0,66,0,Vikram,Nepal,Kathmandu,Female,2000-05-15,2026-03-05,N,62.0,2.0
9155-PBMZK,2023-01-08,Paid,2024-01-08,Premium,Annual,,,24.38,1540.0,51,0,Pooja,India,Kerala,Female,1980-01-23,2026-07-17,Y,31.0,1.0
5297-NREVZ,2024-07-08,Organic,2024-08-07,Standard,Monthly,2026-04-11,Switched To Competitor,12.1,188.0,57,1,Karan,India,Rajasthan,Female,2005-09-10,2025-07-21,N,7.0,2.0
1445-VVTJM,2024-06-27,Paid,2025-06-27,Premium,Annual,,,19.74,1827.0,76,0,Karan,India,Nagaland,Male,1998-11-18,2025-04-22,Y,16.0,1.0
8395-DVXRI,2023-09-27,Paid,2023-10-27,Standard,Monthly,2025-01-17,Not Enough Content,13.96,747.0,87,1,Vivaan,India,West Bengal,Female,1993-07-05,2025-05-30,Y,43.0,2.0
5601-BYIBU,2023-09-29,Paid,2024-09-28,Standard,Annual,,,15.46,1084.0,85,0,Arjun,India,Rajasthan,Female,1984-03-23,2026-01-12,N,21.0,2.0
6583-QBTQU,2023-06-29,Paid,2023-07-29,Premium,Monthly,,,22.46,1269.0,54,0,Nisha,India,Punjab,Male,2003-02-26,2025-09-01,N,55.0,1.0
8276-FFYNL,2024-05-18,Paid,2025-05-18,Basic,,,,4.99,580.0,13,0,Meera,India,Rajasthan,Male,1978-12-15,2024-07-29,Y,37.0,1.0
2888-QTAOZ,2022-11-16,Paid,2022-12-16,Premium,Monthly,,,22.74,1458.0,8,0,Vivaan,Nepal,Kathmandu,Male,1985-03-26,2026-06-22,Y,52.0,5.0
2823-HWBKL,2025-06-03,Organic,2025-07-03,Standard,Monthly,,,12.02,704.0,68,0,Sneha,India,Gujarat,Male,1992-10-26,2023-06-26,N,85.0,1.0
7982-DLDUQ,2025-10-25,Refferal,2026-10-25,Basic,Annual,,,7.28,169.0,69,0,Ananya,India,Telangana,Male,1994-10-24,2025-03-25,Y,18.0,1.0
4978-KDXQI,2026-02-03,Organic,2027-02-03,Basic,Annual,,,7.94,736.0,66,0,Sanjay,Nepal,Kathmandu,Male,2001-09-15,2025-09-06,N,21.0,4.0
4153-SSLHR,2024-10-24,Paid,2024-11-23,Standard,Monthly,,,13.77,671.0,34,0,Aarav,India,Maharashtra,Female,1986-01-30,2024-12-26,Y,82.0,2.0
6589-PBMPY,2025-12-08,Paid,2026-12-08,Standard,Annual,2025-12-20,Switched To Competitor,10.07,1099.0,87,1,Meera,India,West Bengal,Male,1984-10-04,,,,
5266-IOECR,2022-10-07,Paid,2023-10-07,Premium,Annual,2023-06-14,Switched To Competitor,22.98,1723.0,46,1,Priya,India,Nagaland,Female,1993-01-02,2024-03-03,N,46.0,1.0
9861-VPBZL,2022-04-06,Organic,2022-05-06,Basic,Monthly,,,7.36,573.0,70,0,Vikram,India,Tamil Nadu,Female,1989-12-06,2023-12-19,N,41.0,1.0
2913-XTTHZ,2026-04-14,Referral,2026-05-14,Premium,Monthly,2026-05-03,Poor Support,23.14,1723.0,93,1,Kavya,Nepal,Kathmandu,Male,2003-10-24,2025-07-22,N,99.0,1.0
4541-NTREH,2026-01-17,Referral,2026-02-16,Basic,Monthly,2026-04-03,Service Quality,7.0,497.0,25,1,Meera,India,Telangana,Female,1973-03-02,2025-11-25,N,75.0,2.0
3626-YSJTT,2024-12-20,Paid,2025-01-19,Basic,Monthly,,,6.87,307.0,6,0,Nisha,India,Maharashtra,Male,1990-06-15,,,,
3956-KXODS,2022-11-16,Organic,2023-11-16,Standard,Annual,,,,389.0,6,0,Vikram,India,Uttar Pradesh,Female,1974-07-29,2024-05-16,Y,78.0,1.0
5904-NSXIK,2021-01-27,,2021-02-26,Premium,Monthly,,,20.28,1539.0,87,0,Neha,India,Tamil Nadu,Female,1993-03-23,,,,
1914-QKISK,2022-06-13,Refferal,2022-07-13,Standard,Monthly,,,10.78,926.0,77,0,Pooja,Nepal,Kathmandu,Male,1998-01-01,2026-05-29,Y,8.0,2.0
4656-LGDVC,2026-05-23,Organic,2027-05-23,Standard,Annual,,,13.03,443.0,91,0,Vikram,Nepal,Kathmandu,Female,2001-05-09,2023-05-12,N,26.0,1.0
3264-RDRTR,2025-08-28,Paid,2026-08-28,Standard,Annual,2025-09-19,Not Enough Content,12.25,664.0,44,1,Vikram,India,Gujarat,Female,1975-11-18,2025-02-05,N,86.0,1.0
3066-AXIUF,2023-05-13,Organic,2023-06-12,Standard,Monthly,2025-03-22,Poor Support,15.43,716.0,95,1,Neha,India,Uttar Pradesh,Female,1993-09-01,2023-05-10,N,43.0,1.0
1644-UYWTG,2022-05-12,Organic,2022-06-11,Basic,Monthly,,,7.2,411.0,78,0,Amit,India,Delhi,Male,1972-03-23,,,,
9133-REDWH,2026-06-09,Paid,2027-06-09,Basic,Annual,,,4.99,520.0,20,0,Sanjay,India,Uttar Pradesh,Female,2008-02-02,,,,
7663-DHHHR,2021-06-22,Organic,2021-07-22,Standard,Monthly,,,11.65,792.0,56,0,Rahul,India,Maharashtra,Female,1978-08-15,,,,
9145-XTFYO,2023-06-30,Organic,2024-06-29,Standard,Annual,2025-06-27,Not Enough Content,14.36,874.0,92,1,Kavya,India,Haryana,Female,1996-07-30,2024-12-10,N,92.0,2.0
5470-STYPP,2022-02-25,Paid,2023-02-25,Standard,Annual,,,14.32,650.0,22,0,Rohan,India,Delhi,Male,1975-05-04,2026-07-04,N,70.0,2.0
7460-GIQBI,2025-07-03,Referral,2026-07-03,Basic,Annual,,,7.57,548.0,60,0,Ishita,India,Haryana,Male,1989-05-13,2025-12-18,N,58.0,4.0
7186-ZNKLR,2025-11-18,Paid,2025-12-18,Basic,Monthly,2026-08-28,Service Quality,6.68,529.0,84,1,Neha,India,Haryana,Female,1977-01-16,2025-07-04,N,25.0,1.0
5455-AOKSW,2026-07-13,Referral,2026-08-12,Basic,Monthly,,,8.85,413.0,30,0,Rohan,India,Haryana,Male,1995-04-28,2024-02-13,N,23.0,2.0
9624-PJLEY,2022-04-11,Referral,2023-04-11,Premium,Annual,,,22.08,1507.0,47,0,Nisha,Nepal,Kathmandu,Male,1987-06-28,2026-02-18,Y,91.0,2.0
8475-WIIWO,2025-11-11,Organic,2025-12-11,Basic,Monthly,2026-08-02,Too Expensive,5.12,686.0,66,1,Priya,India,West Bengal,Male,1981-08-13,2025-04-21,N,32.0,2.0
7052-MLQVI,2024-10-04,Organic,2024-11-03,Basic,Monthly,,,11.05,442.0,7,0,Pooja,India,Nagaland,Male,1979-06-25,2025-08-28,Y,8.0,2.0
8095-GKXYY,2023-03-18,Referral,2024-03-17,Basic,Annual,,,6.6,368.0,51,0,Ishita,India,Maharashtra,Female,1982-06-27,2025-12-18,N,6.0,2.0
3176-VYZAT,2024-05-29,Organic,2025-05-29,Premium,Annual,,,22.15,1605.0,78,0,Pooja,India,Haryana,Male,1992-05-16,2023-08-02,N,24.0,1.0
9966-TGTCM,2021-12-01,Organic,2022-12-01,Premium,Annual,,,23.5,1638.0,16,0,Sneha,India,Nagaland,Female,1971-12-06,2023-05-08,N,46.0,1.0
6270-LSGPQ,2021-10-31,Refferal,2021-11-30,Standard,Monthly,2023-02-27,Poor Support,14.78,156.0,32,1,Neha,India,Meghalaya,Male,2002-06-13,2026-01-20,N,92.0,3.0
6346-HHGMP,2022-03-29,Paid,2022-04-28,Standard,Monthly,,,9.32,1005.0,98,0,Kavya,India,Kerala,Male,1991-08-25,2024-06-28,N,65.0,2.0
3640-KHFRV,2021-09-14,Paid,2021-10-14,Premium,Monthly,2025-06-27,Service Quality,23.93,1750.0,66,1,Priya,India,Punjab,Male,2009-12-20,2025-06-06,N,83.0,1.0
2923-WOEJA,2026-07-21,,2026-08-20,Standard,Monthly,,,14.04,1044.0,43,0,Pooja,India,Tamil Nadu,Male,1980-04-20,,,,
0414-ILUDV,2021-08-22,Refferal,2022-08-22,Standard,Annual,,,13.91,633.0,56,0,Meera,India,Meghalaya,Male,1989-03-21,2026-05-15,N,71.0,2.0
2363-DSUPD,2026-03-25,Paid,2027-03-25,Standard,Annual,,,14.18,710.0,50,0,Vikram,India,Maharashtra,Male,2001-07-07,2024-07-28,N,46.0,1.0
1174-KLZHF,2022-06-04,Paid,2023-06-04,Premium,Annual,,,21.55,1251.0,98,0,Vikram,India,Telangana,Male,1989-11-16,2026-03-14,N,7.0,1.0
9459-EAKKQ,2021-08-06,Paid,2021-09-05,Standard,Monthly,,,10.77,945.0,53,0,Nisha,India,Delhi,Female,2010-01-03,2024-03-20,N,65.0,1.0
8779-YHZQB,2023-07-22,Organic,2023-08-21,Standard,Monthly,,,11.81,682.0,100,0,Ananya,India,Kerala,Male,1980-09-26,2024-03-06,Y,24.0,2.0
9385-DPUGH,2024-05-16,Paid,2024-06-15,Premium,Monthly,,,25.96,1269.0,57,0,Sneha,India,Meghalaya,Male,2010-10-20,,,,
4773-XFRLC,2023-05-25,Referral,2023-06-24,Basic,,,,8.38,485.0,98,0,Kavya,India,Meghalaya,Male,2009-01-07,,,,
7114-VOEEL,2025-06-29,Paid,2026-06-29,,Annual,2026-08-10,Poor Support,12.67,955.0,40,1,Neha,India,Meghalaya,Female,1984-02-19,2024-02-19,N,26.0,2.0
5075-OGNHR,2022-04-12,Organic,2022-05-12,Standard,Monthly,,,17.41,911.0,86,0,Kavya,India,Delhi,Male,1985-01-10,2026-07-13,Y,85.0,5.0
7968-QAZAZ,2021-11-18,Paid,2021-12-18,Premium,Monthly,,,22.81,1211.0,80,0,Pooja,India,Kerala,Female,2001-10-31,2023-09-29,N,21.0,2.0
0340-NCCRS,2024-11-04,Paid,2025-11-04,Basic,Annual,,,9.87,305.0,57,0,Karan,India,Rajasthan,Female,1970-09-17,,,,
1203-ZIIHL,2026-04-11,Refferal,2026-05-11,Standard,Monthly,,,16.22,723.0,58,0,Rahul,India,Nagaland,Male,1976-09-07,2024-03-22,N,76.0,2.0
1797-LFBJR,2026-05-06,Referral,2026-06-05,Basic,Monthly,2026-08-15,Too Expensive,8.38,660.0,90,1,Rahul,India,Gujarat,Female,1972-07-11,2024-08-29,N,67.0,2.0
7635-JIURV,2024-06-16,Organic,2024-07-16,Premium,Monthly,,,23.62,1250.0,96,0,Amit,India,Meghalaya,Male,2007-03-25,,,,
9062-VYKKI,2024-04-07,Refferal,2024-05-07,Standard,Monthly,,,12.85,931.0,94,0,Vikram,India,Meghalaya,Female,2006-10-20,2023-07-11,N,26.0,1.0
2370-TSUEM,2022-02-23,Paid,2023-02-23,Basic,Annual,2026-05-29,Poor Streaming Quality,7.67,432.0,51,1,Pooja,India,Karnataka,Female,1974-06-30,,,,
2238-XGDOW,2025-09-26,Refferal,2025-10-26,Basic,Monthly,2026-05-27,Not Enough Content,6.8,480.0,59,1,Sanjay,India,Kerala,Male,1984-02-26,2025-02-11,N,38.0,1.0
9158-CIDIN,2025-05-11,Refferal,2026-05-11,Standard,Annual,,,10.39,621.0,51,0,Karan,India,Delhi,Female,1998-05-02,2023-07-13,Y,15.0,2.0
2822-BNBFA,2025-01-31,Organic,2025-03-02,Basic,Monthly,,,6.27,710.0,40,0,Pooja,India,Telangana,Male,2008-01-01,2023-12-02,N,61.0,1.0
0890-LWUCA,2022-11-19,Paid,2022-12-19,Premium,Monthly,,,21.13,1409.0,62,0,Vivaan,India,Gujarat,Female,1979-12-27,2026-01-31,N,84.0,1.0
3396-QTVIE,2022-12-05,Paid,2023-12-05,Premium,Annual,,,25.75,1241.0,44,0,Arjun,India,Delhi,Female,1992-11-06,2026-03-10,N,17.0,2.0
0286-DBWGV,2022-04-28,Paid,2022-05-28,Premium,Monthly,,,24.46,1609.0,63,0,Neha,India,Nagaland,Female,2008-02-13,2024-11-09,N,96.0,2.0
5541-OLVBC,2024-01-09,Organic,2024-02-08,Basic,Monthly,2026-05-10,Not Enough Content,6.55,587.0,62,1,Aditya,India,Nagaland,Female,1986-03-08,2026-05-27,Y,96.0,2.0
4247-KOTPG,2024-07-17,Referral,2024-08-16,Standard,Monthly,,,13.5,760.0,82,0,Amit,Nepal,Kathmandu,Female,1983-10-23,2025-08-20,N,58.0,2.0
3288-TFNOT,2023-11-15,Organic,2023-12-15,Premium,Monthly,,,21.8,1656.0,38,0,Amit,India,Gujarat,Male,1995-10-31,2024-05-25,N,29.0,3.0
7149-MIJKF,2021-04-20,Organic,2021-05-20,Basic,Monthly,2023-11-16,Poor Support,5.1,413.0,24,1,Priya,India,Haryana,Female,1983-05-03,2024-03-09,Y,26.0,1.0
6262-FQTZD,2022-06-29,Paid,2023-06-29,Basic,Annual,,,9.47,200.0,50,0,Neha,India,West Bengal,Female,1987-05-21,2025-11-19,N,14.0,1.0
7602-CIEEE,2022-06-25,Organic,2022-07-25,Standard,Monthly,,,12.16,459.0,15,0,Amit,Nepal,Kathmandu,Male,2001-10-10,2023-08-29,N,69.0,1.0
0462-VBKSZ,2023-08-14,Organic,2024-08-13,Basic,Annual,,,7.59,285.0,15,0,Kavya,India,Nagaland,Female,2001-11-23,2024-12-10,Y,96.0,1.0
8539-DZQEL,2022-03-14,Refferal,2022-04-13,Basic,Monthly,,,5.03,127.0,100,0,Aditya,India,Delhi,Female,1987-09-16,2026-02-18,N,41.0,3.0
9179-KEWYZ,2025-09-02,Paid,2025-10-02,Standard,Monthly,2026-03-25,Poor Streaming Quality,17.35,971.0,99,1,Arjun,India,West Bengal,Male,1975-09-15,2025-05-23,N,68.0,2.0
9557-WLEQF,2024-10-01,Paid,2025-10-01,Basic,Annual,,,8.35,288.0,22,0,Vivaan,India,Telangana,Female,1995-04-24,2026-07-03,N,87.0,1.0
4743-RYHGT,2023-05-14,Paid,2024-05-13,Basic,Annual,,,10.46,404.0,95,0,Ananya,India,Kerala,Male,1979-05-10,2026-03-29,N,49.0,2.0
0088-OTOJV,2022-01-11,Paid,2023-01-11,Standard,Annual,,,14.8,,48,0,Meera,India,Nagaland,Male,2000-01-08,2024-03-20,N,32.0,1.0
3725-SMANB,2021-07-21,Organic,2021-08-20,Standard,Monthly,,,15.43,1182.0,41,0,Sanjay,India,Kerala,Male,1987-09-26,2025-12-07,N,39.0,2.0
9310-PJMQG,2021-12-25,Referral,2022-01-24,Standard,Monthly,,,10.57,919.0,5,0,Nisha,India,Tamil Nadu,Male,2008-12-23,2025-11-09,N,12.0,1.0
2900-KGTCV,2022-04-25,Referral,2023-04-25,Standard,Annual,,,13.57,853.0,3,0,Aarav,India,Delhi,Female,2006-02-17,2025-06-26,N,8.0,2.0
3500-OEKTH,2021-05-24,Organic,2021-06-23,Basic,Monthly,,,8.82,,9,0,Aarav,India,Nagaland,Female,1982-05-28,2026-01-22,N,25.0,2.0
1343-NEILO,2026-02-12,Paid,2026-03-14,Basic,Monthly,2026-02-25,Service Quality,4.99,809.0,93,1,Priya,India,Punjab,Male,1989-12-19,2025-02-10,Y,95.0,2.0
6401-RVBJA,2026-04-21,Organic,2026-05-21,Standard,Monthly,,,13.87,729.0,24,0,Amit,India,Haryana,Male,1990-05-25,2025-03-24,N,75.0,2.0
0118-FPXUQ,2025-08-29,Organic,2025-09-28,Standard,Monthly,,,15.86,1053.0,54,0,Sanjay,India,Meghalaya,Male,2005-02-12,,,,
7786-EVXCM,2021-05-01,Organic,2022-05-01,Standard,Annual,,,12.85,810.0,99,0,Karan,India,Tamil Nadu,Female,2010-08-28,2025-02-03,N,38.0,2.0
8303-MVYMB,2021-11-16,Organic,2022-11-16,Standard,Annual,,,13.98,939.0,38,0,Pooja,India,Gujarat,Female,2009-10-17,2026-01-14,N,53.0,1.0
3416-FMPMF,2022-09-08,Organic,2023-09-08,Premium,Annual,,,,,94,0,Neha,India,Gujarat,Female,1998-09-01,2024-05-15,Y,88.0,5.0
3028-RAFXC,2025-11-08,Organic,2025-12-08,Premium,Monthly,2026-07-17,Too Expensive,23.71,1474.0,100,1,Priya,India,Uttar Pradesh,Female,1996-02-26,2026-03-16,N,94.0,1.0
4161-FCKNE,2025-11-30,Organic,2026-11-30,Premium,Annual,,,25.29,,74,0,Ishita,India,Meghalaya,Female,1980-11-24,2026-01-23,N,56.0,2.0
0799-DQWEI,2024-03-14,Organic,2025-03-14,,Annual,,,14.48,923.0,51,0,Vikram,India,Nagaland,Male,2003-07-15,2024-03-02,N,85.0,1.0
3453-JGBNJ,2021-08-10,Organic,2022-08-10,Basic,Annual,2025-11-04,Not Enough Content,6.85,409.0,25,1,Arjun,India,Kerala,Female,1998-08-30,2025-03-12,Y,51.0,2.0
3438-GYPKF,2021-09-19,Refferal,2021-10-19,Standard,Monthly,,,15.57,398.0,77,0,Riya,India,West Bengal,Female,1975-06-04,,,,
8015-XAYSC,2023-11-28,Paid,2024-11-27,Standard,Annual,,,14.46,395.0,56,0,Vikram,Nepal,Kathmandu,Male,1979-03-01,2026-07-16,N,31.0,5.0
7536-CBCLQ,2021-05-24,Organic,2021-06-23,Premium,Monthly,,,23.83,1749.0,87,0,Sneha,India,Karnataka,Male,1977-05-21,2025-09-01,Y,96.0,5.0
4087-DFWZT,2025-05-12,Organic,2026-05-12,Standard,Annual,2026-02-20,Too Expensive,16.69,907.0,7,1,Arjun,India,Punjab,Female,1982-01-10,2025-04-25,N,61.0,2.0
1055-VRNDZ,2022-02-18,Organic,2023-02-18,Standard,Annual,,,14.81,1040.0,63,0,Rahul,India,Karnataka,Male,1989-12-08,2024-11-20,N,66.0,1.0
4438-BFKBI,2026-05-08,Organic,2027-05-08,Premium,Annual,,,20.79,1680.0,33,0,Vikram,India,Gujarat,Female,1990-06-27,2024-07-04,N,47.0,1.0
4696-YCOXU,2023-04-10,Paid,2023-05-10,Standard,Monthly,,,,690.0,1,0,Sneha,India,Haryana,Female,1998-08-30,2025-11-24,N,52.0,1.0
9250-EUZIM,2024-05-08,Organic,2024-06-07,Basic,Monthly,2024-06-13,Poor Support,7.65,538.0,93,1,Neha,India,Gujarat,Male,1989-09-25,2025-11-14,N,93.0,2.0
5319-MHZYJ,2022-08-07,Refferal,2023-08-07,Premium,Annual,,,20.92,1124.0,47,0,Rohan,India,Maharashtra,Female,1972-11-05,2026-02-06,N,39.0,2.0
8056-KUPMD,2021-03-30,Organic,2021-04-29,Standard,Monthly,,,16.81,1135.0,87,0,Aditya,India,Telangana,Male,1989-04-18,2023-05-16,N,82.0,1.0
6553-IFFZC,2021-05-02,Paid,2022-05-02,Standard,Annual,2022-01-12,Poor Support,16.29,392.0,84,1,Ishita,India,Maharashtra,Male,2001-05-22,2025-09-06,N,85.0,2.0
7989-WAPPJ,2021-04-24,Organic,2021-05-24,Basic,Monthly,,,6.83,354.0,23,0,Kavya,India,Gujarat,Female,1977-06-12,2025-07-01,Y,27.0,2.0
6674-KLLUQ,2022-03-26,Organic,2022-04-25,Premium,Monthly,2026-03-16,Service Quality,20.42,1565.0,79,1,Vikram,India,Uttar Pradesh,Female,1996-07-06,2026-03-07,N,89.0,2.0
3804-YUYSK,2023-01-24,Referral,2023-02-23,Standard,Monthly,2025-01-04,Not Enough Content,15.83,493.0,6,1,Sneha,Nepal,Kathmandu,Female,1990-06-07,2024-02-05,N,59.0,1.0
7734-IHLZO,2023-09-08,Referral,2024-09-07,,Annual,,,4.99,557.0,5,0,Meera,India,Karnataka,Male,1990-11-06,2023-08-26,N,7.0,2.0
3851-MHRJO,2025-01-18,Paid,2025-02-17,Premium,Monthly,2026-01-16,Poor Support,24.09,1383.0,54,1,Vikram,India,Maharashtra,Male,1977-02-14,2024-12-13,N,81.0,2.0
3712-IZIBJ,2025-11-04,Paid,2025-12-04,Premium,Monthly,,,22.57,1177.0,56,0,Vivaan,Nepal,Kathmandu,Female,2010-07-09,,,,
5332-CHENS,2025-10-12,Paid,2025-11-11,Basic,Monthly,,,6.24,600.0,40,0,Neha,India,Meghalaya,Female,2001-11-29,2026-05-25,Y,12.0,1.0
9684-KWFUO,2021-02-04,Refferal,2021-03-06,Basic,Monthly,2023-08-24,Poor Support,6.04,380.0,77,1,Rahul,India,Meghalaya,Male,1999-02-18,2026-06-05,N,85.0,3.0
7586-TNGNV,2025-05-28,Organic,2025-06-27,Standard,Monthly,,,11.96,554.0,31,0,Sneha,India,Rajasthan,Female,1984-11-02,2025-11-15,N,78.0,1.0
9706-YEPCR,2025-04-25,Referral,2025-05-25,Premium,Monthly,2025-11-01,Service Quality,24.97,1565.0,61,1,Priya,India,West Bengal,Male,2008-08-25,2024-09-14,N,47.0,1.0
9922-BRYWK,2025-11-07,Organic,2025-12-07,Standard,Monthly,,,14.79,460.0,73,0,Ishita,India,Kerala,Female,2001-09-27,2024-03-29,Y,43.0,4.0
1060-YXPZA,2021-03-21,Paid,2021-04-20,Basic,Monthly,,,4.99,498.0,82,0,Riya,India,Tamil Nadu,Male,1987-06-12,2026-06-20,N,27.0,5.0
6174-BYRXO,2024-01-06,Paid,2025-01-05,Basic,Annual,,,8.18,505.0,75,0,Priya,India,Haryana,Female,1997-12-20,2025-05-29,Y,68.0,3.0
0854-AITDW,2022-03-07,Organic,2022-04-06,Standard,Monthly,,,15.7,1137.0,61,0,Ishita,India,Uttar Pradesh,Female,2004-06-25,,,,
2412-MFMLA,2025-06-24,Paid,2025-07-24,Basic,Monthly,,,6.38,555.0,19,0,Pooja,India,West Bengal,Male,1977-08-11,2023-12-09,N,81.0,2.0
5687-UYIWW,2022-08-05,Paid,2022-09-04,Standard,Monthly,,,13.74,934.0,63,0,Priya,India,Maharashtra,Male,1996-02-09,2025-05-09,Y,62.0,1.0
9883-JWOBH,2022-02-17,Organic,2022-03-19,Basic,Monthly,2025-06-20,Too Expensive,6.64,596.0,24,1,Karan,India,Uttar Pradesh,Male,2002-11-19,2026-07-18,Y,28.0,2.0
6727-ELUDM,2022-01-20,Paid,2023-01-20,Premium,Annual,,,24.3,1476.0,72,0,Vivaan,India,Delhi,Male,1987-05-14,2024-01-22,N,19.0,1.0
2167-NGZBZ,2025-12-13,Organic,2026-12-13,Premium,Annual,,,25.37,1245.0,47,0,Riya,India,Tamil Nadu,Female,2006-05-15,,,,
7922-WWEYP,2022-04-26,Refferal,2022-05-26,Premium,Monthly,2022-04-21,Service Quality,19.97,1890.0,93,1,Sanjay,India,Kerala,Male,1989-02-04,2024-07-17,N,7.0,2.0
9621-WPJDC,2022-08-22,Paid,2023-08-22,Basic,Annual,2023-07-10,Too Expensive,9.99,686.0,17,1,Vivaan,India,Punjab,Female,2010-08-19,,,,
3911-VNMGO,2021-01-03,Organic,2021-02-02,Standard,Monthly,,,16.58,572.0,73,0,Ananya,India,Karnataka,Female,1971-03-30,2023-02-06,Y,77.0,1.0
6388-ZSPXL,2024-01-23,Organic,2025-01-22,Premium,Annual,,,23.25,1426.0,55,0,Meera,India,Haryana,Male,1991-06-26,2026-01-10,Y,69.0,2.0
9350-JDKDD,2023-05-08,Referral,2024-05-07,Standard,Annual,,,13.69,655.0,41,0,Meera,India,Tamil Nadu,Female,1977-07-11,2025-10-11,N,40.0,2.0
8814-UFVBH,2021-05-21,Referral,2021-06-20,Basic,Monthly,2021-05-29,Too Expensive,8.54,403.0,3,1,Aditya,India,Maharashtra,Female,1974-03-07,2025-04-20,N,59.0,1.0
7067-HSWBA,2024-04-29,Paid,2025-04-29,Basic,Annual,,,6.93,170.0,36,0,Ishita,Nepal,Kathmandu,Male,1992-08-04,2026-07-02,Y,63.0,5.0
9400-NNMLR,2024-10-08,Paid,2024-11-07,Standard,Monthly,,,12.55,465.0,79,0,Karan,India,Uttar Pradesh,Male,1979-05-30,2026-04-04,N,81.0,3.0
5806-EQRCJ,2026-06-07,Organic,2026-07-07,Standard,Monthly,2026-07-14,Not Enough Content,15.8,1100.0,49,1,Rohan,India,Gujarat,Male,1982-05-21,2024-03-02,Y,17.0,2.0
7909-QDBPM,2024-06-12,Referral,2025-06-12,Standard,Annual,,,13.99,,60,0,Amit,India,West Bengal,Male,2000-07-26,2026-01-12,N,30.0,2.0
9610-NYFLD,2023-03-29,Refferal,2024-03-28,Premium,Annual,,,22.89,1433.0,74,0,Neha,India,Haryana,Male,2009-04-24,2025-03-29,N,35.0,2.0
5751-EMIEC,2025-12-26,Organic,2026-12-26,,Annual,2026-06-01,Too Expensive,24.39,1291.0,3,1,Ishita,India,Tamil Nadu,Female,1981-08-02,,,,
5131-YFKFV,2025-08-29,,2026-08-29,Premium,Annual,,,23.16,1267.0,84,0,Rahul,India,Punjab,Female,1995-02-06,2025-04-19,N,11.0,1.0
4162-ZGCPQ,2023-01-20,Paid,2024-01-20,Premium,Annual,,,22.99,1312.0,99,0,Vivaan,India,Delhi,Male,1982-11-07,2024-06-29,N,56.0,1.0
9906-WWQJL,2021-07-13,Paid,2022-07-13,Basic,Annual,,,6.09,344.0,32,0,Pooja,India,Haryana,Male,1984-03-03,2026-07-10,N,10.0,2.0
1358-LJAFN,2022-07-18,Paid,2023-07-18,Basic,Annual,,,5.74,271.0,87,0,Kavya,India,Nagaland,Male,2001-11-05,,,,
3708-ZMYRB,2023-09-08,Organic,2023-10-08,Premium,Monthly,,,22.83,,71,0,Meera,India,Maharashtra,Female,1978-10-22,2025-03-10,Y,62.0,2.0
2053-SOHNX,2025-09-29,Organic,2025-10-29,Standard,Monthly,2026-07-27,Poor Support,14.99,441.0,42,1,Riya,India,Tamil Nadu,Female,2002-10-29,,,,
3901-BIYTV,2024-12-07,Referral,2025-01-06,Standard,Monthly,,,15.92,1064.0,21,0,Riya,India,Delhi,Male,1994-11-30,2026-04-14,N,28.0,2.0
9117-DHBAV,2024-08-08,Paid,2024-09-07,Basic,Monthly,,,7.86,94.0,30,0,Aditya,India,Nagaland,Female,1995-11-27,,,,
9370-ESNBX,2024-07-03,Paid,2025-07-03,Basic,Annual,2026-06-30,Service Quality,7.68,183.0,59,1,Ishita,India,Uttar Pradesh,Male,1986-01-22,2024-08-30,N,20.0,1.0
8714-OSKUL,2022-08-05,Organic,2022-09-04,Premium,Monthly,2024-02-17,Poor Support,24.24,,47,1,Vivaan,Nepal,Kathmandu,Male,1992-06-01,2025-01-21,N,48.0,1.0
9891-BEZHI,2023-01-10,Organic,2023-02-09,Premium,Monthly,2025-01-31,Switched To Competitor,23.96,1237.0,25,1,Vikram,India,Nagaland,Female,1998-07-18,2025-08-28,Y,22.0,2.0
7916-ENHFZ,2022-08-06,Paid,2022-09-05,Premium,Monthly,,,21.05,1489.0,44,0,Riya,India,West Bengal,Female,2003-08-07,2026-04-12,N,20.0,2.0
2017-CRWDS,2022-10-17,Paid,2023-10-17,Basic,Annual,,,6.27,181.0,49,0,Aditya,India,Maharashtra,Male,1979-07-22,2025-10-04,N,61.0,3.0
5418-VDZQV,2021-07-25,Organic,2021-08-24,Standard,Monthly,,,9.63,349.0,99,0,Amit,India,Haryana,Female,1974-05-07,2026-03-03,N,32.0,2.0
3634-YQDXU,2025-07-02,Organic,2026-07-02,Standard,Annual,,,14.26,619.0,21,0,Kavya,India,Rajasthan,Female,2006-10-03,2026-06-25,Y,19.0,1.0
3018-OKOZX,2023-10-26,Referral,2023-11-25,Basic,Monthly,2025-10-09,Poor Support,5.58,826.0,32,1,Aarav,India,Delhi,Male,1985-07-01,2026-01-23,N,44.0,1.0
2174-ZLSTM,2021-07-07,Organic,2022-07-07,Basic,Annual,,,7.34,466.0,11,0,Kavya,India,Tamil Nadu,Female,2005-09-24,2025-11-07,N,62.0,1.0
4579-LWKHJ,2021-11-14,Paid,2022-11-14,Standard,Annual,,,14.81,798.0,32,0,Pooja,India,Rajasthan,Male,1982-04-15,2026-05-06,N,43.0,5.0
1967-KCCSC,2023-10-05,Referral,2024-10-04,Basic,Annual,2024-05-25,Too Expensive,8.69,551.0,51,1,Meera,India,Punjab,Male,1976-08-24,2025-09-09,N,15.0,5.0
5691-USLFY,2023-02-28,Organic,2024-02-28,Premium,Annual,,,22.47,1006.0,92,0,Rohan,India,Haryana,Female,1980-01-28,2023-10-11,N,90.0,1.0
8354-PCAIE,2024-08-11,Paid,2025-08-11,Basic,Annual,,,7.76,496.0,64,0,Karan,India,Tamil Nadu,Female,2003-03-31,2023-05-21,N,69.0,1.0
8606-FHZVF,2025-08-16,Organic,2026-08-16,Premium,Annual,,,21.43,,8,0,Aditya,India,Meghalaya,Female,1996-12-25,2025-08-16,N,17.0,2.0
3849-NRYWZ,2025-12-18,Organic,2026-01-17,Basic,Monthly,2026-03-19,Not Enough Content,8.22,221.0,22,1,Aditya,India,Kerala,Female,1987-07-11,2025-10-20,Y,100.0,1.0
0429-GOBJD,2023-08-22,Organic,2023-09-21,Standard,Monthly,,,14.2,754.0,100,0,Rahul,India,Nagaland,Female,1991-08-24,2026-06-07,N,5.0,1.0
9329-BDFDO,2021-12-09,Referral,2022-01-08,Premium,Monthly,,,27.04,1290.0,65,0,Rohan,India,Tamil Nadu,Female,1982-02-21,2025-12-08,Y,64.0,3.0
3658-XGNRQ,2022-06-14,Organic,2022-07-14,Basic,Monthly,,,7.23,255.0,58,0,Sneha,India,Meghalaya,Male,2006-10-18,2026-01-13,N,16.0,2.0
7967-FNUWQ,2024-06-18,Organic,2024-07-18,Basic,Monthly,2024-07-29,Poor Support,6.42,20.0,92,1,Vikram,India,West Bengal,Male,1999-10-10,2026-02-16,Y,55.0,3.0
6526-WQYDJ,2023-09-26,Organic,2023-10-26,Standard,Monthly,,,11.17,708.0,27,0,Arjun,India,Haryana,Male,2002-03-31,2025-05-03,N,17.0,2.0
1143-CMFKL,2021-07-03,Refferal,2021-08-02,Standard,Monthly,2022-01-25,Poor Support,14.07,539.0,55,1,Priya,India,Karnataka,Female,1997-02-03,2026-04-20,N,44.0,1.0
6217-YWJIU,2024-05-18,Referral,2025-05-18,Premium,Annual,,,23.42,1681.0,7,0,Rohan,Nepal,Kathmandu,Female,2008-06-28,2026-06-19,Y,9.0,4.0
1257-OKEQI,2024-08-08,Paid,2025-08-08,Standard,Annual,2026-04-27,Too Expensive,14.91,672.0,73,1,Sanjay,India,Telangana,Male,1988-12-28,,,,
1875-QEREL,2023-11-02,Organic,2024-11-01,Basic,Annual,,,6.62,659.0,37,0,Vikram,India,Gujarat,Female,1984-12-06,2023-06-29,N,9.0,2.0
8083-FTSXE,2026-06-23,Organic,2026-07-23,Standard,Monthly,,,11.58,697.0,80,0,Meera,India,Karnataka,Female,2008-12-02,2026-03-23,N,34.0,2.0
7157-YTEVC,2022-12-26,Refferal,2023-12-26,Basic,Annual,,,7.17,191.0,42,0,Ishita,India,Rajasthan,Female,1978-12-17,,,,
5897-MNNAN,2022-03-26,Organic,2022-04-25,Standard,Monthly,,,13.36,1040.0,52,0,Neha,India,Tamil Nadu,Female,1992-01-10,2024-09-28,N,52.0,2.0
9368-LHZCM,2023-07-17,Paid,2023-08-16,Standard,Monthly,,,16.3,807.0,56,0,Ananya,India,Kerala,Female,1994-10-05,2025-02-17,Y,22.0,2.0
5137-MXKZB,2023-02-26,Paid,2023-03-28,Basic,Monthly,2024-08-17,Too Expensive,8.02,61.0,22,1,Karan,India,Tamil Nadu,Female,2007-06-28,2024-12-23,N,34.0,1.0
7345-PGFSQ,2024-09-18,Paid,2025-09-18,Basic,Annual,,,6.23,177.0,97,0,Pooja,India,Gujarat,Female,1988-07-11,2024-01-29,N,31.0,2.0
6120-BPZAM,2025-05-18,Organic,2026-05-18,Basic,Annual,,,9.25,259.0,56,0,Amit,India,Karnataka,Male,1983-11-16,2024-12-24,N,37.0,1.0
4955-XHMSB,2026-04-24,Organic,2026-05-24,Standard,Monthly,2026-05-17,Service Quality,14.33,503.0,22,1,Karan,India,Rajasthan,Male,1999-03-21,2026-02-28,Y,32.0,2.0
8014-VSQTU,2026-03-21,Paid,2026-04-20,Standard,Monthly,2026-07-10,Service Quality,15.53,1158.0,85,1,Kavya,India,Meghalaya,Female,1980-09-03,2025-06-07,N,55.0,1.0
9035-LLQFW,2023-05-24,Paid,2023-06-23,Premium,Monthly,2023-05-15,Service Quality,26.87,1389.0,57,1,Aarav,India,Uttar Pradesh,Male,1993-01-13,2023-12-19,N,14.0,2.0
7709-QHJLR,2022-10-08,Paid,2022-11-07,Standard,Monthly,,,18.02,618.0,30,0,Arjun,India,Uttar Pradesh,Female,1984-05-12,2026-06-23,N,89.0,2.0
7784-RYYSJ,2021-12-20,Paid,2022-12-20,Basic,Annual,,,7.25,361.0,99,0,Riya,India,Delhi,Male,2002-12-21,2023-04-02,Y,21.0,1.0
5999-LQVJN,2026-05-17,Organic,2026-06-16,Standard,Monthly,,,13.12,813.0,32,0,Neha,India,Tamil Nadu,Female,2000-06-24,2026-03-17,Y,20.0,2.0
0479-TMLNF,2024-03-17,Paid,2025-03-17,Premium,Annual,2026-08-22,Not Enough Content,22.58,1692.0,34,1,Neha,India,Tamil Nadu,Female,1983-12-01,2025-02-23,N,76.0,2.0
5988-TJDKF,2023-06-28,Refferal,2024-06-27,Premium,Annual,,,21.0,1778.0,99,0,Riya,India,Tamil Nadu,Female,1997-07-09,2025-04-21,Y,92.0,2.0
3754-QCTFX,2026-02-16,Paid,2026-03-18,Standard,Monthly,,,10.71,1133.0,91,0,Nisha,India,Gujarat,Male,1991-03-23,2024-06-09,N,48.0,2.0
7330-HOCCY,2025-04-16,Organic,2025-05-16,Basic,Monthly,,,5.97,296.0,2,0,Nisha,India,Uttar Pradesh,Female,1987-09-10,2026-07-02,N,48.0,2.0
8028-EHFKH,2023-07-31,Referral,2024-07-30,Standard,Annual,,,13.94,411.0,5,0,Sanjay,India,Uttar Pradesh,Male,1979-12-17,2024-02-02,N,84.0,2.0
3296-NEWST,2023-08-01,Referral,2023-08-31,Standard,Monthly,,,11.49,939.0,40,0,Karan,India,Rajasthan,Male,1990-04-10,,,,
1714-SVETJ,2021-10-28,Paid,2022-10-28,Premium,Annual,2023-07-23,Forgot To Cancel Trial,18.73,1749.0,79,1,Ananya,India,West Bengal,Male,2010-11-12,2024-09-21,N,22.0,2.0
7880-MUDKH,2022-02-14,Organic,2022-03-16,Basic,Monthly,2024-08-26,Poor Support,7.48,459.0,43,1,Karan,India,Rajasthan,Female,1991-04-18,2026-05-24,Y,69.0,1.0
2501-IJDSO,2023-05-06,Organic,2024-05-05,Standard,Annual,,,14.74,710.0,53,0,Vivaan,India,Telangana,Female,2009-08-13,2024-06-10,Y,40.0,2.0
8295-SDBKM,2026-07-24,Paid,2027-07-24,Standard,Annual,,,11.36,692.0,27,0,Sneha,India,Punjab,Male,1995-02-03,2026-01-18,N,84.0,2.0
2420-UPTCV,2025-02-08,Organic,2026-02-08,Basic,Annual,,,7.95,20.0,100,0,Vivaan,India,Karnataka,Male,1985-03-09,2024-11-02,N,14.0,1.0
2079-LLVHG,2024-06-12,Paid,2025-06-12,Basic,Annual,,,8.35,20.0,71,0,Pooja,India,Nagaland,Male,2005-10-23,2026-02-01,N,77.0,4.0
3411-JEEGM,2025-08-29,Paid,2026-08-29,Standard,Annual,,,13.39,1070.0,51,0,Rahul,India,Delhi,Female,1978-11-08,2026-06-16,Y,22.0,1.0
3448-KSGXT,2021-11-27,Organic,2021-12-27,Standard,Monthly,,,12.35,866.0,98,0,Neha,India,Maharashtra,Male,1987-01-11,2024-03-23,N,41.0,2.0
1766-IEHJD,2023-12-22,Organic,2024-12-21,Premium,Annual,,,27.25,1340.0,52,0,Vikram,India,Rajasthan,Male,1979-02-10,,,,
0167-LSHWJ,2025-03-15,Paid,2026-03-15,Premium,Annual,2025-06-15,Switched To Competitor,22.4,1660.0,57,1,Karan,India,Meghalaya,Female,1987-02-28,2023-01-01,N,25.0,1.0
9009-GOTBY,2023-05-25,Organic,2024-05-24,Basic,Annual,,,7.86,20.0,64,0,Karan,India,Karnataka,Female,2005-10-22,2026-01-08,N,36.0,2.0
3664-MQQAW,2022-06-14,Refferal,2023-06-14,Basic,Annual,,,8.29,597.0,94,0,Sneha,India,Kerala,Male,1973-05-28,2024-08-11,N,69.0,2.0
6244-ZMPLX,2024-12-02,Paid,2025-01-01,Basic,Monthly,,,7.71,589.0,35,0,Rohan,India,Delhi,Male,1996-12-29,2026-07-12,N,82.0,1.0
8327-XNUJL,2022-08-21,Paid,2022-09-20,Standard,Monthly,2025-08-01,Poor Streaming Quality,13.86,848.0,77,1,Priya,India,Karnataka,Female,1982-10-14,,,,
7607-CSAPM,2021-05-30,Organic,2022-05-30,Standard,Annual,,,13.96,1053.0,14,0,Vikram,India,Telangana,Female,2005-08-11,2024-07-16,N,86.0,2.0
4699-MMKLO,2026-07-28,Organic,2026-08-27,Premium,Monthly,,,21.79,1632.0,66,0,Pooja,India,Haryana,Male,1997-11-06,,,,
7639-OQVZC,2022-01-24,Paid,2023-01-24,Premium,Annual,,,22.59,1221.0,34,0,Pooja,India,Meghalaya,Male,1972-02-18,2024-06-04,N,42.0,2.0
7135-FFUBW,2021-12-09,Referral,2022-01-08,Standard,Monthly,,,16.22,561.0,80,0,Vikram,India,Gujarat,Female,2005-04-13,2026-04-15,N,75.0,3.0
7710-ZRWDX,2025-02-17,Paid,2025-03-19,Standard,Monthly,,,15.1,581.0,57,0,Riya,India,Punjab,Female,2005-08-17,2024-08-14,N,12.0,2.0
1623-IDKTG,2025-06-26,Refferal,2026-06-26,Premium,Annual,2026-08-16,Switched To Competitor,21.28,1516.0,41,1,Amit,India,Tamil Nadu,Male,1987-08-09,2026-04-02,N,38.0,2.0
8225-PQYLI,2022-03-18,Organic,2022-04-17,Premium,Monthly,2023-09-05,Poor Support,24.18,,66,1,Aditya,India,Gujarat,Female,1974-05-21,2026-02-12,N,99.0,3.0
9944-OPHFE,2024-02-06,Organic,2025-02-05,Standard,Annual,,,13.41,1236.0,83,0,Sanjay,Nepal,Kathmandu,Female,1976-10-23,2024-10-23,Y,27.0,2.0
2254-FTBQY,2023-11-06,Referral,2024-11-05,Premium,Annual,,,21.35,1385.0,48,0,Vikram,India,West Bengal,Female,2006-12-29,,,,
7660-KBVAR,2022-05-21,Organic,2022-06-20,Basic,Monthly,,,8.51,716.0,80,0,Aarav,India,Delhi,Male,2009-03-14,2026-06-26,N,56.0,3.0
6716-ETEFV,2021-11-26,Referral,2021-12-26,Standard,Monthly,,,12.28,625.0,34,0,Ananya,India,Delhi,Male,1973-06-24,2025-12-18,N,86.0,2.0
9790-GXXUD,2025-08-25,Organic,2025-09-24,,Monthly,2026-08-03,Poor Support,12.98,960.0,91,1,Riya,India,Uttar Pradesh,Female,1977-06-19,2025-10-26,N,70.0,1.0
3010-RZVKG,2022-12-29,Paid,2023-12-29,Standard,Annual,,,14.44,630.0,21,0,Vivaan,India,Gujarat,Female,2005-05-22,2023-06-25,N,27.0,1.0
9603-HIZOG,2024-01-10,Organic,2024-02-09,Standard,Monthly,2024-09-23,Switched To Competitor,9.83,960.0,36,1,Vivaan,India,Tamil Nadu,Female,1983-06-05,2025-11-13,Y,24.0,1.0
0077-LZLSG,2021-02-18,Organic,2021-03-20,Standard,Monthly,2024-05-13,Not Enough Content,11.57,1091.0,10,1,Amit,India,Gujarat,Male,1975-11-01,2026-03-24,N,63.0,1.0
7760-UPUPJ,2024-11-06,Paid,2024-12-06,Standard,Monthly,2025-03-06,Forgot To Cancel Trial,13.98,682.0,65,1,Ishita,India,Nagaland,Male,1974-06-27,2023-05-29,N,64.0,1.0
7384-VVFRA,2025-09-27,Paid,2025-10-27,Basic,Monthly,,,6.02,244.0,89,0,Aarav,India,Rajasthan,Male,1979-06-17,2025-06-27,N,6.0,2.0
5729-OJZWB,2024-05-18,Organic,2025-05-18,Basic,Annual,2024-07-18,Poor Support,6.9,20.0,67,1,Ishita,India,Kerala,Male,2007-03-15,2025-12-12,Y,53.0,2.0
2107-FXNSV,2021-11-21,Refferal,2021-12-21,Premium,Monthly,,,22.74,1143.0,21,0,Nisha,India,Tamil Nadu,Male,1977-09-29,2025-05-10,Y,7.0,2.0
7681-CDKIT,2024-01-22,Organic,2024-02-21,Standard,Monthly,2025-02-25,Poor Streaming Quality,13.13,837.0,50,1,Aarav,India,Uttar Pradesh,Male,2003-12-28,2024-05-03,N,40.0,1.0
1582-JGEEF,2025-09-02,Paid,2025-10-02,Basic,Monthly,,,6.59,344.0,68,0,Ishita,India,Delhi,Male,1999-11-21,2026-07-02,N,29.0,3.0
5653-KLMTW,2021-09-25,Paid,2021-10-25,Basic,Monthly,,,7.38,631.0,81,0,Ishita,India,Punjab,Female,2003-01-16,2025-04-25,N,8.0,2.0
5275-QTRDZ,2025-01-10,Organic,2026-01-10,Basic,Annual,,,11.39,339.0,80,0,Nisha,India,Tamil Nadu,Female,1987-06-21,2023-12-19,N,100.0,1.0
1667-KQKGY,2022-09-06,Paid,2023-09-06,Basic,Annual,2023-08-23,Not Enough Content,5.71,323.0,21,1,Riya,India,Delhi,Female,1979-05-03,2023-11-20,Y,68.0,1.0
0737-GZSCT,2025-07-15,Paid,2025-08-14,Standard,Monthly,,,14.58,1001.0,21,0,Meera,India,Telangana,Female,1972-09-16,2024-05-26,N,57.0,4.0
9694-CKMDF,2024-01-01,Organic,2024-01-31,Standard,Monthly,2025-09-01,Service Quality,14.01,831.0,61,1,Neha,India,Uttar Pradesh,Male,1979-01-23,2025-08-13,N,8.0,2.0
1757-EKMGH,2026-06-17,Paid,2027-06-17,Standard,Annual,,,11.8,880.0,80,0,Arjun,India,Tamil Nadu,Female,1997-02-19,2026-07-18,N,10.0,2.0
1941-UFXOU,2021-10-24,Paid,2021-11-23,Standard,Monthly,2022-02-21,Poor Streaming Quality,13.96,619.0,12,1,Riya,India,Maharashtra,Male,1970-09-08,2026-05-01,Y,21.0,2.0
6372-GPHDG,2026-03-02,Organic,2026-04-01,Basic,Monthly,,,6.33,566.0,54,0,Vikram,India,Punjab,Female,2000-03-16,,,,
2773-DAYNK,2025-08-25,Organic,2025-09-24,Premium,Monthly,,,20.23,1512.0,2,0,Sanjay,India,Rajasthan,Female,1974-11-10,2026-04-23,Y,81.0,2.0
9300-FKWQK,2025-11-21,Paid,2025-12-21,Standard,Monthly,,,8.32,849.0,52,0,Nisha,India,Tamil Nadu,Female,2003-05-06,2025-01-24,N,99.0,2.0
2575-ACEUQ,2026-04-29,Referral,2026-05-29,Basic,Monthly,,,6.79,58.0,10,0,Pooja,India,Gujarat,Male,1982-10-31,2025-12-24,Y,79.0,2.0
4347-UEFKX,2022-10-02,Organic,2023-10-02,Basic,Annual,2023-02-09,Service Quality,6.52,20.0,12,1,Nisha,India,Rajasthan,Female,2006-06-09,2025-07-09,N,25.0,1.0
6150-WGWBF,2022-10-02,Paid,2023-10-02,Standard,Annual,,,11.53,966.0,24,0,Kavya,India,Telangana,Male,1985-04-04,2023-05-29,N,51.0,1.0
5241-BWWOH,2025-12-06,Organic,2026-01-05,Basic,Monthly,,,5.07,662.0,42,0,Nisha,India,Delhi,Male,1973-12-18,2025-03-17,Y,66.0,1.0
1011-QNTPD,2023-06-26,Organic,2023-07-26,Basic,Monthly,,,7.16,117.0,68,0,Ishita,India,Nagaland,Male,1997-09-07,,,,
1238-UEYCS,2022-12-26,Referral,2023-12-26,Standard,Annual,,,11.6,1134.0,57,0,Arjun,India,Uttar Pradesh,Female,1972-03-27,2023-12-14,N,12.0,2.0
9751-LBWEN,2022-06-30,Organic,2022-07-30,,Monthly,,,,1017.0,52,0,Rohan,India,Punjab,Female,1988-01-09,2025-12-30,Y,84.0,2.0
9844-TBVET,2024-10-29,Organic,2025-10-29,Basic,Annual,2025-12-15,Too Expensive,4.99,85.0,67,1,Meera,India,Karnataka,Female,2002-07-21,2025-09-14,N,55.0,4.0
6218-HLDZG,2021-09-12,Organic,2021-10-12,Premium,Monthly,,,23.53,1426.0,13,0,Vikram,India,Punjab,Male,2003-09-30,2026-04-20,Y,97.0,2.0
3103-NRNNP,2024-01-19,Paid,2025-01-18,Basic,Annual,,,6.82,560.0,71,0,Vivaan,India,Telangana,Female,1980-04-11,2026-02-18,Y,8.0,2.0
8579-KVUYX,2024-02-13,Paid,2025-02-12,Standard,Annual,,,10.56,896.0,87,0,Kavya,India,Meghalaya,Female,1979-11-11,2025-09-27,N,43.0,1.0
7985-GUTHR,2026-04-15,Paid,2027-04-15,Premium,Annual,,,24.77,1373.0,92,0,Vivaan,India,Tamil Nadu,Female,1979-06-03,2026-04-09,Y,10.0,2.0
2547-NUEIU,2022-04-05,Paid,2022-05-05,Standard,Monthly,2026-08-30,Poor Streaming Quality,13.55,740.0,26,1,Vivaan,India,Gujarat,Female,1993-01-09,,,,
4550-YASVX,2025-02-07,Paid,2026-02-07,Standard,Annual,,,11.35,917.0,89,0,Rohan,India,Gujarat,Female,1972-07-18,2023-05-05,N,38.0,3.0
1587-ZKJJQ,2024-09-21,Organic,2025-09-21,Standard,Annual,2024-09-02,Too Expensive,14.19,1033.0,77,1,Kavya,India,Nagaland,Male,1972-01-16,2026-04-17,Y,87.0,1.0
6600-MBZFC,2025-08-09,Organic,2025-09-08,Standard,Monthly,,,13.36,735.0,26,0,Vikram,India,Delhi,Male,2009-05-12,,,,
5982-KQWCH,2022-06-20,Organic,2023-06-20,Basic,Annual,2024-10-06,Forgot To Cancel Trial,7.6,916.0,39,1,Vikram,India,Tamil Nadu,Male,1975-07-10,2023-09-01,N,83.0,2.0
5176-UPJPZ,2023-12-06,Refferal,2024-12-05,Standard,Annual,,,15.38,213.0,53,0,Sneha,India,Tamil Nadu,Female,1973-10-07,2025-09-14,Y,73.0,2.0
4812-WUHGU,2024-10-16,Organic,2024-11-15,Standard,Monthly,,,15.63,821.0,52,0,Kavya,India,Gujarat,Female,2005-06-07,2023-12-27,N,12.0,1.0
2093-IGPHR,2026-07-17,Organic,2027-07-17,Premium,Annual,2026-08-15,Switched To Competitor,21.49,1749.0,33,1,Ananya,India,Punjab,Female,1987-10-30,2023-08-12,Y,26.0,1.0
9349-VYALF,2022-02-03,Paid,2022-03-05,Basic,Monthly,,,10.47,137.0,67,0,Priya,India,Kerala,Female,1976-09-19,2026-01-07,N,67.0,3.0
9179-SIOPM,2021-09-12,Paid,2021-10-12,Premium,Monthly,2024-05-26,Not Enough Content,21.19,1371.0,12,1,Ananya,India,Haryana,Female,1999-12-14,,,,
4755-BLJVW,2024-10-11,Refferal,2024-11-10,Basic,Monthly,,,5.7,613.0,68,0,Nisha,India,Nagaland,Female,1990-07-17,2023-09-23,N,55.0,2.0
7509-AVKKY,2021-02-22,Organic,2021-03-24,Standard,Monthly,,,16.2,459.0,58,0,Sanjay,India,Delhi,Male,2001-11-03,2025-09-11,N,12.0,3.0
8675-BJTOG,2025-09-05,Organic,2025-10-05,Premium,Monthly,2026-03-31,Too Expensive,23.39,1857.0,7,1,Aarav,India,Uttar Pradesh,Male,1970-06-12,2024-10-30,N,100.0,2.0
5258-WFTTX,2023-07-19,Paid,2023-08-18,Standard,Monthly,2023-11-23,Not Enough Content,13.06,539.0,16,1,Pooja,India,Haryana,Male,1993-01-13,2025-03-06,Y,39.0,1.0
2995-FONKU,2021-09-26,Referral,2022-09-26,Basic,Annual,2024-05-31,Service Quality,9.6,94.0,64,1,Nisha,India,Delhi,Female,1984-04-27,2025-11-30,N,46.0,1.0
7994-GUFKA,2025-03-17,Paid,2026-03-17,Standard,Annual,2026-08-04,Too Expensive,14.46,943.0,73,1,Priya,India,West Bengal,Female,1984-06-07,2026-06-23,Y,62.0,2.0
3419-YLSCQ,2021-03-14,Paid,2021-04-13,Premium,Monthly,,,23.14,,50,0,Rahul,India,West Bengal,Female,1976-02-19,2026-04-19,Y,40.0,1.0
3730-TYNCM,2025-08-19,Paid,2026-08-19,Premium,Annual,2026-08-16,Forgot To Cancel Trial,23.04,1543.0,83,1,Pooja,Nepal,Kathmandu,Female,2004-02-01,,,,
1252-LBQIF,2021-01-19,Organic,2022-01-19,Standard,Annual,2024-04-30,Service Quality,12.66,813.0,36,1,Neha,India,West Bengal,Male,1986-12-18,2026-04-01,Y,86.0,2.0
0196-XVVBJ,2025-10-09,Paid,2025-11-08,Basic,Monthly,2026-06-04,Poor Support,6.45,363.0,87,1,Sanjay,India,Karnataka,Female,1980-01-16,2024-07-22,N,55.0,1.0
9713-PDDGZ,2022-06-19,Referral,2023-06-19,Standard,Annual,,,12.67,1096.0,83,0,Ananya,India,Telangana,Male,1995-03-03,2025-05-16,N,82.0,2.0
1715-XRXVI,2025-06-25,Organic,2025-07-25,Standard,Monthly,2026-04-10,Too Expensive,12.67,771.0,78,1,Arjun,India,Meghalaya,Female,1998-08-11,2023-10-15,N,58.0,1.0
8282-EHFDC,2022-07-21,Paid,2022-08-20,Basic,Monthly,2025-01-18,Poor Streaming Quality,5.59,516.0,10,1,Neha,India,Uttar Pradesh,Male,1987-06-21,2024-11-16,Y,100.0,2.0
1893-DJBBZ,2024-04-02,Paid,2024-05-02,Premium,Monthly,,,23.27,1207.0,70,0,Amit,India,Kerala,Female,1971-08-29,2026-05-20,Y,71.0,2.0
0898-BADNV,2026-05-30,Organic,2026-06-29,Standard,Monthly,,,16.78,1141.0,20,0,Kavya,India,Kerala,Male,1991-04-22,2025-10-30,N,47.0,2.0
7354-PCUAQ,2025-12-30,Referral,2026-01-29,Standard,Monthly,,,15.15,761.0,53,0,Aditya,India,Punjab,Male,2003-11-23,2025-02-17,N,58.0,1.0
4107-WHQLN,2023-10-08,Paid,2023-11-07,Standard,Monthly,2024-10-19,Too Expensive,16.44,996.0,60,1,Arjun,India,Telangana,Male,1995-10-09,,,,
9388-SKLSI,2025-12-26,Organic,2026-12-26,Basic,Annual,,,5.6,268.0,44,0,Amit,Nepal,Kathmandu,Male,1995-12-08,,,,
1698-MBEKU,2021-12-19,,2022-01-18,Standard,Monthly,,,11.83,1342.0,73,0,Nisha,India,Kerala,Male,1975-04-17,2026-05-14,N,19.0,2.0
7818-GKDTG,2026-04-07,Organic,2027-04-07,Standard,Annual,,,14.11,628.0,86,0,Vivaan,India,Karnataka,Female,2006-11-20,2025-05-14,Y,14.0,2.0
7999-VRIYR,2021-05-03,Organic,2022-05-03,Standard,Annual,2023-06-13,Too Expensive,13.4,566.0,82,1,Meera,India,Meghalaya,Female,1996-08-23,2024-07-29,N,95.0,1.0
6466-WWCWT,2022-01-13,Paid,2023-01-13,Standard,Annual,,,11.7,479.0,83,0,Sneha,India,Meghalaya,Male,1983-09-14,2025-07-05,N,91.0,1.0
2084-HTFLR,2025-06-20,Refferal,2026-06-20,,Annual,,,14.72,948.0,73,0,Karan,India,Gujarat,Male,1976-11-29,2024-06-06,N,58.0,1.0
6512-XCHZO,2021-08-21,Paid,2021-09-20,Standard,Monthly,,,16.11,901.0,35,0,Priya,India,Tamil Nadu,Male,1998-11-08,2024-05-29,N,42.0,1.0
2504-HIOHQ,2021-09-16,Organic,2021-10-16,Basic,Monthly,2024-06-25,Switched To Competitor,8.07,,19,1,Meera,India,Punjab,Male,2004-06-08,2026-06-19,N,21.0,2.0
4465-PEQYD,2023-10-08,Organic,2023-11-07,Standard,Monthly,2024-06-10,Not Enough Content,13.76,730.0,16,1,Ananya,India,Haryana,Male,2002-04-21,2026-05-09,N,42.0,2.0
3290-SQROR,2024-05-01,Referral,2024-05-31,Standard,Monthly,,,13.26,927.0,46,0,Neha,India,Haryana,Female,1995-03-25,2025-12-07,N,80.0,2.0
6102-BTLBK,2021-01-11,Paid,2022-01-11,Premium,Annual,2024-10-25,Not Enough Content,21.54,1661.0,96,1,Arjun,India,Meghalaya,Male,1991-01-23,2024-10-18,Y,49.0,2.0
4364-CZFIL,2022-01-08,Organic,2022-02-07,Standard,Monthly,,,14.65,548.0,59,0,Riya,India,Maharashtra,Female,2003-08-30,2025-11-11,N,47.0,1.0
8328-TUGVV,2021-04-19,Referral,2021-05-19,Standard,Monthly,,,11.74,852.0,39,0,Meera,India,West Bengal,Female,2001-07-28,2025-04-19,N,91.0,2.0
4650-OATYM,2024-07-01,Organic,2024-07-31,Premium,Monthly,,,23.0,1201.0,96,0,Pooja,India,Haryana,Female,1999-08-23,2026-07-16,N,60.0,2.0
5415-MCQSY,2025-07-25,Organic,2026-07-25,Standard,Annual,,,13.36,896.0,87,0,Pooja,India,Kerala,Female,1973-03-04,2024-04-23,Y,86.0,3.0
9298-MYNQP,2021-01-08,Organic,2021-02-07,Standard,Monthly,,,13.47,1005.0,63,0,Arjun,India,Nagaland,Male,1973-01-17,2024-06-03,Y,43.0,1.0
9985-TDBKN,2022-12-11,Organic,2023-01-10,Standard,Monthly,,,11.73,594.0,62,0,Sneha,India,Telangana,Female,1999-08-12,,,,
6693-MNXIM,2023-06-22,Organic,2023-07-22,Standard,Monthly,,,15.14,598.0,52,0,Vikram,India,Telangana,Female,1983-11-01,2025-04-21,N,94.0,3.0
5583-MZZNL,2024-02-14,Organic,2024-03-15,Basic,Monthly,2024-08-15,Switched To Competitor,7.3,648.0,15,1,Amit,India,Meghalaya,Male,1983-03-12,2026-02-03,Y,15.0,2.0
5898-ELFDC,2026-07-14,Organic,2027-07-14,Basic,Annual,,,10.6,197.0,8,0,Vikram,Nepal,Kathmandu,Female,1981-07-18,2025-02-05,N,56.0,1.0
5879-AQLJU,2025-01-08,Organic,2025-02-07,Standard,Monthly,2026-05-22,Poor Support,13.49,877.0,60,1,Rohan,Nepal,Kathmandu,Female,1998-05-06,2026-04-13,N,87.0,1.0
5398-TSAFO,2025-07-08,Organic,2025-08-07,Basic,Monthly,2026-05-22,Poor Support,12.36,666.0,29,1,Meera,India,Tamil Nadu,Female,1985-01-31,2025-12-15,N,41.0,2.0
9755-ECYZE,2023-06-20,Refferal,2024-06-19,Standard,Annual,,,13.42,862.0,73,0,Sneha,India,Kerala,Male,1979-02-27,2024-10-04,N,9.0,2.0
4031-QFIKQ,2021-01-07,Organic,2021-02-06,Basic,Monthly,2024-03-14,Poor Support,4.99,680.0,78,1,Rohan,India,Karnataka,Female,1990-03-28,2025-07-16,N,74.0,2.0
3096-KHTDF,2023-01-14,Referral,2024-01-14,Basic,Annual,,,7.3,606.0,60,0,Kavya,India,Gujarat,Female,2005-11-18,2026-06-06,N,44.0,2.0
2517-XYNET,2021-07-27,Organic,2022-07-27,Standard,Annual,,,12.74,1045.0,93,0,Sneha,India,Delhi,Male,2003-07-05,2024-03-12,N,33.0,1.0
4932-WJZUF,2022-09-29,Organic,2022-10-29,Standard,Monthly,,,12.33,20.0,66,0,Meera,India,Kerala,Male,1971-08-07,2025-10-12,N,68.0,1.0
7261-HJGRG,2023-02-11,Paid,2023-03-13,Standard,Monthly,,,14.96,748.0,60,0,Kavya,India,Tamil Nadu,Female,1976-04-12,2023-08-27,N,58.0,1.0
6396-PTZAZ,2025-10-25,Organic,2025-11-24,Premium,Monthly,2025-12-31,Forgot To Cancel Trial,22.22,953.0,8,1,Pooja,India,Uttar Pradesh,Male,1995-08-15,2023-03-26,N,38.0,1.0
1114-NIQSW,2023-12-10,Paid,2024-01-09,Basic,Monthly,2024-06-24,Poor Streaming Quality,7.99,269.0,94,1,Sanjay,India,Gujarat,Female,1981-07-02,2024-05-12,N,88.0,2.0
4033-YIFJN,2021-08-01,Referral,2021-08-31,Basic,Monthly,,,5.59,580.0,53,0,Sneha,India,Telangana,Male,1979-07-30,2025-11-13,N,30.0,1.0
6688-VFHYL,2023-04-20,Organic,2024-04-19,Standard,Annual,,,15.77,251.0,43,0,Nisha,India,Tamil Nadu,Female,1971-02-27,2025-08-26,N,82.0,1.0
2433-ZLZXX,2024-09-08,Organic,2024-10-08,Standard,Monthly,2025-10-17,Forgot To Cancel Trial,16.43,702.0,32,1,Karan,India,Haryana,Female,1970-08-28,2026-06-29,N,38.0,2.0
5827-UYGAI,2025-05-18,Refferal,2025-06-17,Standard,Monthly,2025-10-09,Poor Support,14.05,402.0,22,1,Kavya,India,Tamil Nadu,Female,1991-04-23,2026-06-27,N,18.0,2.0
6377-OCOEN,2021-08-23,Organic,2022-08-23,Standard,Annual,2021-09-14,Too Expensive,12.52,667.0,59,1,Rahul,India,Kerala,Female,2006-05-16,2025-10-07,N,7.0,2.0
5766-QKKRT,2021-06-25,Referral,2021-07-25,Premium,Monthly,2021-06-12,Too Expensive,22.53,1259.0,8,1,Ishita,India,Punjab,Male,2005-04-24,,,,
8081-ILIND,2023-10-10,Paid,2024-10-09,Standard,Annual,,,13.9,762.0,86,0,Sneha,India,Punjab,Male,1993-12-31,2025-06-16,N,28.0,4.0
4314-ENWZL,2024-05-30,Organic,2024-06-29,Basic,Monthly,2025-03-17,Poor Streaming Quality,6.18,20.0,93,1,Neha,India,Telangana,Male,2010-06-30,2026-01-08,N,25.0,5.0
0585-FCTZO,2021-04-22,Organic,2022-04-22,Basic,Annual,,,6.52,655.0,11,0,Rohan,India,Karnataka,Male,1986-08-16,2025-11-14,N,20.0,1.0
1788-AZICE,2026-01-26,Organic,2027-01-26,Basic,Annual,2026-02-27,Switched To Competitor,7.28,562.0,28,1,Riya,India,Telangana,Male,2006-11-25,2023-09-07,N,45.0,1.0
2570-RXHRB,2026-05-25,Paid,2027-05-25,Premium,Annual,2026-07-20,Forgot To Cancel Trial,20.87,1488.0,84,1,Kavya,India,Punjab,Female,2001-08-30,2025-02-27,N,68.0,2.0
0124-BYPUA,2023-05-22,Paid,2024-05-21,Standard,Annual,,,13.87,709.0,23,0,Ananya,India,Nagaland,Male,1972-06-11,2025-11-18,N,10.0,2.0
0245-WCENP,2022-11-04,Organic,2022-12-04,Basic,Monthly,,,6.82,373.0,86,0,Rohan,India,Telangana,Female,1990-06-27,2023-06-16,N,38.0,1.0
2307-LRLJB,2023-09-02,Organic,2023-10-02,Basic,Monthly,,,5.94,108.0,89,0,Amit,India,Punjab,Female,2004-08-02,2026-07-10,N,6.0,3.0
4531-UQXDA,2021-09-26,Organic,2021-10-26,Basic,Monthly,,,7.87,556.0,78,0,Rohan,India,West Bengal,Female,1984-12-01,2024-09-03,Y,100.0,1.0
5491-EPXIO,2023-05-02,Organic,2023-06-01,Premium,Monthly,2024-11-19,Too Expensive,21.94,1645.0,12,1,Aarav,India,Rajasthan,Male,1981-05-09,2024-02-21,Y,43.0,2.0
6823-DXFVR,2025-10-01,Paid,2026-10-01,Basic,Annual,,,7.25,208.0,60,0,Rohan,Nepal,Kathmandu,Female,1993-09-03,2025-04-25,N,21.0,1.0
1430-SFPYY,2022-10-11,Paid,2022-11-10,Standard,Monthly,,,14.12,703.0,95,0,Pooja,India,Gujarat,Female,1978-05-20,2024-12-31,N,79.0,3.0
8714-MOHXM,2021-03-05,Paid,2021-04-04,Premium,Monthly,,,24.04,1495.0,52,0,Karan,India,Meghalaya,Female,2004-11-11,2024-09-15,Y,86.0,2.0
7720-JTFTB,2021-08-31,Referral,2022-08-31,Basic,Annual,,,6.11,620.0,46,0,Amit,Nepal,Kathmandu,Female,1976-04-19,2024-04-12,Y,40.0,1.0
1069-JMSJA,2023-03-20,Paid,2023-04-19,Standard,Monthly,,,11.74,501.0,22,0,Arjun,India,Delhi,Female,1988-02-27,2025-12-13,N,28.0,2.0
3269-LOQGP,2024-10-09,Refferal,2025-10-09,Standard,Annual,2026-03-29,Forgot To Cancel Trial,15.41,899.0,3,1,Nisha,India,Gujarat,Female,1983-03-31,2024-09-29,N,64.0,2.0
6324-UNVFS,2021-04-23,Refferal,2021-05-23,Basic,Monthly,,,9.13,378.0,3,0,Neha,India,Gujarat,Female,1983-09-22,2025-01-22,N,49.0,1.0
0481-CWMQP,2021-10-01,Referral,2022-10-01,Standard,Annual,2023-12-23,Forgot To Cancel Trial,11.03,1100.0,33,1,Vikram,India,Nagaland,Male,1990-04-28,2026-01-16,N,68.0,2.0
6955-GEBWF,2024-05-17,Paid,2024-06-16,Premium,Monthly,,,22.73,1143.0,58,0,Neha,India,Haryana,Female,2005-07-20,2025-11-21,Y,80.0,3.0
5761-LEKCE,2026-04-06,Paid,2027-04-06,Basic,Annual,,,5.21,338.0,53,0,Riya,India,Haryana,Female,1974-08-17,2025-06-30,Y,98.0,1.0
1417-VOYLF,2024-04-09,Organic,2025-04-09,Standard,Annual,2024-11-08,Service Quality,9.96,508.0,9,1,Pooja,India,Meghalaya,Male,2007-01-02,2026-07-09,N,25.0,1.0
6094-YNAHY,2025-06-20,Paid,2026-06-20,Basic,Annual,,,7.41,261.0,50,0,Kavya,India,Haryana,Female,1985-08-19,2025-10-26,N,45.0,2.0
5194-YNAWT,2022-07-01,Organic,2023-07-01,Premium,Annual,,,20.82,2018.0,11,0,Sanjay,India,Delhi,Male,2004-11-10,,,,
7158-ZFXGZ,2026-02-05,Refferal,2027-02-05,Standard,Annual,,,12.51,361.0,4,0,Vivaan,India,West Bengal,Female,1977-10-24,2026-01-14,N,84.0,2.0
1933-OUCBW,2025-05-01,Paid,2025-05-31,Basic,Monthly,2025-11-06,Too Expensive,8.53,57.0,55,1,Ananya,India,Tamil Nadu,Male,1973-10-09,2023-11-16,N,32.0,2.0
0626-PYPMK,2021-12-04,Paid,2022-01-03,Premium,Monthly,2022-12-28,Poor Support,24.08,1434.0,65,1,Rahul,India,Nagaland,Male,1979-06-26,,,,
6389-ONDRT,2023-11-19,Referral,2024-11-18,Basic,Annual,2024-10-06,Poor Streaming Quality,5.49,368.0,26,1,Neha,India,Punjab,Male,1983-11-04,2026-05-12,N,6.0,1.0
7094-BSSEW,2021-07-14,Organic,2022-07-14,Basic,Annual,,,5.54,109.0,20,0,Pooja,India,Punjab,Female,2002-04-25,2025-07-24,N,16.0,1.0
5249-MSNOI,2022-10-25,Paid,2023-10-25,Basic,Annual,2025-08-19,Not Enough Content,7.18,389.0,6,1,Pooja,India,Maharashtra,Male,2003-10-08,2025-04-14,N,93.0,1.0
9279-ZDTAJ,2022-03-24,Organic,2023-03-24,Standard,Annual,,,12.51,563.0,74,0,Aarav,India,Delhi,Female,1983-02-24,2023-03-03,N,35.0,1.0
9699-EJFSM,2025-01-17,Refferal,2025-02-16,Standard,Monthly,,,13.58,623.0,16,0,Amit,India,Nagaland,Female,1979-05-20,2024-12-08,Y,45.0,1.0
5940-YNTCF,2023-11-25,Paid,2023-12-25,Premium,Monthly,2026-08-01,Switched To Competitor,22.77,1423.0,50,1,Ananya,India,Delhi,Male,2001-10-05,2026-06-14,N,87.0,2.0
9468-WRJFW,2021-03-25,Refferal,2021-04-24,Standard,Monthly,2023-04-14,Not Enough Content,9.69,651.0,35,1,Arjun,India,Rajasthan,Male,1999-11-22,2024-10-16,N,82.0,2.0
7857-GPQMY,2023-01-18,Organic,2024-01-18,Premium,Annual,2024-07-15,Forgot To Cancel Trial,26.13,1639.0,63,1,Meera,India,Delhi,Female,1994-03-28,2024-07-26,Y,63.0,2.0
1261-GCSQZ,2022-09-10,Paid,2022-10-10,Standard,Monthly,,,14.75,694.0,55,0,Amit,India,Rajasthan,Female,1983-12-02,2025-09-15,N,74.0,3.0
5433-DLCRR,2021-04-07,Organic,2021-05-07,Standard,Monthly,,,14.33,790.0,45,0,Riya,India,Haryana,Male,1993-02-12,2025-01-25,Y,6.0,1.0
8579-IIBKM,2021-04-09,Organic,2022-04-09,Basic,Annual,,,7.29,92.0,17,0,Meera,India,Punjab,Male,1983-09-29,,,,
7549-TDHNI,2025-12-04,Paid,2026-01-03,Basic,Monthly,2026-08-30,Too Expensive,6.73,336.0,63,1,Vikram,India,Punjab,Male,2001-09-15,2026-01-20,Y,48.0,2.0
0278-VTNIV,2022-01-13,Paid,2022-02-12,Standard,Monthly,,,11.8,737.0,64,0,Rohan,India,Delhi,Female,1999-08-15,2025-06-01,Y,35.0,2.0
0375-LUYGQ,2025-01-29,Organic,2025-02-28,Premium,Monthly,2026-02-25,Switched To Competitor,25.78,1213.0,77,1,Arjun,India,Meghalaya,Female,1988-09-27,,,,
1916-DJXRM,2022-02-01,Paid,2022-03-03,Basic,Monthly,2022-02-03,Forgot To Cancel Trial,7.16,253.0,39,1,Priya,India,Karnataka,Male,1989-07-02,,,,
2845-DHDER,2023-04-17,Organic,2023-05-17,Standard,Monthly,,,13.6,1197.0,87,0,Nisha,India,Rajasthan,Female,1982-03-05,2024-02-03,N,78.0,2.0
1347-BOHLD,2023-01-29,Organic,2024-01-29,Standard,Annual,,,14.91,909.0,20,0,Vikram,India,Haryana,Male,1986-08-09,2025-12-12,N,84.0,3.0
2118-LRKON,2022-12-31,Refferal,2023-12-31,Standard,Annual,,,16.45,277.0,17,0,Meera,India,Karnataka,Male,2004-09-01,2023-01-20,N,70.0,1.0
2705-HLARP,2026-04-24,Paid,2027-04-24,Basic,Annual,,,5.41,115.0,45,0,Aarav,India,Meghalaya,Male,1994-06-24,,,,
3077-JIQTC,2021-06-03,Referral,2022-06-03,Basic,Annual,2022-10-22,Service Quality,8.14,576.0,26,1,Priya,India,Delhi,Male,1978-03-19,2026-02-16,N,12.0,1.0
4146-ALGIL,2021-07-27,Organic,2021-08-26,Standard,Monthly,2022-11-22,Poor Support,14.13,1136.0,42,1,Ishita,India,Haryana,Female,2000-01-25,,,,
3253-KTVAJ,2022-05-19,Organic,2022-06-18,Premium,Monthly,,,25.58,1352.0,13,0,Sanjay,India,Haryana,Male,1986-01-04,2025-10-20,N,67.0,3.0
8471-NFPDA,2025-07-17,Refferal,2025-08-16,Premium,Monthly,,,24.06,1827.0,52,0,Neha,India,Maharashtra,Female,1974-11-09,2023-03-30,N,53.0,1.0
6332-NTIWK,2022-02-15,Organic,2023-02-15,Basic,Annual,2023-11-21,Forgot To Cancel Trial,10.32,472.0,33,1,Pooja,India,Rajasthan,Female,1988-12-31,2026-01-21,N,35.0,2.0
7385-CCUVY,2023-05-20,Organic,2023-06-19,,Monthly,,,4.99,402.0,91,0,Vikram,India,Haryana,Male,1973-12-01,,,,
3262-AZPGT,2025-12-27,Organic,2026-01-26,Standard,Monthly,,,14.08,807.0,13,0,Priya,India,Kerala,Female,1982-09-19,2026-03-03,N,25.0,2.0
9040-HUUNQ,2025-08-08,Organic,2026-08-08,Basic,Annual,,,7.33,430.0,36,0,Riya,India,Maharashtra,Female,1973-11-20,2026-02-15,N,32.0,2.0
2712-YZZTB,2025-10-25,Organic,2026-10-25,Premium,Annual,2025-10-14,Too Expensive,23.3,1568.0,91,1,Sanjay,Nepal,Kathmandu,Female,1971-12-06,2025-03-31,N,63.0,1.0
3679-LYOND,2021-05-18,Refferal,2021-06-17,Standard,Monthly,,,17.32,618.0,12,0,Nisha,India,Telangana,Male,1998-10-03,2025-03-12,Y,10.0,2.0
7941-ICZEA,2021-05-09,Paid,2022-05-09,Premium,Annual,,,26.04,1461.0,67,0,Vikram,India,Meghalaya,Female,2009-08-09,2025-05-16,N,98.0,1.0
0800-LCVNI,2025-12-15,Organic,2026-01-14,Basic,Monthly,2026-04-23,Forgot To Cancel Trial,8.77,479.0,56,1,Arjun,India,Maharashtra,Male,2003-10-15,2025-12-01,Y,69.0,1.0
0055-MDZHM,2024-08-05,Referral,2025-08-05,Premium,Annual,,,23.3,1251.0,13,0,Karan,India,Karnataka,Female,1993-10-17,,,,
0209-DFBSY,2022-11-08,Referral,2023-11-08,Premium,Annual,,,26.36,1589.0,91,0,Arjun,India,Kerala,Male,1986-12-20,2025-11-03,N,43.0,2.0
9852-GUNBC,2024-03-25,Organic,2024-04-24,Premium,Monthly,,,23.57,1265.0,61,0,Aarav,India,Uttar Pradesh,Male,1982-09-24,2026-05-23,N,73.0,1.0
5488-LAYSN,2024-04-26,Organic,2025-04-26,Standard,Annual,,,14.54,1049.0,4,0,Kavya,India,Gujarat,Female,1995-07-14,,,,
9869-ZZGWN,2025-01-16,Paid,2026-01-16,Standard,Annual,,,12.0,246.0,9,0,Riya,India,Rajasthan,Male,2009-05-28,2025-01-16,N,95.0,2.0
7266-WELDH,2025-12-13,Organic,2026-12-13,Basic,Annual,2026-04-28,Forgot To Cancel Trial,7.01,468.0,4,1,Pooja,India,Gujarat,Male,1987-08-21,2025-10-25,N,34.0,2.0
4148-WWKIN,2022-09-20,Refferal,2022-10-20,Standard,Monthly,2025-03-28,Switched To Competitor,15.55,698.0,26,1,Aarav,India,Delhi,Female,2008-05-31,2023-04-01,N,80.0,1.0
9119-ZFESH,2022-07-03,Organic,2022-08-02,Premium,Monthly,,,24.84,1532.0,26,0,Riya,India,Gujarat,Male,1970-06-27,2025-11-10,Y,63.0,2.0
2016-AKKOF,2022-05-06,Paid,2022-06-05,Premium,Monthly,2025-12-31,Forgot To Cancel Trial,20.29,1262.0,67,1,Neha,Nepal,Kathmandu,Male,1984-01-11,2026-01-23,N,25.0,2.0
7149-RMENR,2022-08-28,Paid,2023-08-28,Standard,Annual,,,13.5,718.0,12,0,Aarav,India,Punjab,Male,1970-01-24,2024-05-09,N,31.0,1.0
3741-GNJKJ,2021-01-31,Organic,2021-03-02,Premium,,,,22.89,1767.0,3,0,Aarav,India,Tamil Nadu,Female,1971-11-03,2025-03-31,N,23.0,2.0
3051-SLMQJ,2022-02-15,Organic,2023-02-15,Basic,Annual,,,6.39,338.0,96,0,Rohan,Nepal,Kathmandu,Female,1996-03-26,2025-06-04,N,35.0,2.0
1031-WBOGF,2024-12-24,Organic,2025-12-24,Basic,Annual,,,11.52,20.0,6,0,Sanjay,India,Karnataka,Female,2001-09-28,2024-11-30,N,57.0,1.0
0442-XLITB,2026-05-20,Refferal,2026-06-19,Standard,Monthly,,,14.47,,73,0,Sanjay,India,Haryana,Female,1996-10-15,2024-11-26,N,86.0,2.0
5655-MODYG,2024-02-13,Refferal,2025-02-12,Standard,Annual,,,15.6,892.0,41,0,Rahul,India,Rajasthan,Male,1990-02-06,,,,
6791-TIDHU,2021-07-20,Refferal,2021-08-19,Basic,Monthly,2025-05-13,Not Enough Content,8.22,27.0,17,1,Pooja,India,Telangana,Female,2001-05-15,2025-12-06,Y,39.0,4.0
9066-YFPDS,2023-07-28,Organic,2023-08-27,Premium,Monthly,,,22.86,1492.0,51,0,Aditya,India,Uttar Pradesh,Female,1997-09-08,2024-04-15,Y,31.0,2.0
4172-SRZMI,2022-01-15,Paid,2022-02-14,Standard,Monthly,2026-06-27,Forgot To Cancel Trial,15.34,442.0,23,1,Vikram,India,Gujarat,Female,1978-02-15,2026-06-19,N,77.0,2.0
5278-ECNVN,2022-04-25,Organic,2023-04-25,Standard,Annual,2023-07-11,Poor Support,18.24,395.0,53,1,Pooja,India,Punjab,Female,2008-04-29,2024-08-24,N,57.0,2.0
7823-ELPJA,2024-01-28,Organic,2025-01-27,,Annual,,,11.05,332.0,95,0,Sanjay,India,Meghalaya,Male,1996-06-09,2025-01-11,N,9.0,1.0
0756-YPGGB,2023-01-24,Paid,2023-02-23,Basic,Monthly,,,7.53,50.0,2,0,Meera,India,Maharashtra,Female,2002-05-01,2026-06-07,N,69.0,1.0
9448-CTGIH,2023-07-15,Referral,2023-08-14,Premium,Monthly,,,27.16,1564.0,60,0,Sneha,India,Karnataka,Female,1998-07-26,2026-05-22,N,45.0,2.0
8248-AJHHF,2024-07-02,Paid,2024-08-01,,Monthly,,,,1418.0,20,0,Pooja,India,Punjab,Male,1980-02-16,2025-01-10,N,15.0,2.0
9125-JKKZI,2022-04-25,Organic,2023-04-25,Basic,Annual,,,6.87,130.0,73,0,Rohan,India,Punjab,Male,1993-10-30,2024-07-31,N,24.0,1.0
3432-IICPA,2022-04-02,Refferal,2022-05-02,Premium,Monthly,,,23.71,1670.0,58,0,Kavya,India,Punjab,Female,1991-07-27,2024-02-23,Y,72.0,1.0
2277-FHTPZ,2026-04-23,Paid,2027-04-23,Premium,Annual,,,24.8,1352.0,24,0,Rohan,India,West Bengal,Female,2007-07-08,2025-12-02,Y,40.0,5.0
3527-YBNUN,2025-09-12,Organic,2025-10-12,Premium,Monthly,,,19.44,1313.0,44,0,Ishita,Nepal,Kathmandu,Female,1988-08-07,,,,
9333-IAUBT,2022-05-21,Refferal,2022-06-20,Standard,Monthly,,,15.09,594.0,10,0,Ishita,India,Nagaland,Male,1977-03-25,2023-04-06,N,25.0,1.0
7339-VMXEL,2024-06-25,Refferal,2025-06-25,Standard,Annual,2026-07-08,Poor Support,13.87,1278.0,22,1,Rahul,India,Nagaland,Male,1985-02-07,2026-05-11,N,12.0,2.0
1239-TSUTI,2021-03-23,Organic,2022-03-23,Premium,Annual,,,23.11,1689.0,27,0,Kavya,India,Tamil Nadu,Female,1979-02-28,2023-08-07,N,34.0,2.0
0702-YMCYZ,2022-11-16,Referral,2023-11-16,Standard,Annual,,,10.53,985.0,5,0,Vikram,Nepal,Kathmandu,Female,2009-02-02,2026-04-22,N,82.0,1.0
4467-UACHR,2021-10-17,Organic,2022-10-17,Basic,Annual,,,4.99,573.0,93,0,Amit,India,Tamil Nadu,Male,1985-01-12,2025-04-11,Y,44.0,1.0
1354-ARUTU,2021-09-27,Referral,2021-10-27,Standard,,,,14.71,734.0,21,0,Riya,India,Kerala,Male,1977-01-21,2024-05-24,N,54.0,2.0
8032-PNWJC,2022-08-29,Organic,2023-08-29,Standard,Annual,,,13.85,944.0,49,0,Priya,India,Uttar Pradesh,Female,1998-04-12,2025-05-15,N,55.0,5.0
7524-HZKWB,2025-12-14,Paid,2026-01-13,Standard,Monthly,,,13.39,951.0,16,0,Amit,India,Punjab,Male,2002-07-17,2024-05-02,N,96.0,1.0
6599-LMGZK,2022-01-08,Referral,2023-01-08,Basic,Annual,,,6.94,219.0,95,0,Neha,Nepal,Kathmandu,Female,1994-04-19,2026-02-12,N,88.0,2.0
8507-LBWEH,2024-12-06,Paid,2025-01-05,Standard,Monthly,,,16.57,889.0,18,0,Nisha,India,Tamil Nadu,Female,1982-11-29,,,,
8613-XXLTI,2022-11-25,Organic,2022-12-25,Basic,Monthly,2024-04-23,Poor Support,6.95,385.0,71,1,Aditya,India,Nagaland,Female,2002-09-08,2025-10-06,N,50.0,2.0
7409-NBKMG,2025-05-05,Organic,2025-06-04,Standard,Monthly,,,12.2,741.0,85,0,Sneha,India,Rajasthan,Male,1994-08-05,2026-05-05,N,44.0,1.0
3759-NBDTJ,2023-04-28,Refferal,2023-05-28,Basic,Monthly,,,4.99,389.0,100,0,Nisha,India,Rajasthan,Male,1984-01-27,2024-03-27,N,51.0,2.0
6092-OOKMV,2025-06-09,Paid,2025-07-09,Basic,Monthly,,,7.77,250.0,73,0,Ananya,India,Telangana,Female,1974-02-27,2025-03-23,Y,87.0,2.0
9650-GRZAU,2024-04-27,Organic,2024-05-27,Premium,Monthly,2026-01-07,Poor Streaming Quality,22.93,1672.0,78,1,Vikram,India,Haryana,Female,1981-06-09,2023-12-16,N,41.0,1.0
4979-ZPVED,2025-02-26,Paid,2026-02-26,Standard,Annual,2025-12-11,Too Expensive,13.06,1070.0,59,1,Arjun,India,Maharashtra,Male,1986-08-21,2025-04-22,Y,73.0,5.0
9266-NOEFV,2024-03-17,Refferal,2025-03-17,Standard,Annual,2024-12-14,Poor Support,15.98,672.0,45,1,Amit,India,Rajasthan,Female,2007-10-14,2025-08-10,N,38.0,3.0
3049-PIGEY,2022-05-27,Organic,2022-06-26,Standard,Monthly,2023-06-13,Service Quality,10.43,777.0,74,1,Neha,India,Uttar Pradesh,Female,2002-08-23,2025-07-16,N,56.0,1.0
9401-CJOJS,2025-09-29,Refferal,2026-09-29,Standard,Annual,,,11.35,909.0,58,0,Sanjay,India,West Bengal,Female,2000-06-15,2024-03-12,N,73.0,2.0
2619-BIPEV,2025-02-28,Refferal,2026-02-28,Premium,Annual,,,19.78,1716.0,7,0,Rahul,India,Punjab,Male,1977-11-01,2025-09-14,N,58.0,5.0
0146-BNNHG,2024-12-15,Organic,2025-01-14,Basic,Monthly,,,5.23,637.0,13,0,Ananya,India,Uttar Pradesh,Female,1999-06-01,2025-09-26,N,94.0,4.0
0720-RJDKY,2023-06-09,Organic,2024-06-08,Basic,Annual,2025-07-22,Poor Support,4.99,977.0,4,1,Meera,India,Uttar Pradesh,Male,1975-10-01,2025-02-22,N,43.0,4.0
2629-XGEGI,2025-08-15,Organic,2025-09-14,Premium,Monthly,,,21.72,1374.0,59,0,Kavya,India,Delhi,Male,2006-10-13,2024-08-13,N,7.0,1.0
1227-PISML,2025-01-18,Referral,2026-01-18,Standard,Annual,2025-09-27,Forgot To Cancel Trial,12.21,1164.0,96,1,Karan,India,Nagaland,Male,1992-03-05,2023-11-15,N,61.0,1.0
4722-ESCSZ,2025-08-01,Paid,2026-08-01,Basic,Annual,,,8.7,206.0,61,0,Nisha,India,Meghalaya,Male,1977-08-06,2025-11-06,Y,93.0,3.0
7644-LIWGM,2021-09-22,Paid,2021-10-22,Basic,Monthly,,,4.99,220.0,65,0,Pooja,India,Uttar Pradesh,Male,1991-06-29,2026-07-07,Y,82.0,5.0
7713-XXCXC,2021-09-09,Organic,2021-10-09,Basic,Monthly,,,9.2,290.0,59,0,Kavya,India,Rajasthan,Male,1973-05-27,,,,
5854-YRYII,2026-01-12,Referral,2026-02-11,Standard,Monthly,,,16.23,1044.0,28,0,Karan,India,Uttar Pradesh,Female,2001-01-22,2025-11-25,N,31.0,2.0
3278-JRLTK,2021-09-24,Paid,2022-09-24,Standard,Annual,,,13.13,509.0,23,0,Kavya,India,Maharashtra,Female,1990-01-30,,,,
3093-EOXWG,2024-10-12,Paid,2024-11-11,Premium,Monthly,,,22.01,1573.0,88,0,Pooja,India,Telangana,Female,1980-05-26,2025-08-17,N,98.0,4.0
4788-SPBPB,2021-09-08,Organic,2022-09-08,Basic,Annual,,,4.99,769.0,5,0,Amit,India,Punjab,Female,1991-04-15,2023-04-11,N,71.0,1.0
1186-QCIPR,2025-01-26,Refferal,2026-01-26,Premium,Annual,2026-04-01,Switched To Competitor,23.2,1453.0,60,1,Sanjay,India,West Bengal,Male,2008-08-21,2026-05-08,Y,92.0,2.0
4470-CUYXT,2025-05-26,Refferal,2025-06-25,Standard,Monthly,,,14.15,1045.0,4,0,Rohan,India,Delhi,Male,1973-01-14,2026-02-12,Y,46.0,2.0
4036-WMDWI,2025-04-13,Organic,2026-04-13,Standard,Annual,,,16.74,694.0,96,0,Aarav,India,Gujarat,Female,1991-03-28,2025-06-29,Y,72.0,1.0
9387-JWNMH,2025-01-26,Organic,2025-02-25,Standard,Monthly,2025-11-28,Poor Support,10.86,679.0,22,1,Priya,Nepal,Kathmandu,Male,1977-05-04,2025-07-12,N,25.0,1.0
8360-BMJOG,2023-03-24,Organic,2024-03-23,Premium,Annual,,,21.77,1341.0,55,0,Sneha,India,West Bengal,Female,2008-07-10,,,,
6653-KEFSG,2024-12-30,Organic,2025-01-29,Standard,Monthly,,,13.0,1125.0,15,0,Meera,India,Telangana,Male,2005-03-13,2024-03-31,N,19.0,1.0
3088-QIKGI,2021-06-14,Organic,2021-07-14,Standard,Monthly,2024-06-29,Poor Support,15.82,896.0,76,1,Meera,India,Uttar Pradesh,Female,1972-06-13,2025-04-29,N,93.0,1.0
6934-NZUAJ,2022-08-13,Referral,2022-09-12,Standard,Monthly,,,8.54,880.0,29,0,Ananya,India,Punjab,Male,1991-04-11,2026-02-01,N,80.0,1.0
2915-PGZHN,2022-05-12,Paid,2022-06-11,Standard,Monthly,2025-06-28,Service Quality,18.62,1198.0,92,1,Meera,India,Telangana,Male,1977-03-06,,,,
1250-XXUJB,2024-09-05,Organic,2025-09-05,Basic,Annual,,,9.32,98.0,61,0,Ananya,India,Karnataka,Female,2001-05-13,2026-02-21,Y,69.0,1.0
7115-LZSOZ,2022-07-17,Organic,2023-07-17,Basic,Annual,,,11.91,518.0,43,0,Rahul,India,Tamil Nadu,Male,2006-09-14,2024-03-05,N,19.0,2.0
8008-LACLO,2023-10-24,Referral,2023-11-23,Standard,Monthly,,,12.99,872.0,71,0,Pooja,India,Meghalaya,Female,2011-01-10,2024-10-23,Y,59.0,2.0
0324-DSTAN,2024-05-02,Organic,2024-06-01,Basic,Monthly,,,9.31,78.0,7,0,Kavya,India,Haryana,Male,1981-05-14,2025-12-10,N,38.0,2.0
0831-SVWPQ,2023-01-24,Organic,2024-01-24,Basic,Annual,,,6.11,169.0,54,0,Riya,India,West Bengal,Male,1996-12-13,2026-06-27,N,36.0,2.0
9266-PLTPV,2024-12-25,Organic,2025-01-24,Standard,Monthly,2026-05-25,Switched To Competitor,14.27,570.0,70,1,Karan,India,Uttar Pradesh,Male,1984-02-27,2026-02-15,Y,78.0,2.0
5257-WBACO,2021-01-18,Paid,2021-02-17,Standard,Monthly,,,,726.0,70,0,Nisha,Nepal,Kathmandu,Male,2001-08-16,2025-04-05,N,15.0,2.0
7096-FEWTQ,2024-12-05,Refferal,2025-12-05,Premium,Annual,,,25.1,1387.0,41,0,Sanjay,India,Telangana,Female,1990-10-05,2026-04-02,N,34.0,1.0
4895-KAEXI,2026-02-21,Organic,2026-03-23,Standard,Monthly,,,14.23,692.0,19,0,Ishita,India,Rajasthan,Female,1972-11-09,2023-11-28,N,13.0,2.0
7051-SIFRC,2023-08-05,Organic,2023-09-04,Standard,Monthly,,,20.25,712.0,98,0,Amit,India,West Bengal,Female,1974-12-24,2025-01-20,N,11.0,1.0
4959-XSTCF,2021-04-09,Refferal,2021-05-09,Basic,Monthly,2025-02-23,Too Expensive,4.99,836.0,9,1,Neha,India,West Bengal,Female,1992-02-23,2026-07-02,N,92.0,5.0
2768-HFZES,2026-05-21,Refferal,2027-05-21,,Annual,,,6.51,575.0,70,0,Kavya,India,Nagaland,Female,1973-09-03,2025-07-12,N,99.0,2.0
5876-PFHPH,2021-01-13,Referral,2021-02-12,Premium,Monthly,,,18.63,1956.0,96,0,Rahul,India,Nagaland,Male,1984-09-17,2025-12-26,N,10.0,2.0
6947-BBSQB,2024-08-28,Paid,2024-09-27,Standard,Monthly,,,12.89,666.0,5,0,Meera,India,Maharashtra,Female,1974-10-14,2025-02-22,N,65.0,1.0
8991-AYSZY,2023-02-06,Organic,2023-03-08,Standard,Monthly,2026-08-25,Forgot To Cancel Trial,13.39,486.0,15,1,Sneha,India,Karnataka,Male,1983-05-10,2026-02-28,N,50.0,1.0
3147-TFMGM,2021-08-02,Paid,2022-08-02,,Annual,2023-08-25,Too Expensive,12.77,790.0,92,1,Amit,India,Maharashtra,Female,1973-07-15,2023-06-11,N,5.0,1.0
8725-LCIUN,2023-06-19,Organic,2024-06-18,Premium,Annual,,,26.54,1419.0,20,0,Sanjay,India,Telangana,Female,1985-01-01,2025-02-24,Y,94.0,2.0
5611-LHPQX,2021-11-14,Organic,2021-12-14,Standard,Monthly,2022-12-16,Service Quality,12.29,369.0,70,1,Priya,India,Uttar Pradesh,Male,1987-08-28,2025-07-12,N,79.0,2.0
6186-ZVCKK,2023-03-07,Paid,2023-04-06,Premium,Monthly,2025-10-30,Poor Support,22.88,1275.0,73,1,Aarav,India,Telangana,Male,2007-01-16,2025-08-27,Y,90.0,2.0
0054-ETJDH,2021-01-01,Organic,2021-01-31,Standard,Monthly,2024-05-20,Poor Support,14.84,880.0,92,1,Amit,India,Kerala,Female,2006-05-24,2026-07-08,N,10.0,2.0
2764-ECTVM,2026-05-23,Organic,2026-06-22,Standard,Monthly,,,15.02,920.0,83,0,Kavya,India,Karnataka,Female,1972-12-31,2024-12-26,N,85.0,2.0
6163-XVAYB,2022-12-21,Organic,2023-01-20,Basic,Monthly,,,8.89,275.0,47,0,Riya,India,West Bengal,Female,1982-01-09,2023-07-05,N,45.0,1.0
0289-KTCHG,2021-07-05,Organic,2022-07-05,Standard,Annual,,,17.75,181.0,62,0,Rahul,India,West Bengal,Male,1985-11-27,2024-04-02,N,35.0,2.0
3987-ZIFDF,2025-04-04,Refferal,2025-05-04,Basic,Monthly,,,7.76,20.0,79,0,Karan,India,Tamil Nadu,Male,1976-01-01,2024-05-10,N,56.0,2.0
1352-OKMVP,2022-09-05,Organic,2022-10-05,,Monthly,2026-08-21,Poor Support,6.23,,43,1,Aarav,India,Delhi,Female,1995-01-03,,,,
1571-JIVHD,2022-12-17,Organic,2023-01-16,Standard,Monthly,,,13.25,138.0,99,0,Arjun,India,Meghalaya,Female,1982-07-10,,,,
7365-LCRFW,2025-03-03,Organic,2026-03-03,Premium,Annual,,,18.97,1585.0,2,0,Sanjay,India,Gujarat,Female,2000-02-27,2026-03-10,N,12.0,2.0
8327-JOOQB,2022-02-24,Refferal,2022-03-26,Standard,Monthly,2022-10-06,Poor Support,12.5,,14,1,Neha,India,Karnataka,Male,1985-09-07,,,,
3264-ESBNS,2025-03-16,Organic,2026-03-16,Standard,,,,15.41,263.0,94,0,Amit,India,West Bengal,Male,1986-01-26,2026-03-12,N,79.0,1.0
9484-HASAB,2026-02-20,Referral,2026-03-22,Standard,Monthly,,,14.87,842.0,33,0,Aditya,Nepal,Kathmandu,Male,2010-12-23,2026-07-18,Y,42.0,2.0
9904-WSVBC,2025-02-26,Organic,2025-03-28,Standard,Monthly,,,16.41,708.0,55,0,Vivaan,India,Punjab,Female,1973-06-01,2026-03-16,N,78.0,3.0
3024-AXBOW,2024-09-08,Paid,2024-10-08,Premium,Monthly,,,24.38,1820.0,52,0,Arjun,India,Telangana,Male,1983-06-13,2026-06-11,N,59.0,2.0
7355-GMOTL,2023-07-06,Organic,2024-07-05,Premium,Annual,,,23.48,1219.0,71,0,Sneha,India,Gujarat,Female,1989-09-22,2026-03-28,Y,63.0,1.0
2867-UXMAN,2021-03-27,Referral,2022-03-27,Premium,Annual,2022-10-02,Service Quality,23.74,1888.0,34,1,Vivaan,Nepal,Kathmandu,Male,1985-10-15,,,,
8894-ZKDOV,2022-02-12,Paid,2022-03-14,Basic,Monthly,2023-09-13,Not Enough Content,5.82,168.0,2,1,Amit,India,Haryana,Male,1985-12-10,2025-10-30,Y,85.0,2.0
9450-BHMCX,2023-03-20,Organic,2023-04-19,Standard,Monthly,,,11.83,608.0,31,0,Karan,India,Punjab,Male,1978-02-03,2024-10-07,Y,55.0,1.0
1142-RXRTG,2025-07-13,,2025-08-12,Premium,Monthly,,,20.26,1467.0,91,0,Rohan,India,Delhi,Female,2003-09-05,2024-05-22,Y,57.0,1.0
8278-KBJJN,2021-02-05,Paid,2022-02-05,Standard,Annual,2023-01-22,Service Quality,15.41,781.0,49,1,Aditya,India,Meghalaya,Male,2004-09-17,2026-03-30,N,10.0,1.0
2665-MLISH,2024-10-01,Paid,2025-10-01,Standard,Annual,2026-02-21,Too Expensive,15.42,796.0,28,1,Kavya,India,Maharashtra,Male,1970-12-04,2026-05-24,Y,16.0,2.0
7662-GWJBD,2026-04-11,Paid,2027-04-11,Standard,Annual,,,13.8,666.0,55,0,Nisha,India,Nagaland,Female,1972-11-22,2025-11-06,Y,99.0,2.0
8066-WFPOD,2023-12-21,,2024-12-20,Premium,Annual,,,20.38,1281.0,16,0,Kavya,India,West Bengal,Female,1981-05-10,2025-04-04,N,68.0,1.0
4532-SZWCG,2022-11-07,Paid,2023-11-07,Premium,Annual,,,22.53,1307.0,84,0,Pooja,India,Maharashtra,Female,1981-11-07,2025-11-19,N,45.0,2.0
4380-DOACB,2025-04-18,Organic,2026-04-18,Standard,Annual,2025-07-08,Switched To Competitor,14.0,521.0,39,1,Priya,Nepal,Kathmandu,Male,1988-01-18,2025-05-18,N,29.0,5.0
2971-TEZHB,2021-11-15,Refferal,2022-11-15,Basic,Annual,,,10.66,175.0,24,0,Aarav,India,Nagaland,Female,1982-06-28,2023-08-19,N,83.0,1.0
3370-TCBWP,2022-12-17,Refferal,2023-01-16,Premium,Monthly,,,21.72,1560.0,73,0,Rahul,India,Uttar Pradesh,Male,1995-08-12,2025-12-17,N,46.0,2.0
3447-TVJOA,2025-11-27,Organic,2026-11-27,Premium,Annual,2026-03-26,Forgot To Cancel Trial,22.81,1443.0,22,1,Ananya,India,Delhi,Female,1976-01-21,2024-01-23,Y,16.0,1.0
3077-PFZZG,2023-01-22,Paid,2023-02-21,Basic,Monthly,2026-02-07,Switched To Competitor,5.5,20.0,77,1,Ananya,India,Uttar Pradesh,Male,1973-07-08,2026-06-05,N,78.0,2.0
3977-ENDKO,2026-06-22,,2026-07-22,Standard,Monthly,,,12.95,1043.0,30,0,Rohan,India,Uttar Pradesh,Female,1976-01-01,2025-04-01,N,98.0,1.0
6127-PFURT,2026-07-30,Organic,2026-08-29,Standard,Monthly,2026-08-29,Switched To Competitor,12.1,1022.0,67,1,Rahul,India,Uttar Pradesh,Female,2005-01-08,2025-03-28,Y,20.0,2.0
4690-XKUFG,2022-08-19,Paid,2022-09-18,Premium,Monthly,,,20.81,1905.0,33,0,Aarav,India,Meghalaya,Male,1991-05-07,,,,
5278-OTHWI,2023-06-16,Paid,2024-06-15,Premium,Annual,2026-02-09,Poor Streaming Quality,24.0,1482.0,1,1,Rahul,India,Telangana,Female,1983-08-16,2025-07-04,Y,59.0,2.0
5352-YORXZ,2022-08-11,Paid,2022-09-10,Basic,Monthly,2026-07-27,Poor Support,5.87,332.0,90,1,Arjun,India,Maharashtra,Female,1997-09-16,2023-11-11,N,18.0,2.0
5005-KFNXM,2021-11-20,Paid,2021-12-20,Basic,Monthly,,,6.16,606.0,21,0,Nisha,India,Tamil Nadu,Female,1987-08-06,2026-06-24,N,79.0,2.0
3500-CKGZN,2026-05-10,Paid,2026-06-09,Premium,Monthly,2026-06-19,Service Quality,20.61,1580.0,71,1,Vivaan,India,Rajasthan,Female,1999-08-17,2024-07-16,Y,49.0,2.0
1390-BWYTD,2021-05-08,Referral,2022-05-08,Basic,Annual,,,8.45,344.0,98,0,Amit,India,West Bengal,Male,1972-09-22,2026-05-08,N,98.0,1.0
1004-FTTVC,2021-10-26,Paid,2021-11-25,Standard,Monthly,2023-05-17,Poor Support,15.25,585.0,90,1,Amit,India,Rajasthan,Female,2005-12-19,2025-08-18,N,7.0,2.0
1552-XYSCB,2023-06-26,Referral,2023-07-26,Standard,Monthly,2026-09-01,Service Quality,14.36,593.0,98,1,Nisha,India,West Bengal,Male,1977-01-27,2024-08-22,Y,40.0,2.0
0578-RVQGT,2021-06-22,Paid,2021-07-22,Standard,Monthly,,,15.77,371.0,4,0,Aditya,India,Rajasthan,Female,1998-01-18,,,,
0613-VXSWP,2024-11-22,Paid,2024-12-22,Premium,Monthly,2026-01-26,Not Enough Content,20.39,1540.0,36,1,Nisha,Nepal,Kathmandu,Female,1997-09-04,2026-02-03,N,14.0,1.0
4695-IXSEY,2023-04-11,Organic,2023-05-11,Basic,Monthly,2025-08-30,Service Quality,9.2,352.0,37,1,Priya,India,Meghalaya,Female,2005-04-30,2026-04-18,N,74.0,1.0
0614-PERKL,2021-02-06,Paid,2021-03-08,Premium,Monthly,,,21.33,1858.0,95,0,Vikram,India,Telangana,Male,1991-09-11,2024-09-12,Y,31.0,1.0
6722-TJZME,2025-10-29,Paid,2025-11-28,Standard,Monthly,2026-06-05,Poor Support,14.53,781.0,35,1,Karan,India,Punjab,Male,2001-03-23,2024-09-23,N,36.0,1.0
0087-FROIM,2025-04-26,Organic,2026-04-26,Standard,Annual,,,16.94,869.0,63,0,Sneha,India,Tamil Nadu,Male,1998-11-29,2024-10-15,Y,81.0,1.0
8384-OBBMK,2022-03-22,Organic,2022-04-21,Basic,Monthly,2024-07-30,Poor Support,5.55,20.0,98,1,Meera,India,Gujarat,Female,1987-02-25,2024-12-30,Y,85.0,2.0
8507-PTPIR,2026-06-28,Paid,2026-07-28,Basic,Monthly,2026-08-04,Not Enough Content,5.56,631.0,64,1,Amit,India,Rajasthan,Female,1999-08-17,,,,
6222-SEQHU,2023-05-03,Organic,2023-06-02,Premium,Monthly,2023-06-05,Poor Support,21.91,1398.0,31,1,Rahul,India,Meghalaya,Male,1971-11-29,,,,
7989-QYNAP,2025-07-24,Organic,2025-08-23,Basic,Monthly,,,7.14,588.0,42,0,Meera,India,Punjab,Female,1981-06-07,2025-01-24,Y,25.0,2.0
7781-CCHVN,2026-02-01,Organic,2027-02-01,Premium,Annual,,,24.89,1835.0,89,0,Vikram,India,Rajasthan,Female,2008-10-02,2025-11-07,N,12.0,1.0
9763-WORIC,2025-04-24,Paid,2026-04-24,Basic,Annual,,,6.93,436.0,25,0,Neha,India,Kerala,Female,1971-08-30,2024-11-12,Y,32.0,3.0
4001-PEFAT,2024-10-15,Paid,2024-11-14,Standard,Monthly,2026-01-08,Switched To Competitor,12.98,1435.0,20,1,Aditya,India,West Bengal,Female,1995-10-21,2025-06-12,Y,57.0,2.0
8995-VJPYP,2024-09-26,,2025-09-26,Basic,Annual,2025-07-10,Poor Support,10.05,,87,1,Vivaan,India,Karnataka,Female,2008-08-06,2026-06-07,N,40.0,1.0
2975-ISLVW,2021-06-18,Paid,2021-07-18,Standard,Monthly,2023-04-12,Service Quality,16.0,1133.0,33,1,Karan,India,Uttar Pradesh,Female,1979-01-31,2025-10-15,N,44.0,2.0
0381-SJNGJ,2025-01-12,Organic,2025-02-11,Basic,Monthly,,,4.99,508.0,83,0,Rahul,India,Telangana,Male,2011-01-25,2025-08-12,N,64.0,4.0
3319-BUDJF,2021-05-29,Organic,2021-06-28,Basic,Monthly,,,9.4,,57,0,Rohan,India,Uttar Pradesh,Male,1976-05-05,2026-02-07,Y,57.0,2.0
1626-JXYJN,2023-04-27,Organic,2023-05-27,Basic,Monthly,,,6.47,342.0,19,0,Aarav,India,Gujarat,Male,1997-06-15,2025-12-19,N,47.0,2.0
9856-GYCFI,2023-08-27,Organic,2023-09-26,Basic,Monthly,2024-06-05,Switched To Competitor,10.46,538.0,51,1,Vikram,India,Punjab,Male,1996-12-03,2025-01-03,Y,98.0,1.0
0393-VWJVU,2025-11-21,Organic,2025-12-21,Premium,Monthly,,,23.69,1707.0,42,0,Nisha,India,Meghalaya,Female,1977-09-25,2024-09-22,N,31.0,2.0
8018-UOCYP,2026-07-18,Refferal,2026-08-17,Standard,Monthly,,,14.75,300.0,5,0,Rohan,India,Delhi,Female,2004-08-26,2024-02-02,N,30.0,1.0
9014-YEKFB,2024-01-31,Refferal,2024-03-01,Basic,Monthly,2025-11-23,Not Enough Content,7.17,558.0,53,1,Kavya,India,Telangana,Male,1989-01-04,2025-01-19,N,46.0,2.0
9663-YYWQN,2024-05-10,Paid,2024-06-09,Standard,Monthly,,,15.87,804.0,90,0,Nisha,India,Kerala,Female,1986-04-22,2024-09-10,Y,41.0,2.0
9913-OQFTV,2022-03-24,Refferal,2023-03-24,Standard,Annual,,,17.37,950.0,16,0,Ananya,India,Telangana,Male,1979-03-10,2024-07-12,N,14.0,1.0
6792-MFAQR,2025-08-01,Referral,2025-08-31,Basic,Monthly,,,5.97,499.0,80,0,Ananya,India,Rajasthan,Male,1998-05-11,2025-08-07,Y,36.0,1.0
7730-YMVSH,2024-10-24,Paid,2024-11-23,Standard,Monthly,,,18.02,843.0,14,0,Aditya,India,Delhi,Female,1973-10-25,2025-02-23,N,32.0,1.0
8454-BPYRY,2021-12-29,Organic,2022-12-29,Standard,Annual,,,11.73,1078.0,54,0,Rohan,India,Kerala,Male,1988-05-30,2025-11-05,Y,58.0,2.0
0584-NUQWM,2022-05-06,Organic,2022-06-05,Standard,Monthly,,,13.42,1145.0,17,0,Karan,India,Uttar Pradesh,Male,2002-11-10,2026-03-28,N,53.0,1.0
6832-KWDGC,2024-05-05,Referral,2025-05-05,Premium,Annual,,,21.39,1367.0,61,0,Nisha,India,West Bengal,Male,2007-11-10,2026-03-04,N,61.0,2.0
7027-GIVJD,2022-03-26,Organic,2023-03-26,Standard,Annual,,,15.0,1001.0,36,0,Sneha,India,Delhi,Male,1988-12-18,2025-11-13,N,24.0,3.0
0233-FXOZF,2024-02-04,Organic,2024-03-05,Premium,Monthly,2024-11-10,Poor Streaming Quality,21.46,1409.0,3,1,Ishita,India,Telangana,Female,2008-07-17,2025-03-03,Y,17.0,3.0
3530-EKOVJ,2024-12-13,Referral,2025-01-12,Premium,Monthly,2025-01-30,Switched To Competitor,24.3,1744.0,69,1,Kavya,India,Nagaland,Male,1972-02-18,,,,
7720-QHXLD,2023-06-17,Refferal,2023-07-17,Premium,Monthly,,,25.79,1526.0,74,0,Kavya,India,West Bengal,Female,2010-08-22,2025-08-29,Y,55.0,2.0
9626-XBXYV,2023-06-17,Paid,2024-06-16,Standard,Annual,2024-02-26,Forgot To Cancel Trial,13.89,546.0,47,1,Kavya,India,Nagaland,Male,1992-04-09,2025-03-05,N,41.0,3.0
2567-QNQQQ,2021-09-29,Paid,2022-09-29,Standard,Annual,2023-06-04,Forgot To Cancel Trial,14.78,408.0,16,1,Riya,India,Gujarat,Male,1976-04-28,2024-08-14,N,17.0,1.0
5151-RNAAY,2024-05-01,Organic,2025-05-01,Premium,Annual,2026-02-05,Poor Support,24.52,1679.0,98,1,Priya,India,Delhi,Female,1973-03-08,2026-03-18,Y,33.0,2.0
9093-PEUDJ,2021-01-16,Organic,2021-02-15,Premium,Monthly,,,22.06,1569.0,22,0,Sanjay,India,Maharashtra,Female,2002-03-02,2026-04-13,N,27.0,4.0
3314-AUNIN,2022-06-17,Paid,2023-06-17,Basic,Annual,2024-08-25,Not Enough Content,4.99,351.0,73,1,Ananya,India,Meghalaya,Male,1993-03-10,2024-05-13,N,70.0,1.0
0024-LNIVG,2022-11-25,Referral,2022-12-25,Basic,Monthly,,,6.39,188.0,84,0,Meera,India,Tamil Nadu,Male,2000-11-01,,,,
1398-NXJBZ,2023-03-29,Organic,2023-04-28,Basic,Monthly,,,5.05,567.0,19,0,Arjun,India,Meghalaya,Male,2001-05-14,2026-07-19,N,18.0,2.0
4455-EQIYH,2025-05-17,Refferal,2025-06-16,Basic,Monthly,,,6.19,466.0,89,0,Amit,India,Maharashtra,Male,1979-03-07,2025-08-03,N,23.0,1.0
5511-OGMCQ,2024-05-17,Organic,2025-05-17,Basic,Annual,,,6.32,20.0,65,0,Ananya,India,West Bengal,Female,1997-08-03,2025-04-27,N,35.0,2.0
7588-YIHOS,2024-11-14,Refferal,2024-12-14,Premium,Monthly,,,17.41,1722.0,92,0,Sanjay,India,Gujarat,Female,2008-05-24,,,,
9923-AGGGM,2026-08-02,Paid,2026-09-01,Basic,Monthly,,,10.92,583.0,44,0,Vivaan,India,Haryana,Female,1996-08-26,2026-01-26,N,72.0,3.0
8731-AVQPR,2021-11-30,Organic,2021-12-30,Standard,Monthly,,,17.9,501.0,88,0,Pooja,India,Gujarat,Female,2007-07-31,2024-11-26,N,60.0,2.0
1175-TGNRP,2025-11-19,Paid,2025-12-19,Basic,Monthly,,,8.07,20.0,74,0,Neha,India,Uttar Pradesh,Female,2007-06-07,2024-07-22,N,77.0,1.0
3247-KMBSC,2026-07-18,Paid,2027-07-18,Premium,Annual,,,23.98,1282.0,41,0,Aditya,India,Punjab,Female,1982-02-14,2024-07-12,N,39.0,1.0
4598-RCZJA,2021-09-17,Paid,2022-09-17,Basic,Annual,,,10.86,386.0,95,0,Riya,India,Haryana,Female,1979-09-07,2026-05-04,N,36.0,1.0
6593-OQTMV,2021-11-29,Paid,2021-12-29,Basic,Monthly,2026-02-12,Poor Streaming Quality,5.98,20.0,64,1,Vivaan,India,Meghalaya,Male,2010-12-23,2023-12-26,N,63.0,1.0
3716-OEQGS,2022-08-17,,2023-08-17,Standard,Annual,,,15.58,803.0,59,0,Vivaan,India,Karnataka,Female,1974-08-25,2024-09-24,N,76.0,4.0
8014-WYDDY,2023-09-26,Organic,2023-10-26,Standard,Monthly,,,15.63,1146.0,33,0,Vikram,India,Haryana,Female,1973-12-20,,,,
3822-AHVJB,2023-12-30,Referral,2024-12-29,Standard,Annual,,,13.92,735.0,70,0,Kavya,India,Tamil Nadu,Female,2004-08-09,2025-07-16,N,32.0,2.0
7227-FJAPL,2023-11-11,Organic,2023-12-11,Premium,Monthly,,,25.1,1404.0,2,0,Rahul,India,Karnataka,Female,1989-09-24,2026-02-03,N,90.0,1.0
8672-IFEFL,2021-08-31,Paid,2022-08-31,Standard,Annual,,,11.58,778.0,49,0,Karan,India,Telangana,Male,2003-04-09,2025-05-16,Y,27.0,1.0
0893-KWTQX,2026-02-16,Paid,2027-02-16,Basic,Annual,2026-06-01,Too Expensive,8.86,,91,1,Pooja,India,Telangana,Female,1998-05-18,2025-01-12,Y,49.0,1.0
7806-QWDVH,2021-07-28,Organic,2021-08-27,Premium,Monthly,,,23.35,1715.0,62,0,Rohan,India,Delhi,Female,1979-05-10,2026-05-06,N,99.0,5.0
7336-XMCJK,2022-05-25,Organic,2023-05-25,Basic,Annual,2025-10-05,Switched To Competitor,6.05,608.0,68,1,Vikram,India,Karnataka,Male,2003-03-10,2023-03-31,N,58.0,1.0
9367-YOYLK,2023-03-01,Organic,2023-03-31,Premium,Monthly,,,21.86,1920.0,84,0,Ananya,India,West Bengal,Male,2004-08-15,2026-02-10,Y,98.0,2.0
8368-RNLST,2024-06-29,Refferal,2024-07-29,Premium,Monthly,,,23.58,1393.0,72,0,Priya,India,Meghalaya,Female,1980-02-26,,,,
4917-ACDMP,2023-06-29,Organic,2023-07-29,Standard,Monthly,,,13.32,643.0,53,0,Meera,India,Gujarat,Female,1978-11-16,2026-02-08,N,35.0,1.0
8041-GURBJ,2022-07-23,Organic,2022-08-22,Standard,Monthly,2023-06-02,Poor Support,15.57,593.0,1,1,Meera,India,Rajasthan,Female,1996-11-02,,,,
3043-XXVNM,2023-02-06,Organic,2023-03-08,Premium,Monthly,2024-06-30,Not Enough Content,20.39,1579.0,56,1,Kavya,India,Telangana,Male,2005-04-29,,,,
3131-UCHDM,2024-01-13,Paid,2025-01-12,Standard,Annual,,,15.63,1265.0,42,0,Sneha,India,Gujarat,Male,1993-12-31,2025-04-26,N,86.0,2.0
3014-FJWOV,2025-07-10,Paid,2026-07-10,Standard,Annual,,,14.46,799.0,57,0,Sanjay,India,Punjab,Male,2006-03-01,2024-03-12,N,27.0,2.0
9140-XJWXY,2023-10-09,Paid,2023-11-08,Premium,Monthly,2025-07-25,Forgot To Cancel Trial,22.04,1244.0,53,1,Aditya,India,West Bengal,Female,1990-01-09,2025-01-18,N,71.0,1.0
3525-FPYXO,2025-09-14,Paid,2026-09-14,Basic,Annual,,,5.97,445.0,87,0,Neha,India,Maharashtra,Male,1988-09-16,2026-03-26,N,98.0,1.0
1512-KSOII,2024-04-23,Paid,2025-04-23,Basic,Annual,,,5.82,97.0,13,0,Karan,India,Punjab,Male,2000-03-25,2025-12-04,N,37.0,2.0
0620-HRGZC,2023-06-01,Organic,2023-07-01,Standard,Monthly,,,12.64,968.0,41,0,Sanjay,India,Karnataka,Female,1993-09-10,2025-10-01,N,8.0,3.0
5897-MVXOQ,2024-02-06,Refferal,2024-03-07,Basic,Monthly,2024-02-08,Forgot To Cancel Trial,,523.0,46,1,Pooja,India,Meghalaya,Male,2005-02-03,,,,
6996-NELGM,2022-11-04,Paid,2022-12-04,Premium,Monthly,2022-11-30,Switched To Competitor,23.71,1530.0,78,1,Rahul,India,Telangana,Female,1980-08-05,2024-05-03,N,31.0,1.0
6160-FGVJF,2024-08-02,Organic,2024-09-01,Premium,Monthly,2024-10-27,Not Enough Content,23.07,1616.0,80,1,Riya,India,Haryana,Male,1991-01-24,2024-09-13,N,81.0,2.0
7137-SVTZO,2026-08-12,Organic,2026-09-11,Premium,Monthly,,,21.78,1408.0,52,0,Sneha,India,Haryana,Female,1986-06-17,2026-07-08,N,47.0,3.0
2885-WGHVW,2025-11-14,Organic,2025-12-14,Standard,Monthly,,,13.16,963.0,60,0,Karan,India,Meghalaya,Female,1997-05-10,2023-12-09,N,78.0,1.0
3408-SXUAR,2022-01-03,Organic,2023-01-03,Premium,Annual,,,25.35,1684.0,97,0,Neha,India,Tamil Nadu,Male,1996-12-08,2025-12-09,N,75.0,3.0
1718-WBZEK,2024-01-20,Organic,2025-01-19,Premium,Annual,,,22.84,1523.0,34,0,Priya,India,Nagaland,Male,1985-06-02,2025-11-24,N,59.0,2.0
2358-VKTBL,2023-04-10,Referral,2024-04-09,Standard,Annual,,,14.82,404.0,91,0,Ananya,India,Nagaland,Male,1981-12-08,2026-02-13,Y,94.0,2.0
9111-YFKKO,2022-12-01,Paid,2022-12-31,Basic,Monthly,2024-12-23,Forgot To Cancel Trial,12.22,518.0,28,1,Priya,India,Delhi,Male,1983-04-04,2025-04-23,N,60.0,2.0
5383-CTFIV,2026-06-22,Paid,2027-06-22,Basic,Annual,2026-06-27,Too Expensive,4.99,267.0,55,1,Riya,India,Meghalaya,Male,1987-09-19,2026-01-31,N,64.0,1.0
6903-KXKOG,2024-09-09,Organic,2025-09-09,Standard,Annual,,,11.44,898.0,2,0,Vivaan,Nepal,Kathmandu,Female,1973-05-08,2023-12-07,N,72.0,1.0
1851-MOUKX,2025-01-11,Organic,2025-02-10,Standard,Monthly,,,12.49,621.0,2,0,Pooja,India,Haryana,Female,1995-10-25,2023-08-30,Y,76.0,1.0
6082-BTOKM,2024-01-15,Organic,2024-02-14,Basic,Monthly,,,6.42,477.0,55,0,Rahul,India,Punjab,Female,1973-05-22,2023-12-26,N,43.0,2.0
3034-POLHK,2022-07-06,Paid,2022-08-05,Basic,Monthly,2025-01-24,Switched To Competitor,7.42,263.0,8,1,Arjun,India,Telangana,Female,1981-01-17,,,,
4989-MIPFN,2023-07-23,Organic,2024-07-22,Premium,Annual,,,23.56,1622.0,36,0,Kavya,India,West Bengal,Female,1984-05-22,2025-05-11,N,60.0,1.0
1236-MUVST,2026-04-30,Paid,2027-04-30,Standard,Annual,2026-07-03,Not Enough Content,14.11,656.0,88,1,Amit,India,Rajasthan,Female,2010-08-29,2023-02-21,N,78.0,1.0
0681-IRUPW,2023-05-22,Referral,2024-05-21,Basic,Annual,,,5.9,162.0,76,0,Karan,India,Haryana,Female,1995-11-01,2026-06-25,N,44.0,2.0
2747-DCPRH,2022-04-07,Paid,2022-05-07,,Monthly,2023-05-16,Poor Streaming Quality,24.87,1401.0,77,1,Vivaan,India,Gujarat,Male,1987-05-07,2025-11-01,N,9.0,2.0
7840-TJGTR,2025-02-15,Paid,2026-02-15,,Annual,,,24.12,1294.0,71,0,Ananya,India,Haryana,Female,1976-07-26,2023-12-09,N,100.0,2.0
1727-GMNEY,2025-05-20,Paid,2025-06-19,Basic,Monthly,,,10.54,406.0,95,0,Karan,Nepal,Kathmandu,Male,1996-02-20,2024-05-14,N,100.0,2.0
3900-JBWGZ,2024-06-05,Organic,2024-07-05,Standard,Monthly,2024-10-16,Poor Support,14.47,742.0,65,1,Pooja,Nepal,Kathmandu,Female,1990-09-17,2024-02-14,N,35.0,1.0
4971-WEEUV,2024-05-30,Paid,2025-05-30,Standard,Annual,,,15.83,502.0,80,0,Kavya,India,Meghalaya,Female,2002-02-26,2026-01-21,N,27.0,2.0
5441-AYKYW,2025-01-29,Organic,2026-01-29,Premium,Annual,,,24.07,1390.0,71,0,Vikram,India,Tamil Nadu,Female,2009-04-19,2025-05-24,N,93.0,2.0
8517-RRNAK,2021-11-17,Referral,2021-12-17,Basic,Monthly,2022-08-31,Forgot To Cancel Trial,9.04,287.0,15,1,Kavya,India,Meghalaya,Male,2000-04-20,2026-03-02,N,44.0,5.0
7311-VOSAM,2021-11-19,Paid,2021-12-19,Basic,Monthly,,,7.62,306.0,36,0,Karan,India,Maharashtra,Female,1978-05-20,2026-01-20,Y,50.0,3.0
5088-XIFJE,2023-09-29,Paid,2023-10-29,Premium,Monthly,,,24.99,1899.0,81,0,Pooja,India,Delhi,Female,1982-11-21,2024-10-14,N,23.0,1.0
5594-QUZBG,2021-05-11,Refferal,2022-05-11,Basic,Annual,,,4.99,760.0,14,0,Sanjay,India,Haryana,Male,1975-03-13,2025-06-18,Y,85.0,1.0
3023-GVDAW,2022-05-24,Organic,2022-06-23,Basic,Monthly,,,10.22,431.0,13,0,Priya,India,Karnataka,Male,1992-11-17,2024-03-30,N,92.0,2.0
9615-FINNZ,2025-02-02,Organic,2026-02-02,Standard,Annual,,,11.63,469.0,12,0,Ishita,India,West Bengal,Female,1999-08-29,2026-06-22,N,83.0,2.0
4055-AKONN,2021-07-03,Refferal,2021-08-02,Basic,Monthly,2025-05-19,Too Expensive,6.8,564.0,53,1,Kavya,India,Meghalaya,Female,2008-08-04,2025-03-06,Y,98.0,1.0
9227-UGJRK,2022-10-23,Organic,2023-10-23,Standard,Annual,,,12.7,679.0,8,0,Rohan,India,Kerala,Male,1981-07-28,2024-06-16,N,48.0,1.0
4297-EGTVU,2022-10-14,Paid,2022-11-13,Standard,,,,14.49,1188.0,65,0,Neha,India,Tamil Nadu,Male,2009-02-15,2025-07-26,N,26.0,2.0
3094-DEKNX,2024-04-03,Organic,2024-05-03,Basic,Monthly,2025-07-18,Forgot To Cancel Trial,12.11,510.0,1,1,Aarav,India,Gujarat,Female,1970-05-23,2024-08-04,N,98.0,2.0
8989-ASHFO,2024-04-21,Paid,2025-04-21,Standard,Annual,,,14.65,815.0,65,0,Rohan,India,West Bengal,Male,1993-05-21,2024-06-23,N,9.0,2.0
0362-IOHPL,2022-07-29,Paid,2022-08-28,Standard,Monthly,2024-10-14,Service Quality,14.35,951.0,43,1,Sneha,India,Telangana,Male,1987-01-21,2023-01-28,Y,5.0,1.0
7998-EBNGS,2024-04-27,Refferal,2024-05-27,Standard,Monthly,2025-03-15,Poor Support,16.27,981.0,79,1,Sneha,India,Maharashtra,Male,1977-11-24,2024-09-14,Y,42.0,2.0
0954-OZCHV,2023-09-20,Referral,2024-09-19,Basic,Annual,2026-08-25,Poor Streaming Quality,5.6,298.0,66,1,Aarav,India,Rajasthan,Male,1974-04-02,2024-03-06,N,72.0,2.0
5346-EFTWJ,2026-01-03,Paid,2026-02-02,Basic,Monthly,,,7.4,438.0,50,0,Meera,India,Delhi,Female,1978-03-19,2024-01-11,Y,9.0,1.0
4750-UEFUE,2025-03-01,Referral,2026-03-01,Basic,Annual,,,4.99,33.0,28,0,Aditya,India,Nagaland,Female,2009-02-22,2026-06-18,Y,73.0,1.0
7712-MZAYF,2022-07-11,Refferal,2023-07-11,Standard,Annual,,,13.8,493.0,96,0,Neha,India,Karnataka,Male,1978-03-09,2023-04-16,N,60.0,1.0
0373-SNVCC,2024-09-24,Organic,2024-10-24,Standard,Monthly,,,13.98,1030.0,89,0,Priya,India,Nagaland,Male,1987-02-10,2026-03-04,N,61.0,2.0
5682-WKUXW,2023-03-05,Paid,2023-04-04,,,,,7.54,20.0,63,0,Vivaan,India,Rajasthan,Male,1975-10-17,2025-11-26,N,98.0,2.0
5097-SNRON,2024-12-31,Organic,2025-01-30,Standard,Monthly,2026-05-19,Not Enough Content,13.87,1128.0,90,1,Priya,Nepal,Kathmandu,Male,1973-11-10,2024-01-01,Y,41.0,1.0
4381-QTXPC,2026-04-15,Organic,2026-05-15,Basic,Monthly,2026-08-06,Forgot To Cancel Trial,6.03,20.0,48,1,Sanjay,India,Gujarat,Male,2010-03-23,2025-06-28,N,69.0,3.0
5884-IABPY,2021-02-14,Referral,2021-03-16,Basic,Monthly,,,8.78,728.0,51,0,Aarav,India,Karnataka,Female,1974-11-25,2025-11-27,N,29.0,2.0
5067-LCRBV,2025-11-01,Referral,2026-11-01,Premium,Annual,,,20.16,1255.0,64,0,Pooja,India,Karnataka,Male,1975-12-28,2025-04-07,Y,27.0,2.0
8167-ZHEHU,2024-04-18,Refferal,2024-05-18,Standard,Monthly,,,13.06,320.0,81,0,Vivaan,India,Nagaland,Female,2008-05-07,,,,
2206-XEBFT,2026-01-07,Paid,2027-01-07,Standard,Annual,2026-05-31,Too Expensive,14.22,779.0,83,1,Pooja,India,Nagaland,Female,1998-05-29,2024-12-04,Y,87.0,2.0
6031-JRQON,2023-08-08,Organic,2024-08-07,Basic,Annual,2024-09-22,Poor Streaming Quality,7.56,585.0,24,1,Karan,India,Maharashtra,Female,1992-01-06,2026-03-25,N,7.0,5.0
1036-GNDMD,2022-02-02,Organic,2022-03-04,Standard,Monthly,2024-04-25,Service Quality,13.0,779.0,57,1,Karan,Nepal,Kathmandu,Male,1985-09-11,,,,
7876-CCQFJ,2024-11-24,Organic,2025-11-24,Basic,Annual,,,6.26,226.0,86,0,Rahul,India,Punjab,Female,1984-03-05,2025-06-13,N,12.0,2.0
3158-FTRGR,2023-05-21,Organic,2023-06-20,Standard,Monthly,,,15.9,755.0,86,0,Nisha,India,Punjab,Male,1996-12-17,2025-10-18,N,53.0,2.0
7140-OPYLK,2022-02-24,Paid,2022-03-26,Standard,Monthly,,,13.11,662.0,45,0,Neha,India,Maharashtra,Male,1991-06-05,2024-06-02,N,73.0,1.0
5400-VSBLT,2025-05-27,Paid,2026-05-27,Standard,Annual,,,13.79,969.0,99,0,Nisha,India,Kerala,Male,1982-02-13,2025-03-30,N,96.0,1.0
2257-ZVWCP,2025-06-25,Organic,2025-07-25,Standard,Monthly,,,13.44,1041.0,3,0,Aditya,India,Karnataka,Male,1973-12-17,2025-03-20,Y,36.0,2.0
5288-QWJNR,2026-01-23,Organic,2026-02-22,Premium,Monthly,,,24.83,1406.0,36,0,Neha,India,Rajasthan,Female,1987-11-29,2025-11-04,N,95.0,2.0
7537-UIZAM,2022-12-12,Organic,2023-12-12,Basic,Annual,,,6.52,508.0,4,0,Pooja,India,Rajasthan,Female,1980-01-04,2024-04-22,N,63.0,2.0
6096-BLPPD,2023-07-15,Referral,2023-08-14,Basic,Monthly,,,5.25,132.0,46,0,Amit,India,West Bengal,Male,1982-11-22,,,,
2792-GQIOT,2024-03-21,Organic,2025-03-21,Premium,Annual,,,19.58,1368.0,61,0,Rohan,India,Kerala,Male,2006-04-03,2026-05-30,N,53.0,1.0
7976-EXEAB,2023-02-19,Organic,2024-02-19,Basic,Annual,,,6.4,177.0,49,0,Sanjay,India,Kerala,Male,2004-08-27,2025-03-21,N,30.0,2.0
2029-WFSKB,2023-02-16,Paid,2024-02-16,Basic,Annual,2026-02-07,Forgot To Cancel Trial,,211.0,53,1,Arjun,India,Tamil Nadu,Male,1986-09-07,2024-10-09,N,71.0,4.0
4454-AMONH,2021-06-20,Organic,2022-06-20,Basic,Annual,2025-02-18,Service Quality,8.09,266.0,55,1,Vivaan,India,Uttar Pradesh,Female,1993-08-02,2026-06-02,Y,13.0,2.0
7670-PGLCY,2023-02-04,Organic,2023-03-06,Standard,Monthly,,,13.43,716.0,86,0,Rohan,India,Karnataka,Male,1979-08-09,2025-11-10,N,56.0,1.0
7535-HRRPB,2026-07-02,Refferal,2027-07-02,Standard,Annual,,,10.83,544.0,47,0,Nisha,Nepal,Kathmandu,Female,2003-07-27,,,,
8787-YZZYT,2021-06-27,Organic,2022-06-27,Standard,Annual,,,13.06,422.0,26,0,Rohan,India,Punjab,Male,1988-10-20,2026-04-19,N,33.0,1.0
0591-MGFVV,2022-05-06,Organic,2022-06-05,Standard,Monthly,,,14.22,982.0,23,0,Aditya,India,Meghalaya,Female,1994-10-05,2026-01-27,N,19.0,4.0
5231-TDFWL,2023-11-12,Organic,2023-12-12,Standard,Monthly,,,13.73,1177.0,61,0,Kavya,India,Nagaland,Female,1998-07-24,2025-12-30,N,21.0,1.0
5476-MFVTR,2021-05-10,Organic,2021-06-09,Basic,Monthly,,,5.66,730.0,57,0,Rohan,India,Punjab,Female,1983-07-29,2026-06-04,Y,40.0,4.0
3547-QYQMH,2021-11-04,Organic,2021-12-04,Premium,Monthly,2026-03-03,Service Quality,25.43,1564.0,31,1,Priya,India,Telangana,Female,1974-02-12,2025-12-08,N,94.0,2.0
5239-JPBEU,2022-10-11,Referral,2022-11-10,Premium,Monthly,2025-06-16,Switched To Competitor,24.06,1636.0,32,1,Vikram,India,Haryana,Female,1994-08-15,2023-12-16,N,25.0,2.0
3821-LOLTG,2024-11-23,Paid,2024-12-23,Standard,,,,13.84,1017.0,12,0,Kavya,India,West Bengal,Female,2001-12-17,2025-12-19,N,94.0,1.0
7589-FJPXG,2021-01-01,Paid,2021-01-31,Standard,Monthly,2026-04-13,Switched To Competitor,12.09,713.0,94,1,Ananya,India,Delhi,Male,1990-05-07,2024-12-09,N,59.0,1.0
5883-BBTSJ,2023-10-13,Organic,2023-11-12,Premium,Monthly,,,21.9,1764.0,57,0,Ananya,India,Gujarat,Female,2005-11-28,,,,
6238-JHLIV,2024-06-09,Paid,2024-07-09,Basic,Monthly,,,5.3,301.0,90,0,Rohan,India,Nagaland,Male,2008-04-16,,,,
4130-INTHY,2021-04-10,Organic,2022-04-10,Standard,Annual,,,16.59,626.0,90,0,Riya,India,Uttar Pradesh,Female,1996-02-10,2024-04-22,N,74.0,2.0
4647-RYLFT,2023-01-25,Refferal,2023-02-24,Standard,Monthly,2024-10-04,Poor Support,13.17,962.0,12,1,Vivaan,India,Uttar Pradesh,Female,2008-12-16,,,,
0090-LZKRN,2025-04-30,Referral,2026-04-30,Basic,Annual,,,9.09,253.0,51,0,Priya,Nepal,Kathmandu,Male,1971-06-19,2024-08-25,N,26.0,1.0
2165-INCKK,2023-06-17,Organic,2024-06-16,Basic,Annual,,,4.99,144.0,68,0,Pooja,India,Punjab,Male,2009-02-20,2025-01-30,N,81.0,1.0
8352-DVKQO,2022-05-22,Referral,2023-05-22,Standard,Annual,,,11.76,903.0,80,0,Rohan,India,Rajasthan,Male,1977-11-23,2023-07-28,N,86.0,1.0
3014-YFATQ,2022-10-08,Organic,2022-11-07,Standard,Monthly,,,,378.0,2,0,Sanjay,India,Telangana,Male,1996-12-23,2023-12-25,N,21.0,1.0
8907-LAALG,2021-01-18,Organic,2021-02-17,Standard,Monthly,,,11.82,655.0,67,0,Amit,India,Rajasthan,Male,2000-07-07,2023-12-26,N,94.0,1.0
9222-DWFDH,2025-09-18,Organic,2026-09-18,Basic,Annual,2026-01-22,Poor Support,4.99,68.0,49,1,Rohan,India,Delhi,Male,1972-01-13,2024-01-06,N,61.0,2.0
1461-KINNA,2024-05-18,Organic,2024-06-17,Premium,Monthly,,,22.7,1702.0,99,0,Riya,Nepal,Kathmandu,Female,2008-05-12,2024-08-31,N,51.0,2.0
1269-EFCIO,2026-04-29,Organic,2026-05-29,Basic,Monthly,2026-07-02,Poor Support,5.29,183.0,97,1,Amit,India,Haryana,Female,1993-04-09,2026-01-17,N,28.0,1.0
3105-IMOIF,2026-03-06,Organic,2026-04-05,Standard,Monthly,2026-06-23,Forgot To Cancel Trial,15.47,1038.0,17,1,Karan,India,Telangana,Female,1977-05-16,2025-08-07,Y,88.0,3.0
4107-AMYKC,2025-06-01,Organic,2026-06-01,Basic,Annual,2026-07-31,Poor Streaming Quality,10.05,233.0,17,1,Arjun,India,Telangana,Female,1971-09-23,2026-03-27,Y,32.0,1.0
7077-DFDWZ,2025-03-27,Organic,2025-04-26,Basic,Monthly,2026-03-08,Service Quality,4.99,803.0,67,1,Ananya,India,Haryana,Female,1975-12-27,2024-02-13,N,36.0,1.0
5706-QQPOZ,2022-12-05,Organic,2023-12-05,Standard,Annual,,,14.13,460.0,14,0,Arjun,India,Nagaland,Female,1971-07-25,2023-07-13,Y,62.0,2.0
7336-CKZKF,2025-05-15,Organic,2026-05-15,Basic,Annual,2026-01-23,Poor Streaming Quality,6.46,520.0,71,1,Arjun,India,Nagaland,Male,1993-03-22,2025-02-23,N,85.0,2.0
8687-QOKDJ,2021-07-26,Organic,2021-08-25,Standard,Monthly,2026-05-05,Poor Streaming Quality,9.53,1287.0,40,1,Amit,India,Karnataka,Male,1995-03-18,2026-04-22,N,72.0,2.0
4387-YHDLZ,2024-02-25,Organic,2024-03-26,Basic,Monthly,2024-12-01,Forgot To Cancel Trial,7.17,410.0,89,1,Arjun,Nepal,Kathmandu,Male,1976-04-04,2025-11-18,Y,84.0,4.0
4833-JRQHZ,2021-01-02,Organic,2022-01-02,Standard,Annual,,,11.61,1446.0,64,0,Meera,India,Tamil Nadu,Male,1971-01-01,,,,
5938-BKXKO,2025-03-23,Organic,2025-04-22,Basic,Monthly,,,7.08,810.0,58,0,Amit,India,Kerala,Female,2002-11-06,2025-01-11,N,53.0,1.0
6134-SWDNN,2023-11-13,Organic,2023-12-13,Standard,Monthly,,,12.99,900.0,56,0,Rahul,India,Telangana,Male,1974-04-14,2025-01-20,Y,66.0,2.0
1544-RDLIE,2023-01-07,Paid,2023-02-06,Basic,Monthly,2025-10-23,Service Quality,4.99,746.0,78,1,Karan,India,West Bengal,Male,2007-09-29,2023-11-25,N,94.0,2.0
8226-GGWWA,2022-06-30,Organic,2022-07-30,Standard,Monthly,,,16.35,744.0,17,0,Rahul,India,Haryana,Female,2006-09-01,2025-04-04,N,38.0,1.0
2795-SUZOA,2023-11-19,Organic,2023-12-19,Basic,Monthly,,,9.96,875.0,92,0,Vikram,India,Delhi,Female,1981-05-28,2024-07-08,Y,91.0,1.0
8738-EDRPB,2023-11-02,Referral,2023-12-02,Premium,Monthly,,,24.84,1800.0,74,0,Karan,Nepal,Kathmandu,Female,1981-02-05,2023-04-27,N,30.0,1.0
1712-PGRKP,2025-05-31,Paid,2025-06-30,Premium,Monthly,2026-02-03,Forgot To Cancel Trial,21.09,1173.0,39,1,Neha,India,Maharashtra,Female,1979-12-14,2023-03-13,N,10.0,1.0
4761-JISNP,2024-06-16,Paid,2025-06-16,Basic,Annual,2025-09-27,Poor Support,8.79,230.0,46,1,Rohan,India,Tamil Nadu,Female,1976-01-23,2025-08-15,N,70.0,2.0
5782-FXOSW,2022-12-27,Referral,2023-01-26,Basic,Monthly,,,10.71,20.0,98,0,Riya,India,Meghalaya,Female,1982-11-09,2025-11-27,N,51.0,3.0
9247-RUMTI,2024-03-16,Paid,2025-03-16,Basic,Annual,,,5.64,20.0,78,0,Riya,India,Haryana,Male,1981-11-26,,,,
7124-CXGRA,2022-07-04,Organic,2023-07-04,Basic,Annual,2024-03-30,Poor Streaming Quality,5.42,497.0,31,1,Priya,India,Maharashtra,Male,1990-09-10,2026-03-05,N,21.0,2.0
1577-ZVFDV,2024-08-31,Organic,2024-09-30,Standard,Monthly,,,12.43,1157.0,81,0,Arjun,India,Haryana,Male,1992-11-09,2025-10-03,N,57.0,2.0
9900-ERHTK,2023-10-29,Paid,2024-10-28,Standard,Annual,,,12.76,460.0,25,0,Neha,India,Gujarat,Female,2008-12-21,2026-07-22,N,88.0,3.0
1274-IOUAY,2021-09-08,Paid,2022-09-08,Premium,Annual,,,24.63,1761.0,74,0,Meera,India,Haryana,Female,1973-02-28,2026-02-26,N,76.0,2.0
6503-WYDCU,2021-07-02,Organic,2021-08-01,Premium,Monthly,2025-02-12,Poor Streaming Quality,24.84,1482.0,49,1,Vivaan,India,Rajasthan,Female,1989-06-14,2025-10-09,N,80.0,1.0
1898-DMXUN,2025-08-12,Paid,2026-08-12,Basic,Annual,,,7.76,489.0,32,0,Nisha,India,Rajasthan,Female,1983-04-14,2024-06-14,N,93.0,4.0
1983-IRENA,2024-01-05,Paid,2024-02-04,Basic,Monthly,,,6.47,295.0,61,0,Vivaan,India,Nagaland,Female,1997-10-17,2023-03-03,Y,20.0,1.0
3266-GRXDU,2024-08-22,Paid,2025-08-22,Basic,Annual,,,5.0,78.0,51,0,Kavya,India,Meghalaya,Male,1991-02-10,2023-03-24,N,16.0,1.0
6566-ZXCTP,2024-03-22,Referral,2025-03-22,Basic,Annual,,,7.56,82.0,35,0,Meera,India,Nagaland,Male,1980-10-11,2023-07-30,Y,22.0,1.0
1152-GYOII,2025-05-17,Refferal,2025-06-16,Standard,Monthly,2025-10-23,Forgot To Cancel Trial,16.01,571.0,92,1,Nisha,India,Uttar Pradesh,Male,1979-11-09,2024-03-02,Y,25.0,2.0
8381-HEOZE,2022-03-09,Referral,2022-04-08,Basic,Monthly,2023-11-05,Switched To Competitor,6.92,126.0,75,1,Amit,India,Karnataka,Female,1980-11-09,2025-03-15,N,25.0,2.0
2570-MFQGD,2023-12-06,Paid,2024-12-05,Basic,Annual,,,8.25,181.0,91,0,Arjun,India,Karnataka,Female,1976-02-24,2024-11-25,N,51.0,1.0
2630-YYNKV,2026-08-03,Referral,2027-08-03,Basic,Annual,,,6.71,604.0,73,0,Ananya,India,Punjab,Female,1990-01-28,2023-02-14,N,78.0,1.0
1961-RRSFS,2026-05-02,Organic,2026-06-01,Standard,Monthly,2026-07-22,Poor Support,17.58,690.0,14,1,Ishita,India,Rajasthan,Male,1972-04-20,2024-05-22,Y,77.0,3.0
6128-WEPVH,2022-03-27,Organic,2022-04-26,Basic,Monthly,2024-09-21,Switched To Competitor,4.99,20.0,89,1,Vikram,India,Karnataka,Male,2004-01-16,,,,
7443-CSPFB,2022-08-17,Refferal,2022-09-16,Standard,,2024-01-22,Poor Support,12.33,495.0,92,1,Aditya,India,Punjab,Male,1997-07-06,2025-03-24,N,89.0,2.0
7460-GMBZO,2022-04-13,Paid,2022-05-13,Standard,Monthly,,,12.97,707.0,59,0,Vikram,India,Uttar Pradesh,Female,1978-11-22,2024-05-25,N,95.0,1.0
9316-EFPPU,2023-11-14,Organic,2023-12-14,Standard,Monthly,2025-07-25,Too Expensive,10.91,485.0,71,1,Kavya,India,Haryana,Male,1986-03-14,2024-12-13,N,90.0,2.0
9281-VDIXO,2022-01-26,Organic,2023-01-26,Standard,Annual,,,14.56,605.0,83,0,Sneha,India,Delhi,Female,1995-10-12,2025-03-19,Y,51.0,2.0
8672-OBMVR,2022-02-24,Organic,2022-03-26,Standard,Monthly,2023-05-27,Service Quality,13.98,628.0,53,1,Karan,Nepal,Kathmandu,Female,1986-01-06,,,,
1348-FWZTC,2022-12-11,Organic,2023-12-11,,Annual,2023-08-30,Too Expensive,16.37,848.0,58,1,Sneha,India,Kerala,Female,2006-06-08,2026-02-19,N,33.0,2.0
6200-VQPMG,2024-11-19,Paid,2025-11-19,Standard,Annual,,,16.91,436.0,51,0,Ishita,India,Nagaland,Female,1985-11-02,2025-03-02,N,72.0,1.0
2824-TBCKU,2024-10-15,Refferal,2025-10-15,Standard,Annual,,,16.07,818.0,82,0,Riya,India,Haryana,Female,1987-06-22,2025-12-12,Y,7.0,1.0
6577-PNCIC,2026-05-22,Referral,2027-05-22,Standard,Annual,2026-07-28,Too Expensive,11.96,822.0,92,1,Sanjay,India,Meghalaya,Female,2001-02-11,2024-01-14,N,56.0,1.0
7586-TGHIX,2021-02-12,Organic,2021-03-14,Basic,Monthly,,,6.11,155.0,55,0,Kavya,India,Punjab,Male,2010-07-12,2025-03-13,N,72.0,3.0
4897-TLSNH,2023-11-27,Paid,2024-11-26,Standard,Annual,,,15.52,554.0,59,0,Meera,India,Punjab,Male,1998-04-25,2024-10-27,N,50.0,2.0
8765-SUYGC,2021-03-07,Refferal,2021-04-06,Standard,Monthly,2024-05-30,Too Expensive,12.72,1142.0,88,1,Neha,India,Delhi,Female,2006-08-07,2023-07-14,N,72.0,2.0
5832-ILGKK,2024-05-28,Referral,2024-06-27,Standard,Monthly,,,12.61,884.0,12,0,Aditya,India,Uttar Pradesh,Male,1974-06-08,2024-04-13,N,43.0,1.0
3520-TPMCO,2021-03-01,Organic,2022-03-01,Standard,Annual,,,16.28,758.0,16,0,Ishita,India,Nagaland,Male,1980-01-17,,,,
1769-IKDKG,2022-06-08,Referral,2023-06-08,Standard,Annual,,,14.29,606.0,60,0,Nisha,India,Gujarat,Male,1974-11-23,2024-03-17,N,91.0,1.0
8500-WAPQJ,2023-06-22,Paid,2024-06-21,Basic,Annual,,,7.03,483.0,60,0,Rohan,India,Kerala,Male,2008-03-31,2023-03-25,Y,73.0,1.0
4703-UJBJG,2021-06-01,Organic,2021-07-01,Standard,Monthly,,,12.18,798.0,35,0,Vikram,India,Rajasthan,Male,2010-01-24,2026-06-29,N,11.0,2.0
3841-FDZDS,2025-06-06,Paid,2025-07-06,Standard,Monthly,,,16.85,839.0,25,0,Aarav,Nepal,Kathmandu,Female,2009-06-27,2023-10-15,N,96.0,1.0
7181-QXAHE,2025-07-01,Referral,2026-07-01,Standard,Annual,,,13.09,780.0,40,0,Ananya,India,Gujarat,Male,2010-02-28,2024-07-25,N,57.0,2.0
5778-QXJGY,2021-12-23,Organic,2022-01-22,Basic,Monthly,2025-04-23,Forgot To Cancel Trial,8.11,99.0,64,1,Rahul,India,Delhi,Male,1975-12-17,2025-12-30,N,95.0,1.0
6737-TLLKT,2021-06-13,Organic,2021-07-13,Basic,Monthly,,,5.4,768.0,15,0,Vivaan,India,Kerala,Male,1971-01-21,2023-12-18,N,45.0,1.0
2124-ZELIQ,2021-04-07,Refferal,2022-04-07,Standard,Annual,,,12.57,929.0,23,0,Priya,India,Meghalaya,Female,1982-07-04,,,,
6813-XUGFX,2023-12-05,Paid,2024-12-04,Basic,Annual,,,9.38,437.0,20,0,Amit,India,Haryana,Female,1984-05-17,2026-04-30,Y,69.0,2.0
4890-CVQAU,2022-10-31,Organic,2022-11-30,Basic,Monthly,,,8.77,502.0,47,0,Vikram,India,Delhi,Female,1972-05-30,,,,
6082-PWMLQ,2021-03-02,Organic,2021-04-01,Premium,Monthly,2021-12-30,Forgot To Cancel Trial,21.79,1475.0,62,1,Amit,India,Tamil Nadu,Male,1992-09-09,2025-08-09,N,55.0,2.0
1996-DVFNH,2025-11-19,Paid,2026-11-19,Standard,,,,13.41,353.0,7,0,Pooja,India,Maharashtra,Female,1990-03-12,2024-06-11,Y,32.0,2.0
2322-PULDG,2025-08-22,Refferal,2025-09-21,Basic,Monthly,2026-05-27,Switched To Competitor,5.35,80.0,3,1,Kavya,India,Punjab,Male,1987-12-27,2026-06-30,N,79.0,2.0
1665-WIJBL,2026-01-22,Paid,2026-02-21,Basic,Monthly,2026-06-10,Switched To Competitor,7.52,675.0,59,1,Vivaan,India,Maharashtra,Male,1989-12-18,,,,
9140-KQEDT,2023-01-13,Organic,2024-01-13,Basic,Annual,,,6.32,460.0,5,0,Rahul,India,Tamil Nadu,Male,2005-06-02,2025-04-18,N,51.0,2.0
0679-LIANZ,2023-12-03,Organic,2024-01-02,Standard,Monthly,,,13.71,806.0,98,0,Rahul,India,Punjab,Male,1990-03-23,2026-06-08,Y,37.0,2.0
0713-VOSCW,2022-09-20,,2023-09-20,Standard,Annual,2024-04-18,Too Expensive,14.62,742.0,28,1,Riya,India,Delhi,Female,1972-05-17,2026-05-13,Y,19.0,1.0
0137-XRIAP,2024-11-28,Paid,2025-11-28,Basic,Annual,,,6.9,302.0,26,0,Aarav,India,Haryana,Male,1971-06-11,,,,
0896-PUGGF,2023-01-23,Paid,2024-01-23,Standard,Annual,2025-11-11,Too Expensive,12.74,406.0,19,1,Rahul,India,Delhi,Male,1984-12-05,2026-07-19,Y,51.0,5.0
2266-CGRHU,2023-01-04,Organic,2024-01-04,Standard,Annual,,,12.85,1070.0,49,0,Ishita,India,Rajasthan,Male,2002-11-14,2025-06-21,Y,74.0,1.0
8196-TOIYF,2026-06-09,Paid,2026-07-09,Premium,Monthly,2026-06-29,Poor Streaming Quality,24.52,1112.0,81,1,Rahul,India,Haryana,Male,1972-02-27,2024-03-17,N,88.0,1.0
4657-LTOUX,2024-01-04,Refferal,2024-02-03,Standard,Monthly,,,12.57,964.0,24,0,Vikram,India,Uttar Pradesh,Female,1992-04-30,2025-03-18,Y,84.0,2.0
3920-WEXEW,2021-06-10,Paid,2022-06-10,Premium,Annual,,,24.32,1531.0,99,0,Nisha,India,Tamil Nadu,Male,1977-07-30,2025-06-16,N,23.0,1.0
3916-ZDMXB,2022-08-15,Organic,2022-09-14,Standard,Monthly,2024-12-29,Service Quality,12.6,1289.0,64,1,Vikram,India,Kerala,Female,2008-05-09,2026-03-18,N,49.0,1.0
2667-CIKQG,2021-02-05,Paid,2022-02-05,Premium,Annual,,,22.3,1529.0,81,0,Rahul,India,Karnataka,Female,1993-02-07,2025-03-09,Y,47.0,5.0
1606-EYYFF,2024-08-11,Organic,2024-09-10,Standard,Monthly,2024-10-06,Poor Support,12.77,1117.0,86,1,Neha,India,Karnataka,Male,1984-03-06,2025-06-19,Y,71.0,2.0
0564-YSTHQ,2024-09-07,Organic,2024-10-07,Standard,Monthly,,,13.76,950.0,5,0,Rohan,India,Maharashtra,Male,1974-07-02,2023-06-18,N,66.0,1.0
0620-RPISQ,2023-06-15,Organic,2024-06-14,Standard,Annual,2024-05-16,Poor Streaming Quality,14.12,792.0,12,1,Sneha,India,Meghalaya,Male,1998-10-10,2023-05-03,N,83.0,2.0
4403-EAYHH,2024-03-07,Paid,2024-04-06,Standard,Monthly,2025-03-07,Too Expensive,14.95,1326.0,83,1,Arjun,India,Kerala,Female,1986-08-02,2023-07-25,Y,100.0,2.0
6817-GJSPR,2025-10-17,Organic,2026-10-17,Basic,Annual,2026-01-26,Poor Support,7.55,574.0,34,1,Meera,India,Gujarat,Female,1990-12-18,,,,
0070-LMQDE,2021-11-12,Refferal,2021-12-12,Standard,Monthly,,,12.02,622.0,69,0,Karan,Nepal,Kathmandu,Male,1986-04-25,2025-12-30,N,10.0,5.0
7629-RVHZH,2026-03-05,Referral,2026-04-04,Standard,Monthly,,,16.01,438.0,100,0,Amit,India,Telangana,Male,1987-01-15,2025-10-09,Y,92.0,5.0
6517-EXIUI,2021-03-19,Organic,2021-04-18,Standard,Monthly,,,11.66,518.0,60,0,Aditya,India,Maharashtra,Female,1970-12-09,2024-09-25,N,68.0,1.0
7912-LBERF,2026-06-07,Refferal,2026-07-07,Standard,Monthly,,,13.59,725.0,91,0,Priya,India,Karnataka,Male,1981-09-19,2024-12-22,N,78.0,1.0
2770-OGDQR,2022-05-07,Paid,2023-05-07,Basic,Annual,,,4.99,757.0,11,0,Vivaan,India,Karnataka,Female,1989-03-05,2026-06-25,N,34.0,2.0
7336-YDLGX,2024-03-31,Paid,2024-04-30,Basic,Monthly,2025-08-06,Service Quality,6.43,323.0,26,1,Aarav,India,Meghalaya,Male,2004-11-27,,,,
5408-CRBHS,2022-05-22,Organic,2022-06-21,Premium,Monthly,,,24.49,1548.0,51,0,Sanjay,India,Maharashtra,Male,1990-07-19,2026-06-13,Y,30.0,1.0
5071-TOVOB,2026-03-20,Paid,2027-03-20,Basic,Annual,2026-08-10,Forgot To Cancel Trial,,313.0,96,1,Sneha,India,West Bengal,Male,1989-01-11,2026-05-11,N,44.0,1.0
0734-UBJAH,2025-05-18,Refferal,2025-06-17,Standard,Monthly,2026-03-29,Poor Streaming Quality,14.22,1053.0,77,1,Kavya,India,Karnataka,Male,1994-06-24,2024-04-09,N,92.0,2.0
5960-EMZBB,2026-02-04,Organic,2026-03-06,Basic,Monthly,2026-02-20,Switched To Competitor,6.06,412.0,45,1,Riya,India,West Bengal,Male,1973-02-18,2025-04-02,N,15.0,2.0
2729-VKQAT,2023-12-27,Organic,2024-12-26,Premium,Annual,,,20.62,1601.0,49,0,Nisha,India,Gujarat,Male,1977-07-09,2025-03-07,N,47.0,2.0
0696-SDWHE,2024-04-26,Organic,2025-04-26,Standard,Annual,,,11.35,726.0,58,0,Ishita,India,Haryana,Male,2005-10-03,2025-12-02,N,48.0,3.0
3382-AEPHJ,2025-07-21,Organic,2025-08-20,Premium,Monthly,2026-07-26,Service Quality,24.41,1230.0,52,1,Amit,India,Haryana,Female,2004-01-02,2024-06-22,Y,82.0,1.0
8076-DKEMI,2023-01-01,Organic,2024-01-01,Standard,Annual,,,11.81,951.0,2,0,Neha,India,Kerala,Male,1986-12-14,2023-01-10,N,54.0,1.0
0485-BWBUX,2022-10-05,Organic,2022-11-04,Standard,Monthly,2023-04-20,Poor Streaming Quality,14.06,827.0,5,1,Nisha,India,Maharashtra,Female,1992-01-12,2025-01-16,N,71.0,1.0
4670-IUZDZ,2021-05-21,Referral,2021-06-20,Basic,Monthly,,,5.14,772.0,1,0,Riya,India,Tamil Nadu,Female,1990-04-09,2025-12-20,N,48.0,2.0
9437-DBSCP,2025-07-27,Referral,2025-08-26,Standard,Monthly,,,13.02,629.0,45,0,Rohan,India,Punjab,Female,2008-06-16,2026-02-16,N,78.0,3.0
0669-RGCBE,2025-01-27,Organic,2025-02-26,Basic,Monthly,,,8.92,349.0,33,0,Riya,India,West Bengal,Female,1992-10-09,2023-09-27,N,72.0,1.0
5418-BUPHZ,2022-01-25,Organic,2022-02-24,Standard,Monthly,2026-05-02,Poor Streaming Quality,11.55,832.0,19,1,Vikram,India,Kerala,Female,1993-12-02,2026-06-15,N,68.0,4.0
6592-RESOZ,2022-09-11,Paid,2023-09-11,Premium,Annual,,,22.97,828.0,86,0,Amit,India,Maharashtra,Female,1977-05-19,2023-04-07,N,57.0,1.0
4792-RIBDW,2024-01-21,Referral,2024-02-20,Premium,Monthly,2026-04-01,Not Enough Content,20.32,1509.0,83,1,Pooja,India,Tamil Nadu,Female,1997-08-16,2025-12-22,N,100.0,3.0
7386-JSAAN,2021-08-11,Organic,2021-09-10,Premium,Monthly,,,21.38,1434.0,70,0,Meera,India,Gujarat,Male,1974-07-14,2026-05-17,Y,27.0,2.0
6258-YTGVM,2025-03-22,Paid,2026-03-22,Standard,Annual,2026-07-19,Switched To Competitor,13.66,756.0,38,1,Vivaan,India,West Bengal,Female,1975-05-23,2025-05-12,Y,57.0,3.0
8263-EABZC,2022-03-12,Paid,2023-03-12,Basic,Annual,,,4.99,579.0,59,0,Vivaan,India,Gujarat,Female,1982-04-06,,,,
9394-SDWDD,2024-10-26,Organic,2024-11-25,Standard,Monthly,2025-06-02,Forgot To Cancel Trial,13.4,1015.0,57,1,Neha,India,Telangana,Female,2006-02-27,2026-03-27,N,20.0,2.0
5764-HHFPA,2024-10-28,Organic,2024-11-27,Basic,Monthly,,,6.93,356.0,99,0,Vivaan,India,Telangana,Female,1986-09-13,2026-01-29,N,60.0,1.0
2468-OMSFQ,2022-11-04,Organic,2023-11-04,Premium,Annual,,,26.93,1472.0,72,0,Sneha,India,Rajasthan,Male,1989-02-03,2024-08-18,N,54.0,2.0
7604-KGOPC,2021-01-15,Refferal,2022-01-15,Standard,Annual,,,12.55,1057.0,14,0,Priya,India,Delhi,Male,1984-10-31,2025-08-30,N,51.0,1.0
5660-EOYNT,2026-02-05,Organic,2026-03-07,Basic,Monthly,,,4.99,886.0,1,0,Kavya,India,Gujarat,Female,1978-02-23,2025-11-02,N,20.0,2.0
3113-XVXTQ,2021-08-15,Refferal,2021-09-14,Basic,Monthly,2024-04-11,Service Quality,11.17,117.0,88,1,Neha,India,Delhi,Male,1987-07-16,,,,
5260-YWKCA,2025-02-03,Paid,2025-03-05,Basic,Monthly,,,6.73,336.0,68,0,Vikram,India,West Bengal,Female,2006-09-02,,,,
2352-BFCZC,2023-12-06,Paid,2024-01-05,,Monthly,,,11.38,221.0,39,0,Ishita,India,West Bengal,Male,1991-10-04,2025-01-11,N,51.0,1.0
6277-JESZU,2023-02-12,Paid,2023-03-14,Standard,Monthly,2026-07-15,Forgot To Cancel Trial,17.26,791.0,8,1,Ananya,India,Meghalaya,Female,1982-10-10,2023-05-31,N,80.0,2.0
9752-PRDWT,2026-02-18,Paid,2026-03-20,Basic,Monthly,,,5.17,505.0,5,0,Arjun,India,Nagaland,Male,2009-12-18,2023-10-07,N,49.0,1.0
2557-JPAVH,2022-07-28,Paid,2022-08-27,Standard,Monthly,,,13.61,1153.0,73,0,Neha,India,Haryana,Female,1993-04-27,,,,
0771-IVHOV,2023-04-02,Organic,2024-04-01,Premium,Annual,,,19.86,1707.0,92,0,Pooja,India,Rajasthan,Male,1996-11-24,,,,
0360-THSED,2023-10-23,Paid,2023-11-22,Premium,Monthly,2024-08-08,Poor Streaming Quality,21.04,1658.0,27,1,Karan,India,Tamil Nadu,Female,1987-11-12,,,,
7887-VZRMF,2024-05-01,Organic,2025-05-01,Standard,Annual,2025-05-29,Too Expensive,15.41,1093.0,29,1,Vivaan,India,Kerala,Female,1996-12-06,,,,
2968-QIMEL,2023-11-16,Paid,2023-12-16,Premium,Monthly,2025-04-16,Forgot To Cancel Trial,24.03,1540.0,30,1,Vikram,India,Delhi,Female,1995-06-21,,,,
2397-CDNJC,2026-03-14,Organic,2026-04-13,Standard,Monthly,2026-08-24,Poor Streaming Quality,14.41,652.0,49,1,Rahul,India,West Bengal,Female,1976-03-21,2023-07-16,N,73.0,1.0
5154-EADLY,2022-08-23,Refferal,2023-08-23,Premium,Annual,,,20.91,1387.0,55,0,Aarav,India,Telangana,Male,1970-07-19,2023-01-26,N,64.0,1.0
2434-HGJSI,2024-07-08,Paid,2024-08-07,Premium,Monthly,,,21.54,,77,0,Rohan,India,Tamil Nadu,Female,1983-03-25,2025-07-13,N,71.0,1.0
6583-XYOSX,2022-12-16,,2023-01-15,Premium,Monthly,,,20.86,1179.0,52,0,Rohan,India,Karnataka,Female,1978-01-26,2026-06-29,N,62.0,5.0
7871-HDCWO,2023-07-16,Paid,2023-08-15,Basic,Monthly,2023-11-29,Switched To Competitor,8.23,604.0,9,1,Karan,India,Nagaland,Male,1997-02-01,2024-06-16,N,29.0,2.0
2980-IHUPW,2024-08-29,Refferal,2025-08-29,Premium,Annual,,,21.86,1226.0,97,0,Vikram,India,Haryana,Male,1972-09-23,,,,
3034-MDZNO,2021-12-11,Paid,2022-12-11,Standard,Annual,2023-03-28,Poor Support,14.25,1053.0,40,1,Rahul,Nepal,Kathmandu,Female,1988-09-27,,,,
4150-HYMRA,2024-12-21,Organic,2025-12-21,Standard,Annual,,,16.44,866.0,94,0,Riya,India,Haryana,Female,1974-08-23,,,,
2776-UCCVI,2023-04-22,,2024-04-21,Standard,Annual,,,11.44,1729.0,30,0,Nisha,India,Kerala,Male,1974-10-03,2024-08-29,Y,68.0,2.0
2755-OFBAC,2024-08-31,Organic,2024-09-30,Standard,Monthly,,,12.96,1327.0,99,0,Ananya,India,Tamil Nadu,Female,1976-06-14,2024-04-05,N,70.0,1.0
1605-SHBAM,2022-05-03,Paid,2023-05-03,Basic,Annual,,,7.79,209.0,98,0,Vikram,India,Nagaland,Female,1995-03-31,2025-12-18,Y,73.0,2.0
8404-IBFME,2024-10-22,Paid,2024-11-21,,Monthly,2026-07-22,Switched To Competitor,7.36,506.0,31,1,Arjun,India,Tamil Nadu,Female,2000-01-29,2025-05-30,Y,50.0,1.0
9784-TIYID,2025-02-05,Organic,2025-03-07,Premium,Monthly,,,20.72,1461.0,27,0,Karan,India,Rajasthan,Male,1978-10-01,2023-06-18,Y,19.0,1.0
9383-YIPEQ,2025-03-20,Referral,2025-04-19,Standard,Monthly,,,18.61,756.0,95,0,Karan,India,West Bengal,Male,1976-12-14,2025-09-17,N,72.0,2.0
6907-SOSOV,2025-04-24,Paid,2025-05-24,Standard,Monthly,,,13.63,770.0,88,0,Ishita,India,Telangana,Male,1985-07-24,2025-05-20,N,80.0,3.0
1815-MKNDI,2026-02-26,Organic,2026-03-28,Premium,Monthly,,,20.61,2039.0,91,0,Vikram,India,Maharashtra,Male,1997-09-04,2026-01-19,N,80.0,2.0
9541-CQRMA,2021-10-31,Paid,2021-11-30,Standard,Monthly,,,13.64,1331.0,56,0,Sneha,India,Gujarat,Female,1971-06-27,2026-07-12,N,54.0,3.0
0366-HCCEE,2025-11-03,Organic,2026-11-03,Premium,Annual,,,20.74,1687.0,95,0,Karan,India,Kerala,Female,1978-06-13,2023-10-01,Y,66.0,1.0
8387-QAQDK,2022-09-22,Paid,2023-09-22,Standard,Annual,,,14.84,1288.0,20,0,Amit,India,Delhi,Male,1980-08-29,2023-02-01,N,28.0,1.0
0403-CDLMJ,2024-02-10,Paid,2025-02-09,Basic,Annual,2024-10-11,Poor Support,7.85,575.0,47,1,Sanjay,India,Meghalaya,Male,1997-01-24,,,,
6210-SSPOM,2023-11-12,Organic,2023-12-12,Premium,Monthly,,,25.73,1467.0,21,0,Arjun,India,Haryana,Female,1990-05-11,2026-03-10,Y,75.0,2.0
2397-MAZJT,2021-07-08,Refferal,2021-08-07,Standard,Monthly,,,,919.0,2,0,Rohan,India,Telangana,Male,2001-10-04,2026-05-11,N,13.0,2.0
9567-MWMDA,2026-07-09,Organic,2027-07-09,Basic,Annual,,,5.32,490.0,59,0,Pooja,India,Maharashtra,Female,1975-09-04,2024-10-31,N,67.0,2.0
1376-YMILG,2026-03-20,Paid,2026-04-19,,Monthly,,,21.52,1571.0,72,0,Aditya,India,Maharashtra,Male,1979-04-03,2024-09-17,Y,27.0,2.0
8707-ZCSIB,2021-08-03,Referral,2021-09-02,Basic,Monthly,,,4.99,588.0,83,0,Ishita,India,Telangana,Male,1973-01-31,2025-06-11,N,36.0,1.0
9223-BFAMP,2024-10-14,Organic,2024-11-13,Standard,Monthly,,,12.75,936.0,2,0,Ishita,India,Telangana,Female,1974-10-10,2024-09-03,N,20.0,2.0
3222-BDYUY,2023-04-05,Organic,2023-05-05,Standard,Monthly,,,14.97,,77,0,Pooja,India,Delhi,Male,2000-04-08,2023-04-08,N,20.0,2.0
5318-OUQLH,2023-07-11,Organic,2023-08-10,Basic,Monthly,,,9.77,426.0,10,0,Ananya,India,Karnataka,Male,2006-03-06,2026-05-14,Y,57.0,3.0
4866-BFTWC,2021-09-21,Organic,2022-09-21,Premium,Annual,,,23.47,1458.0,68,0,Arjun,India,West Bengal,Female,1985-11-02,2026-03-12,N,23.0,3.0
0990-CUIIA,2026-01-03,Paid,2027-01-03,Standard,Annual,,,13.87,,71,0,Aditya,Nepal,Kathmandu,Female,1988-07-21,2024-10-04,N,49.0,2.0
9725-LUSDU,2025-11-03,Organic,2026-11-03,Basic,Annual,2025-12-26,Poor Streaming Quality,5.31,20.0,51,1,Nisha,India,Nagaland,Female,1977-04-23,2026-02-26,N,93.0,2.0
5513-PFWYK,2023-03-18,Paid,2023-04-17,Premium,Monthly,2026-06-26,Poor Streaming Quality,21.55,964.0,20,1,Arjun,India,Punjab,Female,1984-04-19,,,,
0946-WXNPF,2021-01-09,Paid,2021-02-08,Premium,Monthly,,,23.21,1217.0,65,0,Sneha,India,West Bengal,Male,1983-08-03,2024-03-28,Y,65.0,1.0
0697-YMHSA,2022-08-27,Organic,2023-08-27,Standard,,2025-08-10,Poor Support,13.82,867.0,33,1,Aarav,India,Delhi,Male,2001-12-23,2026-07-13,N,14.0,5.0
0821-GLJEJ,2022-04-27,Organic,2022-05-27,Premium,Monthly,,,18.83,1722.0,59,0,Pooja,India,Karnataka,Female,1986-08-06,2025-04-27,Y,72.0,1.0
3354-NOWUH,2023-05-31,Organic,2024-05-30,Basic,Annual,2024-01-20,Service Quality,4.99,689.0,23,1,Neha,India,Delhi,Male,2006-05-04,2025-06-15,N,59.0,1.0
9028-NEITV,2021-04-06,Paid,2022-04-06,Standard,Annual,,,15.56,638.0,52,0,Nisha,India,Delhi,Male,1985-03-13,,,,
3755-EECSN,2026-04-22,Organic,2026-05-22,Standard,Monthly,2026-08-05,Service Quality,13.36,1385.0,61,1,Aarav,India,Telangana,Female,1975-07-12,2025-12-27,N,56.0,2.0
4524-RVUDP,2024-07-06,Organic,2024-08-05,Basic,Monthly,,,4.99,349.0,17,0,Sneha,India,Meghalaya,Female,1972-03-31,2023-08-28,N,94.0,1.0
8827-UIKXA,2023-01-04,Organic,2023-02-03,Standard,Monthly,,,12.01,965.0,18,0,Aditya,India,Meghalaya,Male,1997-10-29,2026-05-24,N,72.0,2.0
5265-DXBAI,2025-06-13,Referral,2026-06-13,Standard,Annual,,,15.03,538.0,42,0,Nisha,India,Telangana,Female,1976-01-18,2025-07-24,N,12.0,2.0
2020-MHJOO,2026-02-21,Organic,2026-03-23,Premium,Monthly,2026-08-16,Poor Streaming Quality,23.05,1492.0,77,1,Ananya,India,Gujarat,Female,1972-02-12,2025-02-19,Y,85.0,2.0
9349-MORER,2024-02-11,Paid,2024-03-12,Standard,Monthly,,,12.57,420.0,18,0,Arjun,India,Maharashtra,Female,1988-08-20,2026-03-15,N,96.0,2.0
8621-IEJHP,2023-03-31,Refferal,2023-04-30,Standard,Monthly,,,15.08,863.0,23,0,Pooja,India,Rajasthan,Male,1984-05-15,,,,
8639-PDIRI,2021-06-11,Paid,2022-06-11,Basic,Annual,2025-05-06,Poor Support,7.86,540.0,84,1,Pooja,India,Kerala,Male,1986-03-11,2023-07-27,Y,89.0,1.0
5873-SIQKD,2022-09-10,Organic,2023-09-10,Premium,Annual,,,20.98,1177.0,60,0,Arjun,India,Karnataka,Male,1991-06-19,2025-06-30,N,36.0,2.0
3736-LAXNA,2023-07-11,Paid,2023-08-10,Basic,Monthly,2024-10-02,Poor Streaming Quality,5.02,655.0,97,1,Rohan,India,Telangana,Female,2003-10-25,2025-03-02,Y,77.0,1.0
8682-WAEJN,2021-04-30,Organic,2022-04-30,Standard,Annual,2025-11-27,Poor Support,14.1,1095.0,82,1,Vikram,India,Meghalaya,Male,1980-10-09,2024-07-31,N,42.0,1.0
7263-LPARX,2025-08-24,Refferal,2025-09-23,Basic,Monthly,,,8.87,330.0,97,0,Pooja,India,Punjab,Female,2004-01-20,2026-03-22,N,43.0,5.0
5272-LHYAH,2025-10-02,Referral,2025-11-01,Basic,Monthly,,,6.2,445.0,80,0,Meera,India,Maharashtra,Male,1975-03-27,2025-12-30,Y,57.0,1.0
1407-WMXRO,2024-12-17,Paid,2025-01-16,Basic,Monthly,2025-12-09,Poor Streaming Quality,5.08,314.0,85,1,Kavya,Nepal,Kathmandu,Male,1981-02-28,2024-08-08,Y,31.0,2.0
5185-FORZO,2023-04-22,Organic,2024-04-21,Standard,Annual,2025-04-26,Poor Support,15.78,1043.0,12,1,Aditya,India,Rajasthan,Male,2000-10-28,2024-05-22,N,32.0,2.0
9388-YNLDG,2021-06-16,Referral,2022-06-16,Premium,,,,23.31,2021.0,83,0,Sanjay,India,Meghalaya,Male,1983-12-21,,,,
8792-DKSGZ,2025-02-04,Paid,2025-03-06,Basic,Monthly,,,5.93,28.0,79,0,Priya,India,Uttar Pradesh,Female,1995-01-18,2024-03-05,N,65.0,1.0
6502-AGTWY,2024-01-07,Organic,2024-02-06,Standard,Monthly,,,13.44,973.0,89,0,Priya,India,Haryana,Female,1980-09-29,2025-03-17,N,38.0,1.0
8514-BSCBR,2026-01-16,Referral,2026-02-15,Standard,Monthly,,,12.19,1090.0,27,0,Rahul,India,Karnataka,Female,1994-11-18,,,,
4793-QWBNV,2021-02-04,Organic,2022-02-04,Basic,Annual,,,4.99,220.0,49,0,Aarav,India,Rajasthan,Female,1978-05-02,,,,
4415-NMXBW,2025-04-06,Refferal,2026-04-06,Basic,Annual,,,8.28,250.0,65,0,Vikram,India,Delhi,Male,2000-09-15,2024-01-10,N,81.0,1.0
8167-VKNJG,2024-12-29,Refferal,2025-12-29,Basic,Annual,2025-02-05,Poor Streaming Quality,6.22,254.0,66,1,Arjun,India,Karnataka,Male,1974-06-19,2025-08-07,N,38.0,1.0
8756-NSCUR,2026-03-13,Organic,2027-03-13,Premium,Annual,,,26.24,1756.0,65,0,Sanjay,India,Gujarat,Female,1973-12-19,,,,
9975-DONNB,2025-04-14,Organic,2026-04-14,Basic,Annual,2026-04-13,Service Quality,8.19,766.0,27,1,Ishita,India,Karnataka,Male,1983-05-17,2024-02-14,N,97.0,1.0
4743-HQGLQ,2024-03-01,Organic,2025-03-01,Premium,Annual,,,22.11,1586.0,97,0,Vikram,India,Maharashtra,Female,1972-06-29,2023-07-10,N,73.0,1.0
0662-USBBW,2026-06-25,Refferal,2027-06-25,Standard,Annual,,,14.41,774.0,17,0,Ananya,Nepal,Kathmandu,Male,1991-09-30,2024-08-08,N,98.0,1.0
2850-WMIHR,2025-09-01,Organic,2025-10-01,Standard,,,,12.39,554.0,15,0,Rahul,India,Karnataka,Female,1970-12-03,2024-12-15,N,91.0,2.0
1118-KIEJN,2021-05-19,Organic,2021-06-18,Basic,Monthly,,,6.63,605.0,83,0,Aditya,India,Meghalaya,Female,1997-06-14,2025-11-10,N,62.0,2.0
6782-CWWRY,2026-02-12,Paid,2027-02-12,Standard,Annual,2026-07-03,Poor Streaming Quality,12.41,996.0,44,1,Vivaan,India,Meghalaya,Male,1985-11-18,2023-04-12,N,14.0,1.0
4292-VSOEO,2025-02-25,Organic,2026-02-25,Basic,Annual,,,6.32,404.0,31,0,Vikram,India,Rajasthan,Female,2009-05-22,2025-12-27,N,57.0,2.0
9014-ZLGTB,2022-10-01,Organic,2023-10-01,Basic,Annual,,,4.99,386.0,31,0,Rahul,India,Kerala,Male,1986-11-20,2026-04-19,Y,86.0,2.0
1531-OZILI,2021-06-19,Referral,2021-07-19,Basic,Monthly,,,5.22,455.0,28,0,Riya,India,Delhi,Female,1985-03-28,2025-04-15,N,45.0,1.0
4418-APPIG,2021-08-17,Paid,2021-09-16,Premium,Monthly,,,22.4,1628.0,80,0,Riya,India,Gujarat,Female,1991-06-17,,,,
7621-EBBWJ,2025-03-01,Paid,2025-03-31,Basic,Monthly,2026-01-19,Service Quality,6.2,231.0,31,1,Neha,India,Punjab,Male,1997-01-10,2025-08-30,N,18.0,1.0
1039-WDIAR,2023-12-14,Organic,2024-12-13,Standard,Annual,2025-05-07,Forgot To Cancel Trial,13.61,370.0,41,1,Nisha,India,Uttar Pradesh,Female,1996-05-22,2026-07-09,N,43.0,2.0
6999-TGIYV,2022-05-24,Paid,2022-06-23,Premium,Monthly,,,26.14,1458.0,3,0,Neha,India,Haryana,Male,1983-04-25,2025-12-04,N,94.0,1.0
0394-RVOQA,2024-11-02,Paid,2024-12-02,Premium,Monthly,,,24.04,1422.0,30,0,Riya,India,Haryana,Female,1995-05-18,2026-07-10,N,59.0,2.0
0323-AEZQU,2024-10-02,Paid,2024-11-01,Premium,Monthly,,,21.78,1483.0,95,0,Sneha,India,Karnataka,Male,1978-03-13,2025-01-28,N,85.0,1.0
2972-YFXAA,2025-02-20,Paid,2025-03-22,Basic,Monthly,,,6.46,361.0,54,0,Riya,India,Punjab,Male,1986-03-28,2026-04-25,Y,9.0,2.0
0811-UGLMU,2022-01-01,Organic,2022-01-31,Premium,Monthly,,,22.82,1616.0,48,0,Arjun,India,Nagaland,Male,1995-03-25,2026-04-26,N,86.0,1.0
3502-AKHTT,2025-12-02,Paid,2026-12-02,Standard,Annual,2026-05-01,Too Expensive,12.06,634.0,18,1,Sanjay,India,Kerala,Male,1973-05-09,2025-05-16,Y,51.0,2.0
0941-UBQKH,2023-09-09,Refferal,2023-10-09,Basic,Monthly,,,4.99,234.0,59,0,Ananya,India,Meghalaya,Female,1995-02-04,2024-09-09,Y,64.0,1.0
4843-IUZVL,2022-06-23,Organic,2022-07-23,Basic,Monthly,,,10.5,244.0,21,0,Neha,India,Haryana,Female,1971-12-05,2023-09-17,Y,64.0,1.0
5044-LUOMK,2024-07-09,Organic,2024-08-08,Basic,Monthly,2026-04-12,Poor Support,6.81,418.0,14,1,Ananya,India,Karnataka,Male,2006-09-01,2024-02-01,N,77.0,2.0
3765-ORLUV,2024-08-14,Paid,2024-09-13,Basic,Monthly,2025-04-10,Too Expensive,5.44,464.0,38,1,Rahul,India,Meghalaya,Female,2008-09-21,2026-03-23,N,69.0,2.0
4304-XEYHO,2023-05-27,Organic,2024-05-26,Standard,Annual,,,14.16,1135.0,40,0,Priya,India,Maharashtra,Male,1970-04-11,2025-03-30,N,71.0,1.0
2852-LISCV,2025-02-09,Organic,2025-03-11,Basic,Monthly,2025-02-23,Poor Support,7.69,582.0,4,1,Karan,India,Karnataka,Male,1975-05-15,2026-01-15,Y,88.0,2.0
9039-OOSFT,2021-07-05,Organic,2022-07-05,Standard,Annual,2026-04-03,Poor Support,10.51,831.0,5,1,Kavya,India,Maharashtra,Female,1979-06-13,2025-07-12,N,10.0,1.0
2205-RHTUF,2025-03-19,Organic,2026-03-19,Basic,Annual,,,9.9,20.0,73,0,Rahul,India,Punjab,Female,1974-01-06,2025-09-18,N,6.0,2.0
6182-MHPZA,2023-05-26,Organic,2023-06-25,Premium,Monthly,,,23.41,1403.0,53,0,Neha,India,Maharashtra,Male,1976-12-12,2025-12-23,N,79.0,2.0
9568-WNPJD,2026-02-06,Paid,2027-02-06,Basic,Annual,,,7.45,106.0,48,0,Meera,India,Uttar Pradesh,Female,2009-03-06,2024-03-27,Y,20.0,1.0
5724-VGSTT,2026-04-26,Organic,2026-05-26,Standard,Monthly,,,14.08,841.0,10,0,Arjun,India,Haryana,Female,1995-01-20,,,,
3415-KKWXK,2023-05-08,Paid,2024-05-07,Standard,Annual,,,14.61,1037.0,17,0,Priya,India,Haryana,Female,2002-02-12,2025-11-06,N,78.0,2.0
9699-OKAPQ,2022-08-04,Paid,2023-08-04,Standard,Annual,,,13.8,741.0,29,0,Ishita,India,Rajasthan,Male,1995-09-03,2026-01-30,N,76.0,1.0
9683-SAOTM,2026-07-29,Organic,2026-08-28,Premium,Monthly,,,22.45,1612.0,40,0,Vikram,India,Uttar Pradesh,Female,1978-07-22,,,,
4306-VPRMH,2026-03-07,Organic,2026-04-06,Standard,Monthly,2026-05-21,Switched To Competitor,13.65,1244.0,36,1,Nisha,India,Gujarat,Female,1990-02-17,2025-09-23,N,13.0,5.0
5201-YPSDZ,2023-01-30,Organic,2023-03-01,Standard,Monthly,,,15.65,663.0,86,0,Ishita,India,Karnataka,Male,1977-04-12,2025-07-12,N,53.0,2.0
2464-ZLXXT,2021-05-01,Organic,2021-05-31,Standard,Monthly,2025-01-31,Too Expensive,13.91,496.0,21,1,Amit,India,Delhi,Female,1983-05-15,2025-02-06,N,22.0,2.0
9165-PWEBO,2022-02-21,Referral,2022-03-23,Basic,Monthly,2023-05-28,Poor Support,5.95,250.0,64,1,Neha,India,Meghalaya,Male,1986-02-21,2023-09-30,N,85.0,1.0
8102-TNNPW,2025-06-20,Organic,2026-06-20,Basic,Annual,,,8.26,498.0,68,0,Aditya,India,Delhi,Male,1974-07-19,2024-06-13,Y,43.0,2.0
8421-CPJUN,2024-09-03,Organic,2024-10-03,Basic,Monthly,,,7.27,605.0,42,0,Vivaan,India,Meghalaya,Male,1976-07-30,2025-06-01,N,31.0,2.0
9912-LRCYD,2024-06-13,Organic,2025-06-13,Basic,Annual,2024-12-29,Poor Streaming Quality,6.49,509.0,92,1,Rohan,India,Maharashtra,Male,2005-10-02,2024-08-21,Y,90.0,4.0
3798-VZMMB,2022-03-19,Referral,2023-03-19,Premium,Annual,,,23.14,1791.0,1,0,Neha,India,Tamil Nadu,Male,1975-01-24,2023-04-05,N,51.0,1.0
9788-AAMAE,2026-08-02,Paid,2026-09-01,Basic,Monthly,2026-08-29,Poor Support,7.84,327.0,13,1,Nisha,India,Haryana,Male,2008-10-05,2026-06-30,Y,87.0,1.0
6285-SHUPF,2023-07-22,Organic,2023-08-21,Basic,Monthly,2024-08-24,Not Enough Content,7.86,503.0,28,1,Ananya,India,Rajasthan,Female,2010-03-29,,,,
7130-PVEGH,2022-04-29,Refferal,2022-05-29,Standard,Monthly,2025-05-10,Poor Support,15.72,787.0,12,1,Aditya,India,Karnataka,Female,1996-05-04,,,,
3429-XTOOX,2021-03-30,Paid,2021-04-29,Standard,Monthly,2023-02-08,Too Expensive,16.75,750.0,15,1,Sneha,India,West Bengal,Female,1991-07-24,2023-04-21,N,11.0,1.0
4480-FDIQM,2022-08-05,Organic,2022-09-04,Standard,Monthly,,,13.41,697.0,4,0,Kavya,India,Karnataka,Female,2004-10-31,2025-01-09,N,10.0,3.0
4231-MZZEC,2021-07-23,Organic,2021-08-22,Premium,Monthly,,,22.06,1818.0,20,0,Ishita,India,Tamil Nadu,Female,1970-10-04,,,,
2460-WLWQO,2022-10-18,Paid,2022-11-17,Basic,Monthly,2023-02-20,Switched To Competitor,6.67,442.0,11,1,Vivaan,India,Rajasthan,Female,1987-11-02,2025-07-27,Y,69.0,1.0
2832-IDNHH,2022-09-30,Paid,2023-09-30,Basic,Annual,,,7.49,20.0,35,0,Aarav,India,Gujarat,Female,1990-12-20,,,,
0418-UYMNY,2024-05-07,Organic,2025-05-07,Basic,Annual,,,6.8,20.0,2,0,Pooja,India,Haryana,Female,1992-04-29,2025-08-28,N,66.0,2.0
5126-QLNNS,2021-11-23,Paid,2021-12-23,Basic,Monthly,2022-12-20,Poor Streaming Quality,7.49,242.0,58,1,Sneha,India,Kerala,Male,1992-09-19,,,,
6050-NBXXE,2026-05-27,Organic,2027-05-27,Standard,Annual,2026-06-25,Switched To Competitor,12.27,678.0,87,1,Priya,India,Tamil Nadu,Female,1976-12-03,2026-06-28,Y,51.0,1.0
2949-ZIVUW,2023-11-09,,2023-12-09,Basic,Monthly,2024-02-08,Poor Support,6.55,502.0,22,1,Arjun,India,Uttar Pradesh,Male,2006-07-29,2026-06-22,Y,45.0,1.0
0183-MOVFH,2025-06-07,Referral,2025-07-07,Standard,Monthly,2026-04-02,Poor Support,12.27,1038.0,27,1,Vivaan,India,Kerala,Male,2008-07-31,,,,
1818-TZDGH,2022-05-28,Refferal,2022-06-27,Standard,Monthly,2024-04-11,Poor Streaming Quality,13.16,907.0,71,1,Karan,India,West Bengal,Male,1988-09-25,2024-09-13,N,59.0,2.0
8892-LHIPK,2021-01-16,Paid,2021-02-15,Basic,Monthly,2022-01-06,Poor Support,7.22,755.0,45,1,Aditya,India,Meghalaya,Female,1996-12-03,,,,
1424-VKGST,2021-12-07,Referral,2022-01-06,Basic,Monthly,,,6.15,704.0,13,0,Pooja,India,Punjab,Female,1983-10-26,2024-01-16,N,75.0,1.0
1570-BBTQU,2025-10-05,Organic,2026-10-05,Basic,Annual,,,4.99,240.0,27,0,Kavya,India,Meghalaya,Male,1994-11-22,2024-09-24,Y,13.0,1.0
6272-KPSKX,2025-02-26,Refferal,2026-02-26,Basic,Annual,2026-06-01,Too Expensive,8.75,417.0,16,1,Ishita,India,Nagaland,Male,1987-10-31,2024-05-20,Y,14.0,1.0
8997-UZKCM,2025-07-02,Organic,2026-07-02,Basic,Annual,,,6.82,520.0,22,0,Priya,India,Nagaland,Female,1986-06-04,2025-07-22,N,33.0,2.0
7464-UKHLU,2025-05-22,Organic,2025-06-21,Standard,Monthly,2026-06-20,Service Quality,14.43,1005.0,6,1,Neha,India,Nagaland,Female,2004-06-23,2023-09-16,Y,82.0,1.0
0628-IFUMC,2025-02-25,Paid,2026-02-25,Basic,Annual,2025-02-23,Poor Support,9.52,432.0,92,1,Rohan,India,Nagaland,Female,1976-02-18,2023-11-16,N,51.0,2.0
2635-BMZOW,2023-07-26,Paid,2023-08-25,Basic,Monthly,,,9.02,350.0,28,0,Neha,India,Gujarat,Male,1980-10-10,,,,
7431-WIYGL,2022-08-21,Paid,2022-09-20,Premium,Monthly,2024-08-07,Service Quality,23.17,1488.0,71,1,Ishita,India,Nagaland,Male,1971-12-27,2026-04-14,N,49.0,1.0
6819-HGDAN,2022-07-06,Paid,2022-08-05,Premium,Monthly,2026-04-12,Forgot To Cancel Trial,23.16,1526.0,65,1,Aarav,India,Karnataka,Male,1983-01-03,,,,
9866-FLYUA,2024-06-13,Organic,2025-06-13,Standard,Annual,,,13.96,911.0,26,0,Rahul,India,Gujarat,Male,1994-05-20,2026-07-02,N,84.0,2.0
5017-DGGPF,2025-10-06,Paid,2026-10-06,Basic,Annual,2026-03-23,Not Enough Content,4.99,183.0,18,1,Amit,India,Karnataka,Male,1995-01-06,2024-10-23,N,96.0,1.0
2536-FJRKI,2023-10-03,Organic,2024-10-02,Standard,Annual,,,14.45,729.0,32,0,Kavya,India,Punjab,Female,1998-06-13,2024-06-08,Y,23.0,2.0
5187-PAXXP,2025-10-28,Organic,2026-10-28,Basic,Annual,2026-05-11,Service Quality,5.71,409.0,48,1,Aarav,India,Tamil Nadu,Male,1990-08-10,2023-05-09,N,65.0,1.0
5755-SLJJE,2024-12-26,Paid,2025-01-25,Premium,Monthly,2025-01-16,Service Quality,22.41,1197.0,58,1,Aarav,India,Nagaland,Male,2010-12-05,2025-03-27,N,16.0,1.0
8414-IHZNQ,2024-04-14,Refferal,2024-05-14,Standard,Monthly,,,16.54,470.0,74,0,Sneha,India,Karnataka,Male,1973-11-29,2026-03-19,N,16.0,2.0
2472-HSLDV,2021-03-08,Paid,2022-03-08,Premium,Annual,2025-05-21,Poor Support,22.28,1114.0,63,1,Pooja,India,Rajasthan,Male,1986-12-06,2025-06-15,N,87.0,2.0
4041-RIOUX,2024-02-17,Paid,2024-03-18,Basic,Monthly,2026-05-07,Not Enough Content,5.5,707.0,30,1,Ishita,India,Haryana,Female,1987-07-20,2025-01-02,N,75.0,1.0
2092-RXQDE,2021-05-26,Referral,2021-06-25,Premium,Monthly,,,22.89,1124.0,95,0,Aditya,India,Haryana,Female,2003-02-24,2025-06-13,N,92.0,2.0
2046-CTZNP,2023-01-13,Organic,2023-02-12,Basic,Monthly,,,4.99,453.0,8,0,Aarav,India,Punjab,Female,1974-08-26,2026-04-03,Y,93.0,2.0
7741-KMPHB,2021-03-05,Organic,2022-03-05,Premium,Annual,,,22.46,1129.0,47,0,Sanjay,India,Telangana,Female,2000-08-20,2026-05-26,Y,24.0,2.0
5687-VBFGU,2021-03-23,Paid,2021-04-22,Basic,Monthly,2021-04-02,Poor Streaming Quality,6.96,146.0,29,1,Neha,India,Rajasthan,Female,2006-01-04,2026-04-30,N,51.0,2.0
5057-NQHSA,2024-04-01,Organic,2024-05-01,Premium,Monthly,,,21.49,1696.0,96,0,Aarav,India,West Bengal,Male,1981-01-15,2026-07-04,Y,47.0,2.0
1158-VRELB,2022-08-08,Paid,2022-09-07,Basic,Monthly,,,7.73,577.0,96,0,Riya,India,Delhi,Female,2007-07-01,2026-07-08,N,33.0,2.0
6725-THJGK,2021-07-26,Organic,2021-08-25,Standard,Monthly,,,13.86,657.0,73,0,Nisha,India,Karnataka,Female,1988-08-01,2023-04-12,N,77.0,1.0
2740-GLWTH,2021-04-02,Refferal,2022-04-02,Premium,Annual,,,21.46,1838.0,28,0,Meera,India,Delhi,Female,1976-06-16,,,,
9428-FXIOF,2024-10-23,Organic,2025-10-23,Standard,Annual,2026-02-10,Poor Support,15.07,776.0,20,1,Meera,India,Gujarat,Male,1975-07-25,,,,
7625-IWCNE,2025-02-01,Organic,2025-03-03,Basic,Monthly,2025-06-06,Not Enough Content,5.44,77.0,99,1,Aditya,Nepal,Kathmandu,Female,2006-09-25,2026-04-16,N,51.0,5.0
8891-KRWNB,2023-11-01,Referral,2023-12-01,Standard,Monthly,,,11.55,764.0,78,0,Vivaan,India,Uttar Pradesh,Female,1977-01-23,2025-10-28,N,79.0,2.0
2225-FXXMX,2026-03-28,Paid,2027-03-28,Basic,Annual,,,7.71,505.0,74,0,Sneha,India,Delhi,Female,1998-07-11,2023-08-13,N,98.0,1.0
2478-RKGGK,2024-08-20,Organic,2024-09-19,Standard,Monthly,,,15.56,745.0,38,0,Priya,India,Telangana,Female,1990-09-07,2024-04-20,N,49.0,2.0
3412-FIDZJ,2022-04-30,Paid,2022-05-30,Basic,Monthly,,,4.99,558.0,10,0,Neha,India,Rajasthan,Male,1998-07-30,2024-04-14,N,10.0,3.0
1095-OWJVP,2025-08-24,Paid,2025-09-23,Basic,Monthly,,,9.15,427.0,59,0,Ananya,Nepal,Kathmandu,Male,2006-06-01,2025-12-07,Y,79.0,2.0
7398-HAIYU,2023-05-07,Organic,2024-05-06,Basic,Annual,2026-02-27,Switched To Competitor,,472.0,47,1,Rahul,India,Telangana,Male,1985-12-15,,,,
7846-WJIYO,2022-10-13,Paid,2023-10-13,Basic,Annual,2024-06-23,Switched To Competitor,8.39,20.0,24,1,Priya,India,West Bengal,Female,1983-09-12,2023-08-03,N,47.0,1.0
2996-HWBBT,2021-12-19,Organic,2022-01-18,Basic,Monthly,,,6.31,279.0,52,0,Priya,India,Haryana,Male,1972-03-20,2023-04-28,Y,41.0,1.0
0037-EZLSM,2025-03-28,Organic,2026-03-28,Premium,Annual,,,23.35,1373.0,60,0,Meera,India,Haryana,Female,1988-09-23,2025-06-09,N,13.0,1.0
0927-ETCPJ,2021-08-06,Paid,2022-08-06,Basic,Annual,,,5.82,317.0,10,0,Rahul,India,Delhi,Female,2005-11-15,2025-03-19,N,14.0,2.0
3717-YPPJJ,2026-07-04,Organic,2026-08-03,Standard,Monthly,,,12.87,731.0,2,0,Aarav,India,Tamil Nadu,Male,1972-09-20,2026-06-18,N,73.0,2.0
6864-BGPQC,2022-11-05,Paid,2022-12-05,Premium,Monthly,,,19.89,1379.0,84,0,Sneha,India,West Bengal,Female,2001-01-10,2024-01-19,N,94.0,1.0
7882-OGTZL,2026-02-05,Paid,2026-03-07,Standard,Monthly,,,14.23,555.0,85,0,Priya,India,Tamil Nadu,Male,1997-05-29,2025-10-27,N,15.0,2.0
2851-HPBMA,2026-02-27,Organic,2027-02-27,Premium,Annual,,,22.86,1590.0,19,0,Pooja,India,Delhi,Male,1998-12-21,2024-10-16,N,71.0,2.0
0408-LTWCG,2026-03-30,Refferal,2027-03-30,Standard,,,,13.7,,60,0,Karan,India,Maharashtra,Female,1993-11-30,2026-07-13,N,43.0,3.0
4230-OZRNB,2026-03-01,Refferal,2026-03-31,Standard,Monthly,,,,1044.0,4,0,Pooja,India,Telangana,Female,2004-12-27,2024-11-17,N,37.0,2.0
0830-DRIGR,2021-11-07,Organic,2022-11-07,Standard,Annual,,,10.87,767.0,85,0,Priya,India,Tamil Nadu,Female,2001-08-02,2025-07-14,N,75.0,2.0
8157-LWTSW,2024-09-05,Referral,2025-09-05,Standard,Annual,,,15.42,918.0,83,0,Amit,India,Maharashtra,Female,1972-05-22,2024-06-10,N,78.0,3.0
1857-TYZPT,2023-08-12,Paid,2023-09-11,Basic,Monthly,,,5.04,402.0,8,0,Arjun,India,Punjab,Male,2008-12-03,2024-10-17,N,6.0,2.0
8887-WXVJS,2025-02-06,Organic,2026-02-06,Standard,Annual,,,12.8,1062.0,39,0,Meera,India,Haryana,Female,2006-12-27,2026-02-06,N,69.0,1.0
4118-UVYPM,2025-01-31,Paid,2026-01-31,Basic,Annual,,,7.41,408.0,79,0,Pooja,India,Kerala,Female,1979-05-02,2024-09-10,Y,87.0,2.0
1675-QONRW,2022-11-24,Organic,2023-11-24,Standard,,,,14.54,575.0,61,0,Meera,India,Meghalaya,Male,2008-03-09,,,,
1507-LSVUU,2021-02-08,Organic,2022-02-08,Standard,Annual,,,15.54,899.0,90,0,Rahul,India,West Bengal,Female,2004-07-10,2024-07-14,N,93.0,1.0
8552-ZPGOS,2022-03-21,Organic,2022-04-20,Basic,Monthly,2025-04-08,Poor Streaming Quality,6.78,53.0,89,1,Aditya,India,Karnataka,Female,1979-04-24,2024-10-17,Y,85.0,2.0
1028-TOYFX,2023-12-02,Paid,2024-01-01,Basic,Monthly,2024-12-23,Not Enough Content,5.72,546.0,76,1,Vikram,India,Meghalaya,Male,1970-12-29,2023-12-26,Y,15.0,1.0
4492-ORPXE,2021-10-29,Organic,2021-11-28,Premium,Monthly,2022-04-10,Too Expensive,,1497.0,84,1,Ishita,India,Delhi,Female,1980-09-21,2025-10-16,Y,79.0,2.0
7304-ZFGMS,2022-02-02,Referral,2023-02-02,Basic,Annual,2025-01-29,Poor Streaming Quality,6.33,1089.0,90,1,Ishita,India,Haryana,Female,1994-08-17,2023-06-04,N,41.0,2.0
9589-UULQF,2024-08-25,Referral,2025-08-25,Basic,Annual,2025-03-26,Poor Support,9.31,623.0,50,1,Aditya,India,Meghalaya,Male,2010-02-17,2025-06-15,N,46.0,2.0
4643-EAWUN,2026-06-08,Organic,2026-07-08,Standard,Monthly,,,13.72,256.0,27,0,Ishita,India,Kerala,Female,2004-06-04,2025-09-18,N,73.0,1.0
0168-CCSFG,2022-06-13,Organic,2022-07-13,Standard,Monthly,,,15.33,1248.0,23,0,Amit,India,Maharashtra,Male,1992-11-28,2024-09-24,N,35.0,2.0
8613-WTIPF,2025-04-17,Organic,2026-04-17,Premium,Annual,,,24.92,1495.0,10,0,Meera,India,West Bengal,Male,1981-04-15,2023-12-26,N,73.0,1.0
8581-CTNTL,2023-08-30,Organic,2024-08-29,Standard,Annual,2025-07-01,Not Enough Content,15.44,898.0,62,1,Sanjay,India,Meghalaya,Female,1993-09-17,2024-07-05,N,73.0,2.0
1601-TQMJI,2025-11-09,Refferal,2026-11-09,Premium,Annual,2026-02-03,Poor Support,23.67,1675.0,38,1,Sneha,India,Nagaland,Male,1971-08-11,2025-01-09,Y,48.0,3.0
4823-GHHAY,2023-01-29,Organic,2024-01-29,Standard,Annual,2026-04-24,Poor Support,13.14,916.0,66,1,Ishita,India,Punjab,Male,2009-05-31,2026-04-26,N,8.0,1.0
2383-EDZMI,2022-05-23,Organic,2022-06-22,Premium,Monthly,,,24.03,1562.0,36,0,Neha,India,Uttar Pradesh,Female,2002-05-03,2026-02-17,Y,34.0,3.0
4052-CIGUB,2021-11-17,Paid,2021-12-17,Standard,Monthly,,,12.97,705.0,47,0,Ananya,India,Punjab,Male,1985-07-07,2026-06-29,Y,47.0,1.0
4267-UVNFI,2022-02-18,Organic,2022-03-20,Premium,Monthly,,,23.47,1019.0,92,0,Vikram,India,Tamil Nadu,Female,1998-10-23,2024-11-11,N,10.0,2.0
2241-RHQRY,2021-04-13,Refferal,2021-05-13,Standard,Monthly,,,13.24,518.0,50,0,Pooja,India,Meghalaya,Female,1992-11-27,2024-08-12,N,11.0,1.0
3718-YKRRV,2024-11-07,Organic,2024-12-07,Basic,Monthly,,,6.05,668.0,99,0,Ishita,India,Telangana,Male,2000-01-10,,,,
4703-UJMMS,2021-10-06,Organic,2022-10-06,Basic,Annual,,,5.13,414.0,73,0,Rohan,India,Nagaland,Female,1979-10-21,2025-04-12,N,20.0,2.0
6192-CVTCZ,2024-12-07,Organic,2025-01-06,Basic,Monthly,,,7.9,76.0,70,0,Meera,India,Gujarat,Male,2007-06-15,2025-09-19,N,50.0,1.0
6614-CMVHY,2026-07-17,Organic,2026-08-16,Standard,Monthly,2026-08-17,Forgot To Cancel Trial,13.18,446.0,19,1,Priya,India,Karnataka,Female,1992-08-31,2025-03-12,N,42.0,2.0
4197-FJNRY,2022-09-15,Paid,2022-10-15,Premium,Monthly,,,25.26,1455.0,35,0,Amit,India,Haryana,Female,2003-06-20,,,,
1968-YNDYJ,2025-07-26,Organic,2026-07-26,Premium,Annual,,,19.28,1037.0,67,0,Meera,India,Tamil Nadu,Male,1987-09-01,2026-06-03,N,46.0,1.0
6214-SAFRI,2023-04-25,Referral,2023-05-25,Premium,Monthly,,,22.44,1636.0,29,0,Arjun,India,Telangana,Male,2009-01-19,2026-06-09,N,51.0,2.0
0117-AVDCO,2024-03-16,Organic,2024-04-15,Standard,Monthly,,,15.56,719.0,14,0,Pooja,India,Haryana,Male,1991-04-04,,,,
1210-QOQMU,2023-12-07,Paid,2024-12-06,Basic,Annual,2024-01-18,Switched To Competitor,9.57,114.0,24,1,Neha,India,Rajasthan,Female,1976-04-14,2025-01-26,N,91.0,2.0
6455-KAHDA,2022-06-26,Organic,2023-06-26,Premium,Annual,,,20.31,1532.0,75,0,Rahul,India,Uttar Pradesh,Female,1987-12-12,2023-12-12,N,96.0,2.0
2748-FBINE,2021-08-28,Organic,2022-08-28,Basic,Annual,,,8.65,559.0,96,0,Vivaan,India,Nagaland,Female,1996-07-08,2025-01-11,N,35.0,1.0
2748-ABELR,2023-11-02,Organic,2024-11-01,Standard,Annual,,,12.44,540.0,5,0,Vivaan,India,Tamil Nadu,Female,1990-05-22,2024-11-29,N,51.0,1.0
7887-QQYGU,2025-02-06,Organic,2026-02-06,Standard,Annual,2025-10-12,Forgot To Cancel Trial,13.54,840.0,11,1,Meera,India,Haryana,Female,1981-02-13,2024-07-19,Y,77.0,2.0
9369-OVDWO,2025-03-24,Paid,2026-03-24,Basic,Annual,,,5.64,532.0,1,0,Rohan,India,Uttar Pradesh,Male,1990-07-13,2025-05-12,Y,32.0,2.0
2233-BSLIK,2023-08-19,Paid,2023-09-18,Basic,Monthly,,,7.51,478.0,2,0,Vivaan,India,Kerala,Male,1999-01-12,2026-01-23,Y,12.0,1.0
9909-LCHDR,2025-12-04,Organic,2026-12-04,Basic,Annual,2026-08-28,Poor Streaming Quality,5.86,679.0,7,1,Ananya,India,Rajasthan,Female,1990-05-30,2025-08-24,N,49.0,1.0
8007-VQTKQ,2023-07-03,Referral,2023-08-02,Basic,Monthly,2024-11-24,Service Quality,5.45,251.0,17,1,Rohan,India,Rajasthan,Male,2008-05-02,2024-06-08,Y,34.0,3.0
1091-NOAOS,2021-01-31,Referral,2021-03-02,Basic,Monthly,,,8.46,79.0,1,0,Priya,India,Meghalaya,Female,2002-08-02,2024-04-13,N,53.0,2.0
3690-OHHDI,2025-01-27,Paid,2026-01-27,Basic,Annual,,,6.99,136.0,65,0,Neha,India,Haryana,Male,1973-10-18,2026-07-17,N,55.0,2.0
8035-YQQPM,2024-07-31,Referral,2025-07-31,Standard,Annual,2025-07-06,Service Quality,11.07,1228.0,100,1,Priya,India,Telangana,Female,2005-06-11,2023-08-22,N,10.0,1.0
4243-QUKOM,2022-04-06,Refferal,2023-04-06,Premium,Annual,2022-12-31,Too Expensive,21.13,1841.0,28,1,Riya,India,Delhi,Female,1985-10-16,2023-11-16,N,34.0,1.0
2871-HCLSR,2024-04-05,Paid,2024-05-05,Basic,Monthly,,,6.41,344.0,93,0,Vivaan,India,Telangana,Male,1990-05-13,2025-05-05,N,46.0,2.0
9856-BTULH,2026-06-02,Paid,2027-06-02,Premium,Annual,,,21.77,1886.0,24,0,Ishita,India,Telangana,Female,2005-04-05,2025-09-28,N,31.0,2.0
3586-RWQNQ,2022-03-11,Paid,2023-03-11,Premium,Annual,2023-02-08,Not Enough Content,21.6,1207.0,61,1,Ishita,India,Punjab,Male,1989-07-21,2023-09-25,N,18.0,3.0
0728-PBYXN,2026-06-06,Organic,2026-07-06,Basic,,,,5.19,316.0,56,0,Aarav,India,Meghalaya,Male,1996-04-27,2024-01-02,N,12.0,2.0
3755-TQSNG,2026-04-20,Organic,2026-05-20,Standard,Monthly,2026-06-23,Not Enough Content,16.87,1117.0,35,1,Aditya,India,Rajasthan,Male,2007-01-12,2025-09-22,N,49.0,2.0
0754-HNLNH,2022-10-27,,2022-11-26,Standard,Monthly,,,11.59,1294.0,96,0,Rohan,India,Nagaland,Female,2004-10-21,2024-08-13,N,25.0,1.0
9379-JWKLP,2021-10-19,Organic,2021-11-18,Standard,Monthly,,,15.94,816.0,29,0,Vikram,Nepal,Kathmandu,Male,1994-07-12,2025-07-19,N,82.0,2.0
2648-FJUDL,2025-12-28,Organic,2026-12-28,Standard,Annual,,,9.96,718.0,90,0,Aarav,India,Rajasthan,Female,1990-10-16,,,,
6728-SLCAM,2021-11-17,Paid,2022-11-17,Premium,Annual,2024-09-17,Poor Support,20.62,1471.0,84,1,Ananya,Nepal,Kathmandu,Male,1993-05-11,2025-10-20,N,55.0,2.0
8104-AXRAI,2022-10-20,Paid,2023-10-20,Basic,Annual,,,4.99,417.0,89,0,Karan,India,Tamil Nadu,Male,1996-08-16,,,,
2223-YOIHO,2022-02-26,Paid,2022-03-28,Basic,Monthly,2023-06-05,Poor Support,5.41,399.0,59,1,Kavya,India,Meghalaya,Male,2007-05-11,2026-04-12,N,98.0,2.0
0074-GEQRM,2021-10-26,Paid,2022-10-26,Basic,Annual,,,4.99,624.0,25,0,Sanjay,India,Uttar Pradesh,Female,2000-07-19,,,,
1420-JVFEC,2026-07-04,Organic,2027-07-04,Basic,Annual,,,5.92,126.0,89,0,Priya,India,Delhi,Male,1990-06-18,2026-04-23,N,77.0,3.0
8170-DPZQK,2021-06-04,Organic,2022-06-04,Premium,Annual,,,20.75,1611.0,91,0,Rohan,India,Punjab,Female,1974-03-11,2024-07-13,Y,20.0,2.0
2087-AEYDA,2023-01-09,Paid,2023-02-08,Basic,Monthly,,,4.99,121.0,94,0,Arjun,India,Nagaland,Female,1992-04-28,2025-07-07,N,15.0,2.0
8164-KJSNX,2025-01-08,Paid,2026-01-08,Standard,Annual,,,10.45,491.0,85,0,Ananya,India,Kerala,Male,1995-04-21,2024-07-17,Y,50.0,1.0
4688-SWMHZ,2025-02-23,Paid,2026-02-23,Basic,Annual,,,10.88,34.0,83,0,Rahul,India,Kerala,Female,1992-07-12,2025-12-07,N,93.0,2.0
2286-BPZCW,2022-12-31,Refferal,2023-01-30,Standard,Monthly,,,12.98,469.0,84,0,Nisha,India,Karnataka,Female,1990-01-05,2023-03-02,Y,43.0,1.0
8307-YKGND,2026-07-13,Organic,2026-08-12,Premium,Monthly,2026-07-26,Not Enough Content,23.64,1515.0,46,1,Riya,India,Delhi,Male,2007-10-28,2024-11-05,N,31.0,1.0
8431-RMNSN,2021-08-16,Paid,2021-09-15,Basic,Monthly,,,7.6,519.0,80,0,Arjun,India,Kerala,Male,2000-04-22,2026-05-21,N,63.0,1.0
8401-YYQTI,2022-11-03,Organic,2022-12-03,Basic,Monthly,,,7.22,327.0,4,0,Ananya,India,Rajasthan,Male,1999-08-04,2025-05-12,N,89.0,1.0
0404-KWDOF,2023-01-17,Paid,2023-02-16,Standard,Monthly,,,18.31,1064.0,4,0,Riya,India,Telangana,Female,1977-10-24,2024-01-08,N,10.0,2.0
4305-DTVTS,2025-07-15,Paid,2026-07-15,Premium,Annual,,,25.27,2103.0,70,0,Rahul,India,Uttar Pradesh,Male,1992-02-16,,,,
2369-NCJNR,2021-08-01,Organic,2022-08-01,Basic,Annual,,,8.07,20.0,32,0,Aditya,India,Delhi,Female,2006-03-26,2026-02-24,N,57.0,1.0
0989-VLWNO,2021-02-13,Organic,2022-02-13,Basic,Annual,2021-07-28,Forgot To Cancel Trial,4.99,346.0,38,1,Rohan,India,Karnataka,Female,1972-01-05,2026-02-16,N,98.0,2.0
6932-VENAM,2021-05-30,Organic,2021-06-29,Standard,Monthly,,,13.88,644.0,5,0,Ananya,India,Haryana,Male,1973-07-23,2026-02-23,N,11.0,2.0
8138-WHKOK,2023-07-19,Paid,2023-08-18,Premium,Monthly,2025-01-16,Poor Streaming Quality,24.45,1480.0,2,1,Sanjay,India,Uttar Pradesh,Female,2006-01-17,2026-06-19,Y,61.0,2.0
1800-HKNXO,2024-12-02,Paid,2025-12-02,Standard,Annual,,,14.31,903.0,54,0,Riya,India,Rajasthan,Male,1987-07-23,2025-06-13,Y,12.0,2.0
3885-RULMF,2024-06-08,Organic,2025-06-08,Basic,Annual,,,5.37,706.0,68,0,Amit,India,Maharashtra,Male,1987-05-22,2024-02-04,N,63.0,1.0
8650-WEIHX,2025-01-22,Paid,2026-01-22,Standard,Annual,,,14.04,988.0,45,0,Rohan,India,Kerala,Female,2001-10-28,2023-01-29,Y,51.0,1.0
0674-FIOGN,2024-05-28,Organic,2025-05-28,Standard,Annual,2025-12-25,Poor Streaming Quality,13.74,944.0,92,1,Rahul,India,Rajasthan,Male,2002-09-05,,,,
7477-VCDCX,2023-06-12,Refferal,2024-06-11,Standard,Annual,,,12.71,771.0,44,0,Sanjay,India,Uttar Pradesh,Female,2008-10-22,2026-05-10,N,47.0,2.0
6528-NUPGN,2022-05-30,Organic,2022-06-29,Standard,Monthly,2023-10-22,Poor Support,12.04,704.0,41,1,Pooja,India,Rajasthan,Female,1972-04-29,,,,
7038-APMBG,2025-02-28,Referral,2026-02-28,Standard,Annual,,,15.33,770.0,17,0,Vivaan,India,Gujarat,Female,1983-07-04,2026-02-05,N,11.0,2.0
4498-IHQKM,2021-04-14,Organic,2021-05-14,Standard,Monthly,2024-08-05,Poor Support,15.35,1068.0,34,1,Vivaan,India,Meghalaya,Female,1970-03-06,2026-02-10,Y,19.0,1.0
7987-CJBYE,2025-03-11,Referral,2025-04-10,Premium,Monthly,,,19.68,1430.0,25,0,Kavya,India,Haryana,Male,1999-02-03,2024-12-16,N,52.0,1.0
8202-EIPVE,2022-05-05,Organic,2023-05-05,Standard,Annual,,,15.64,982.0,33,0,Amit,India,Kerala,Male,1970-02-06,2023-07-17,N,66.0,1.0
2149-WIFTC,2024-09-03,Organic,2024-10-03,Basic,Monthly,,,7.02,398.0,7,0,Amit,India,Haryana,Male,1992-03-16,2024-11-11,N,23.0,2.0
8671-WWHCL,2022-04-22,Paid,2022-05-22,Premium,Monthly,,,22.22,1518.0,60,0,Riya,Nepal,Kathmandu,Female,1998-06-07,2026-01-29,N,35.0,4.0
3361-YQYTS,2024-07-07,Paid,2024-08-06,Standard,Monthly,,,15.24,1168.0,4,0,Pooja,India,Rajasthan,Male,1995-12-01,2026-07-09,Y,81.0,1.0
1139-BBPFZ,2022-05-21,Organic,2022-06-20,Basic,Monthly,2024-12-01,Service Quality,5.65,159.0,91,1,Pooja,India,Uttar Pradesh,Male,2006-03-29,2023-05-02,Y,97.0,1.0
1347-YRCBK,2026-08-04,Organic,2026-09-03,Standard,Monthly,,,17.62,632.0,17,0,Sneha,India,Kerala,Female,1998-04-05,2024-02-04,N,89.0,2.0
3405-INDDS,2024-11-22,Paid,2025-11-22,Premium,Annual,,,19.52,1496.0,23,0,Riya,India,Haryana,Female,1988-07-04,,,,
9902-HYIIC,2026-03-17,Organic,2026-04-16,Basic,Monthly,,,8.21,784.0,89,0,Meera,India,Haryana,Female,1991-11-11,2024-07-16,N,32.0,2.0
4246-MREEL,2025-04-03,Organic,2026-04-03,Premium,Annual,,,27.52,1322.0,25,0,Rahul,Nepal,Kathmandu,Male,1983-12-09,2023-05-18,N,76.0,2.0
0718-DQYOD,2021-11-22,Referral,2021-12-22,Basic,Monthly,2023-04-03,Service Quality,6.9,420.0,61,1,Vivaan,India,Rajasthan,Female,1994-07-31,2024-08-10,N,56.0,2.0
9909-NSFPB,2023-01-20,Paid,2024-01-20,Standard,Annual,2025-04-03,Poor Support,11.46,751.0,99,1,Aditya,India,Telangana,Male,1975-08-09,2023-03-06,Y,98.0,1.0
6265-FXBQD,2025-10-22,Organic,2026-10-22,Premium,Annual,,,23.59,1361.0,79,0,Neha,India,Telangana,Female,2009-04-25,2025-07-10,N,47.0,2.0
6878-MZQJC,2021-04-10,Paid,2021-05-10,Premium,Monthly,,,23.01,,86,0,Riya,India,Rajasthan,Male,2008-03-28,2024-04-29,N,36.0,2.0
5966-LBPFG,2023-01-15,Refferal,2024-01-15,Basic,Annual,2025-11-10,Not Enough Content,4.99,406.0,65,1,Sneha,India,Kerala,Male,1987-05-18,,,,
0113-JFBLF,2023-11-15,Paid,2023-12-15,Standard,Monthly,,,12.87,868.0,19,0,Karan,India,Nagaland,Female,2003-03-26,2023-11-28,N,53.0,2.0
1362-MBZMZ,2025-11-28,Paid,2026-11-28,Standard,,,,14.24,718.0,23,0,Rohan,India,Meghalaya,Female,1995-04-19,2026-03-07,N,47.0,2.0
8815-ZOLSC,2023-09-30,Organic,2023-10-30,Standard,Monthly,2026-07-31,Poor Streaming Quality,11.86,533.0,37,1,Meera,India,Delhi,Male,1993-10-01,2026-02-20,N,5.0,2.0
8404-IAGGA,2025-11-04,Organic,2026-11-04,Standard,Annual,,,16.33,988.0,95,0,Ishita,India,Haryana,Male,1988-11-16,2025-11-09,Y,81.0,2.0
6693-CWLSI,2024-11-27,Organic,2025-11-27,Standard,Annual,2026-01-10,Poor Support,16.46,346.0,97,1,Vivaan,India,Tamil Nadu,Male,2009-09-05,,,,
1340-EQSGJ,2021-09-16,Refferal,2021-10-16,Standard,Monthly,,,13.08,925.0,20,0,Karan,India,Kerala,Male,1973-03-06,2023-12-27,N,92.0,2.0
9450-WKGHN,2024-01-09,Referral,2025-01-08,Standard,Annual,2025-06-14,Forgot To Cancel Trial,11.52,1051.0,21,1,Pooja,Nepal,Kathmandu,Male,1987-08-17,2025-10-14,N,47.0,3.0
5677-EBMUD,2025-03-09,Paid,2026-03-09,Standard,Annual,2026-04-02,Poor Streaming Quality,17.65,975.0,9,1,Aditya,India,Karnataka,Female,1994-08-26,2024-11-06,N,17.0,2.0
4097-EGPHG,2021-05-08,Organic,2021-06-07,Standard,,,,13.91,691.0,60,0,Ishita,Nepal,Kathmandu,Male,1984-01-16,,,,
9955-EEYOB,2025-05-25,Referral,2025-06-24,Standard,Monthly,2025-12-26,Not Enough Content,12.89,838.0,59,1,Vivaan,India,Punjab,Male,2010-02-20,,,,
4262-OGOQG,2021-10-31,Organic,2021-11-30,Basic,Monthly,,,10.55,353.0,40,0,Rohan,India,Uttar Pradesh,Female,1993-07-15,2026-05-13,N,74.0,2.0
8127-LZCIS,2022-09-30,Paid,2022-10-30,Standard,Monthly,,,15.75,1181.0,79,0,Ishita,India,Telangana,Male,1975-12-20,2025-07-09,N,13.0,2.0
8950-FZFKI,2022-12-17,Paid,2023-12-17,Basic,Annual,,,7.47,322.0,42,0,Meera,India,West Bengal,Female,1976-07-12,2025-07-23,N,92.0,1.0
4256-XTUGY,2025-02-08,Referral,2025-03-10,Basic,Monthly,2025-04-23,Too Expensive,6.01,75.0,25,1,Arjun,Nepal,Kathmandu,Male,1980-08-23,2024-03-27,N,69.0,1.0
4368-QSRPM,2024-01-03,Paid,2024-02-02,Basic,Monthly,,,6.1,267.0,42,0,Vikram,India,Haryana,Female,2008-04-25,,,,
6484-XKNEJ,2022-07-03,Referral,2022-08-02,Premium,Monthly,2025-08-09,Poor Support,22.56,1585.0,68,1,Priya,India,Kerala,Male,2008-01-05,2023-05-28,N,14.0,1.0
7725-QFOVD,2025-12-06,Organic,2026-01-05,Basic,Monthly,2026-02-28,Poor Support,9.11,55.0,81,1,Vivaan,India,Kerala,Male,1981-08-25,2025-05-22,N,94.0,2.0
0641-KRIVW,2021-01-06,Organic,2021-02-05,Premium,Monthly,,,22.2,1677.0,20,0,Priya,India,Haryana,Female,1992-09-30,2025-12-17,N,69.0,2.0
5335-JBVXL,2022-05-04,Organic,2022-06-03,Premium,Monthly,2025-09-18,Poor Support,22.77,1749.0,24,1,Karan,India,Haryana,Female,1971-12-30,2024-05-18,N,90.0,2.0
5175-TSDRY,2022-11-09,Organic,2023-11-09,Standard,Annual,,,12.58,763.0,72,0,Sneha,India,Haryana,Female,1983-09-19,2025-06-14,Y,15.0,2.0
7512-MNGRG,2021-02-13,Organic,2021-03-15,Basic,Monthly,2021-03-29,Not Enough Content,8.17,553.0,45,1,Sanjay,India,Gujarat,Female,1988-04-15,2025-07-24,N,51.0,2.0
3434-GIJCS,2021-04-01,Organic,2022-04-01,Premium,Annual,,,24.71,1349.0,39,0,Karan,India,Uttar Pradesh,Male,1996-12-27,2025-04-05,Y,27.0,2.0
4422-YEREO,2026-06-11,Paid,2026-07-11,Basic,,2026-07-15,Poor Streaming Quality,6.96,131.0,44,1,Ishita,India,Nagaland,Male,1975-03-04,2025-06-07,N,27.0,2.0
4920-LRVIW,2021-11-13,Paid,2021-12-13,Standard,Monthly,2025-10-22,Poor Streaming Quality,10.48,,63,1,Nisha,India,Nagaland,Male,2008-03-03,2024-07-15,N,98.0,1.0
1867-HIYDK,2021-09-21,Paid,2022-09-21,Standard,Annual,,,14.83,1194.0,78,0,Aditya,India,Gujarat,Male,1985-07-21,2023-09-06,N,57.0,1.0
4257-UMZTS,2021-05-20,Referral,2021-06-19,Basic,Monthly,2022-12-11,Service Quality,6.49,178.0,62,1,Sanjay,India,Maharashtra,Male,1973-11-10,2023-12-19,N,62.0,4.0
7534-ELPFD,2021-04-27,Organic,2021-05-27,Basic,Monthly,2023-05-02,Forgot To Cancel Trial,7.07,614.0,37,1,Rahul,India,Tamil Nadu,Male,2005-03-24,2025-09-28,Y,34.0,1.0
1378-URHTS,2022-08-30,Organic,2023-08-30,Standard,Annual,,,13.66,958.0,9,0,Riya,India,Delhi,Male,2007-11-21,2025-07-10,N,60.0,1.0
8168-XWEUK,2021-10-17,Organic,2021-11-16,Standard,Monthly,,,14.03,499.0,49,0,Rahul,India,Haryana,Male,1978-10-31,2025-07-04,N,74.0,1.0
4045-QPKZE,2021-06-16,Organic,2021-07-16,Standard,Monthly,2024-05-13,Forgot To Cancel Trial,12.61,902.0,62,1,Amit,India,Kerala,Male,1986-05-15,2025-04-02,Y,85.0,1.0
0990-AVKLQ,2021-09-12,Paid,2022-09-12,Standard,Annual,,,12.43,784.0,44,0,Sanjay,India,Telangana,Male,2003-01-25,2025-07-14,N,82.0,2.0
4367-OBEYL,2024-03-30,Refferal,2024-04-29,Standard,Monthly,,,13.11,523.0,35,0,Pooja,India,Kerala,Male,1976-01-17,2026-04-13,N,52.0,2.0
1693-JIHHS,2026-03-07,Organic,2027-03-07,,Annual,,,14.14,,76,0,Nisha,India,Nagaland,Male,1978-10-13,2023-09-03,Y,97.0,1.0
1089-IMOWY,2024-07-26,Paid,2024-08-25,Basic,Monthly,2026-04-07,Poor Streaming Quality,5.79,563.0,21,1,Rohan,India,Nagaland,Female,1995-03-27,2025-04-13,N,28.0,2.0
2990-OAQDB,2025-12-14,Organic,2026-01-13,Basic,Monthly,,,6.11,370.0,64,0,Aarav,India,Nagaland,Female,1995-07-13,2024-12-02,N,81.0,2.0
6724-EMCTT,2024-11-10,Organic,2024-12-10,Premium,Monthly,,,23.94,1770.0,66,0,Priya,Nepal,Kathmandu,Female,1973-04-22,2025-02-26,N,88.0,3.0
5757-VLEDF,2024-12-05,Refferal,2025-01-04,Standard,Monthly,,,16.53,854.0,69,0,Ishita,India,West Bengal,Female,1980-10-29,2023-06-12,N,85.0,3.0
2022-IFPDQ,2022-07-12,Paid,2023-07-12,Basic,Annual,,,4.99,20.0,56,0,Karan,India,Kerala,Female,1997-05-10,2024-04-09,N,44.0,1.0
3356-RNXLH,2024-09-01,Referral,2024-10-01,Standard,Monthly,,,11.96,774.0,61,0,Rohan,India,Maharashtra,Male,2001-07-07,2026-02-18,N,8.0,2.0
5900-RLOMH,2021-03-13,Refferal,2022-03-13,Basic,,2024-12-25,Forgot To Cancel Trial,6.53,472.0,14,1,Pooja,India,West Bengal,Male,1982-05-12,2024-01-24,Y,72.0,1.0
3151-XRCZS,2026-06-02,,2026-07-02,Standard,Monthly,2026-06-21,Poor Support,16.32,974.0,37,1,Vivaan,India,Telangana,Male,1975-10-26,,,,
0524-SPXMN,2023-11-16,Organic,2024-11-15,Basic,Annual,,,10.63,154.0,96,0,Sneha,India,Uttar Pradesh,Male,1988-07-01,2024-04-30,Y,21.0,1.0
3163-IQVXU,2025-05-10,Referral,2026-05-10,Basic,Annual,,,6.81,530.0,89,0,Amit,India,Tamil Nadu,Male,2002-04-29,2024-09-16,Y,84.0,1.0
6106-NITIG,2023-03-23,Referral,2023-04-22,Basic,Monthly,2023-04-13,Poor Support,4.99,368.0,23,1,Meera,India,Nagaland,Male,1990-07-27,2024-08-12,N,37.0,3.0
8680-PJWZI,2024-12-31,Paid,2025-01-30,Standard,Monthly,,,15.2,921.0,20,0,Aarav,India,Kerala,Female,1982-10-17,2024-02-04,N,81.0,3.0
5225-MSYOU,2022-01-27,Paid,2022-02-26,Basic,Monthly,,,6.38,602.0,88,0,Karan,India,Telangana,Male,2006-04-17,2023-04-21,N,20.0,1.0
5965-XKKKZ,2025-03-07,Paid,2025-04-06,Basic,Monthly,2026-04-20,Forgot To Cancel Trial,4.99,20.0,92,1,Vivaan,India,Nagaland,Female,2011-01-12,2026-06-01,N,90.0,2.0
6123-DBNUM,2022-04-12,Organic,2022-05-12,Standard,Monthly,2025-12-24,Not Enough Content,11.03,695.0,77,1,Pooja,India,Nagaland,Female,1974-03-27,,,,
5612-UNXQT,2023-07-21,Paid,2023-08-20,Standard,Monthly,,,13.94,784.0,38,0,Rahul,India,Delhi,Female,1995-07-09,2023-05-24,N,13.0,1.0
7819-QBLDN,2024-09-17,Organic,2025-09-17,Premium,Annual,,,24.13,1455.0,8,0,Aarav,India,West Bengal,Female,1995-10-13,2026-03-17,Y,52.0,2.0
1452-NIADN,2021-10-20,Organic,2021-11-19,Standard,,,,15.42,753.0,100,0,Aditya,India,Delhi,Female,1996-07-10,2023-08-08,N,21.0,2.0
0810-WTSEU,2023-11-04,Paid,2023-12-04,Standard,,2023-11-11,Poor Streaming Quality,10.35,1074.0,61,1,Ishita,India,Meghalaya,Male,1995-02-20,2026-01-23,Y,91.0,2.0
6355-KANUA,2024-10-05,Paid,2025-10-05,Standard,Annual,,,14.06,1147.0,92,0,Priya,India,Punjab,Male,1982-11-27,2025-02-19,Y,7.0,2.0
0548-JNMLG,2024-02-04,Refferal,2024-03-05,Basic,Monthly,,,8.63,201.0,99,0,Sneha,India,Karnataka,Female,2009-08-08,,,,
0621-ACRUL,2025-05-16,Paid,2025-06-15,Standard,Monthly,,,10.54,683.0,77,0,Ananya,India,Meghalaya,Male,1978-12-13,2023-10-28,Y,56.0,1.0
0796-KZGMN,2025-01-18,Referral,2025-02-17,Premium,Monthly,,,21.48,1648.0,75,0,Aditya,India,Gujarat,Male,1993-12-09,,,,
3315-LMMSP,2025-08-17,Organic,2026-08-17,Standard,Annual,,,14.57,664.0,13,0,Nisha,India,Meghalaya,Female,1984-10-08,2026-03-07,N,74.0,3.0
0556-AKXAB,2021-03-22,Paid,2021-04-21,Basic,Monthly,2023-05-10,Too Expensive,5.93,568.0,77,1,Amit,India,Tamil Nadu,Female,2002-07-07,,,,
6799-LFFRN,2026-01-07,Organic,2027-01-07,Standard,Annual,,,11.44,494.0,48,0,Priya,India,Delhi,Female,1972-08-30,2024-11-21,N,72.0,2.0
6390-HNWIK,2025-09-08,Paid,2026-09-08,,Annual,,,13.89,392.0,26,0,Amit,India,Meghalaya,Male,1973-07-28,2026-05-22,N,50.0,2.0
1657-QAGSA,2026-04-19,Referral,2027-04-19,Basic,Annual,2026-05-15,Service Quality,8.09,450.0,14,1,Sneha,India,Maharashtra,Female,1987-05-19,2024-03-01,Y,88.0,2.0
9890-KKNQL,2025-10-08,Organic,2026-10-08,Premium,Annual,,,24.96,1555.0,100,0,Sneha,India,Tamil Nadu,Male,1971-04-18,2024-10-07,N,59.0,1.0
8844-ZFSHZ,2024-04-17,Organic,2025-04-17,Basic,Annual,,,4.99,388.0,82,0,Aarav,India,Telangana,Female,1991-03-23,2025-12-20,N,44.0,1.0
2550-HSUDO,2021-05-30,Paid,2022-05-30,Basic,Annual,,,8.6,416.0,16,0,Riya,Nepal,Kathmandu,Female,1999-12-14,2023-10-17,N,8.0,2.0
3472-POZYR,2024-01-22,Paid,2024-02-21,Standard,Monthly,,,12.14,670.0,95,0,Neha,India,Karnataka,Female,1981-01-20,2024-10-23,N,54.0,1.0
6801-XESUD,2021-06-02,Paid,2021-07-02,Basic,Monthly,,,5.72,,87,0,Aditya,India,Haryana,Female,1979-11-25,2023-09-29,N,22.0,2.0
8815-SJMMX,2023-02-05,Referral,2023-03-07,,Monthly,,,22.99,1264.0,20,0,Sanjay,India,Rajasthan,Male,1996-08-19,2023-08-27,N,85.0,1.0
9692-UQCXD,2024-10-08,Paid,2025-10-08,Basic,Annual,2024-10-21,Poor Support,5.62,26.0,78,1,Karan,India,Kerala,Female,2001-12-05,2026-02-20,N,47.0,2.0
1687-BYMGC,2026-03-14,Organic,2026-04-13,Premium,Monthly,2026-07-10,Not Enough Content,22.34,1761.0,10,1,Aditya,Nepal,Kathmandu,Female,2002-05-21,2026-07-03,N,64.0,1.0
4133-SZOPV,2023-03-24,Organic,2024-03-23,Premium,Annual,,,22.61,1742.0,79,0,Karan,India,Meghalaya,Female,1996-06-19,2026-03-01,Y,6.0,1.0
9019-HZNYD,2026-05-15,Paid,2026-06-14,Standard,Monthly,,,14.64,828.0,70,0,Vivaan,India,West Bengal,Male,2001-10-16,2026-04-13,N,25.0,3.0
0995-WREXC,2021-07-06,Paid,2022-07-06,Basic,Annual,,,9.14,20.0,89,0,Neha,India,West Bengal,Female,1978-02-23,2026-06-03,N,57.0,2.0
6829-FBUWC,2025-07-17,Paid,2025-08-16,Standard,Monthly,,,12.92,621.0,42,0,Arjun,India,Punjab,Female,1999-08-19,2025-04-02,N,79.0,3.0
0952-PATXT,2024-07-09,Organic,2024-08-08,Standard,Monthly,,,14.17,945.0,54,0,Ananya,India,Haryana,Male,2006-06-19,2025-10-06,Y,11.0,2.0
2325-ERBNL,2024-11-17,Referral,2024-12-17,Standard,Monthly,,,13.97,855.0,79,0,Ishita,Nepal,Kathmandu,Male,2000-03-27,2026-07-04,N,52.0,2.0
7451-FTSGJ,2026-03-26,Paid,2027-03-26,Standard,Annual,2026-08-19,Forgot To Cancel Trial,14.13,596.0,94,1,Meera,India,West Bengal,Female,1984-01-23,2025-04-19,N,41.0,2.0
0682-LGCOO,2025-12-23,Refferal,2026-12-23,Standard,Annual,,,14.24,947.0,66,0,Priya,India,Meghalaya,Male,1984-10-05,2024-08-03,Y,52.0,1.0
0881-ECRIB,2025-02-07,Organic,2025-03-09,,Monthly,2025-04-26,Forgot To Cancel Trial,24.83,1938.0,32,1,Ishita,India,Delhi,Female,1995-02-01,2024-07-05,N,22.0,2.0
1934-ZGRME,2024-04-01,Referral,2025-04-01,Premium,Annual,,,20.51,1473.0,73,0,Nisha,India,Punjab,Female,2010-07-02,,,,
3090-ATIMD,2022-12-06,Organic,2023-01-05,Premium,Monthly,2022-12-27,Not Enough Content,26.51,1244.0,13,1,Nisha,India,Delhi,Male,1999-04-06,2023-12-09,N,97.0,2.0
8245-FOWSP,2022-04-12,Paid,2023-04-12,Basic,Annual,,,8.45,181.0,79,0,Priya,India,Kerala,Male,2004-06-05,2025-04-29,Y,53.0,1.0
8882-EZOKG,2025-03-17,Referral,2025-04-16,Standard,Monthly,,,11.88,693.0,34,0,Karan,India,Haryana,Male,2000-04-19,2025-10-10,N,59.0,2.0
7454-ZRAMT,2025-05-30,Referral,2025-06-29,Standard,Monthly,2025-12-25,Not Enough Content,14.51,620.0,49,1,Karan,India,Kerala,Female,1996-05-20,,,,
3988-USBOE,2023-07-10,Paid,2023-08-09,Premium,Monthly,,,23.02,1633.0,8,0,Ishita,India,Nagaland,Male,1975-12-17,,,,
4877-JUWLN,2025-10-26,Organic,2026-10-26,Premium,Annual,,,23.82,1472.0,13,0,Sneha,India,Rajasthan,Female,2006-09-09,2024-02-27,N,14.0,1.0
6269-RQUZV,2026-07-31,Paid,2027-07-31,Premium,Annual,2026-08-23,Poor Support,20.13,1488.0,9,1,Aarav,India,Kerala,Male,1987-12-01,2025-02-26,N,76.0,2.0
1367-MLNNS,2024-12-30,Paid,2025-12-30,Basic,Annual,,,5.22,204.0,5,0,Nisha,India,Punjab,Male,2010-10-20,2025-06-27,N,29.0,2.0
4223-GLWIA,2024-03-25,Organic,2025-03-25,Premium,Annual,,,27.27,1297.0,17,0,Arjun,India,Uttar Pradesh,Female,1996-07-13,,,,
9762-FPUHI,2022-12-12,Referral,2023-01-11,Basic,Monthly,,,6.45,338.0,85,0,Pooja,India,Delhi,Male,1970-08-20,2024-10-24,N,58.0,2.0
2821-DDELN,2022-06-09,Organic,2023-06-09,Basic,Annual,,,11.93,537.0,8,0,Rohan,India,Haryana,Female,1974-09-01,,,,
0183-WRBVA,2024-03-16,Paid,2024-04-15,,Monthly,2026-03-17,Service Quality,7.09,304.0,24,1,Ishita,India,Rajasthan,Female,1992-02-23,2024-11-24,Y,5.0,1.0
5615-MNYYH,2021-10-27,Paid,2022-10-27,Basic,Annual,,,4.99,20.0,74,0,Vikram,India,Punjab,Male,1993-09-07,2025-04-10,N,82.0,2.0
5806-YSXLH,2023-07-05,Refferal,2023-08-04,Standard,Monthly,2023-08-13,Service Quality,12.39,525.0,70,1,Rahul,India,Uttar Pradesh,Female,2005-06-29,2025-03-18,Y,97.0,2.0
5117-VYRSN,2026-04-08,Organic,2027-04-08,Standard,Annual,2026-08-30,Too Expensive,15.53,808.0,95,1,Vikram,India,Telangana,Male,1986-03-07,2023-11-04,N,60.0,1.0
3212-KMVOU,2026-05-11,Organic,2026-06-10,Basic,Monthly,,,7.73,549.0,50,0,Rahul,India,Karnataka,Male,2001-06-11,2023-01-07,N,61.0,1.0
0296-TNZMM,2022-05-03,Paid,2022-06-02,Standard,Monthly,,,11.03,890.0,54,0,Ananya,India,Tamil Nadu,Female,1999-10-26,2026-06-12,N,74.0,2.0
1295-USWCF,2022-07-01,Paid,2022-07-31,Premium,Monthly,,,23.83,1116.0,19,0,Aditya,India,Nagaland,Female,1977-06-13,2025-05-21,N,26.0,2.0
8771-BNKYW,2021-07-18,Organic,2021-08-17,Premium,Monthly,,,23.13,1686.0,86,0,Vivaan,India,Gujarat,Female,2009-11-23,2023-11-18,Y,51.0,1.0
8968-HPSZA,2022-06-30,Paid,2023-06-30,Premium,Annual,2024-08-20,Too Expensive,22.64,1773.0,13,1,Rahul,India,West Bengal,Male,1978-03-08,2026-07-16,N,51.0,4.0
9769-JDQUD,2025-07-28,Organic,2025-08-27,Basic,Monthly,,,6.12,48.0,10,0,Vikram,Nepal,Kathmandu,Male,1991-10-12,2024-10-14,N,60.0,1.0
0430-XYEXX,2021-07-19,Referral,2021-08-18,Standard,Monthly,,,9.63,935.0,68,0,Amit,India,Meghalaya,Female,2007-08-29,2026-06-01,N,51.0,3.0
9973-FPZXP,2024-06-24,Organic,2024-07-24,Premium,Monthly,,,22.45,1441.0,57,0,Kavya,India,West Bengal,Male,1991-10-25,2026-03-05,N,31.0,2.0
1990-CGBFB,2023-11-02,Organic,2023-12-02,Standard,Monthly,,,16.98,974.0,73,0,Vikram,India,Uttar Pradesh,Female,2006-01-21,,,,
7627-PNVKK,2021-10-28,Paid,2021-11-27,,Monthly,2023-02-25,Poor Streaming Quality,23.43,1703.0,39,1,Karan,India,Maharashtra,Female,1976-09-21,2026-02-13,N,65.0,2.0
2088-LEPZN,2025-10-04,Paid,2025-11-03,Basic,Monthly,,,8.68,244.0,58,0,Kavya,India,Tamil Nadu,Female,2008-12-27,2026-07-07,Y,60.0,5.0
3006-RVMGS,2026-04-02,Paid,2027-04-02,Standard,Annual,,,12.23,584.0,85,0,Ananya,India,Haryana,Female,1975-08-20,2026-03-05,N,39.0,2.0
1892-ZIJSA,2021-05-30,Organic,2022-05-30,,Annual,2022-07-20,Poor Streaming Quality,15.94,524.0,28,1,Neha,India,Karnataka,Male,2000-08-25,,,,
2047-DKOEI,2024-06-29,Paid,2025-06-29,Basic,Annual,,,6.99,534.0,57,0,Ishita,Nepal,Kathmandu,Female,1995-05-01,2023-02-21,N,44.0,1.0
7726-YAQAN,2022-02-13,Paid,2022-03-15,Standard,,2026-04-13,Not Enough Content,12.7,800.0,39,1,Meera,India,West Bengal,Male,2008-07-18,2024-09-08,N,7.0,2.0
8796-UGGUV,2025-01-26,Organic,2025-02-25,Basic,Monthly,2025-12-24,Too Expensive,4.99,222.0,4,1,Aditya,Nepal,Kathmandu,Male,2009-04-25,2024-02-21,Y,78.0,1.0
2826-ALQLY,2023-03-17,Paid,2023-04-16,Basic,Monthly,,,5.47,472.0,91,0,Priya,India,West Bengal,Female,1984-12-19,2025-11-12,N,17.0,5.0
8139-UAWTK,2026-02-02,Paid,2027-02-02,Standard,Annual,,,13.19,580.0,95,0,Vivaan,India,Maharashtra,Male,1981-04-28,2026-03-05,N,72.0,2.0
5904-VXOBQ,2024-09-10,Referral,2024-10-10,Basic,Monthly,,,8.88,161.0,47,0,Meera,India,Punjab,Female,1985-07-05,2026-02-25,N,5.0,2.0
6807-BVFXO,2026-05-03,Paid,2026-06-02,Basic,Monthly,,,7.37,351.0,44,0,Sanjay,India,Gujarat,Male,1978-05-27,,,,
3237-BATJV,2025-04-04,Refferal,2026-04-04,Standard,Annual,,,12.17,575.0,93,0,Pooja,India,Gujarat,Male,1977-11-14,,,,
2323-XYCQY,2021-01-18,Organic,2021-02-17,Premium,Monthly,,,22.73,1649.0,37,0,Sanjay,Nepal,Kathmandu,Female,1988-09-23,2025-12-13,N,27.0,3.0
3246-BWMAV,2021-05-06,Organic,2022-05-06,Standard,Annual,,,11.52,770.0,31,0,Vikram,India,Nagaland,Male,2001-06-22,2025-12-14,N,23.0,1.0
6795-BGAYA,2025-01-17,Referral,2026-01-17,Basic,,,,7.93,395.0,14,0,Amit,India,Kerala,Female,1992-11-10,2024-10-21,Y,73.0,1.0
7962-NPVXD,2025-09-28,Organic,2026-09-28,Basic,Annual,2026-05-24,Forgot To Cancel Trial,4.99,548.0,74,1,Aarav,India,Telangana,Male,1974-08-10,2025-01-23,N,91.0,2.0
0202-DROCG,2024-08-03,Organic,2024-09-02,Premium,Monthly,,,19.43,1358.0,91,0,Aditya,India,Maharashtra,Female,1990-06-20,,,,
5382-SIYZT,2021-01-11,Paid,2021-02-10,Basic,Monthly,2021-11-22,Poor Support,8.03,20.0,29,1,Sneha,India,Uttar Pradesh,Male,2006-06-22,2024-06-11,Y,86.0,3.0
4555-WSNLV,2023-05-29,Paid,2024-05-28,Premium,Annual,,,22.51,1531.0,71,0,Sanjay,India,Tamil Nadu,Female,1989-11-05,2026-06-14,N,52.0,1.0
5580-EZBSR,2026-02-02,Organic,2026-03-04,Basic,Monthly,,,10.2,239.0,85,0,Arjun,India,Rajasthan,Male,1972-05-20,2025-07-17,N,76.0,2.0
5871-BMXGR,2025-01-03,Organic,2025-02-02,Standard,Monthly,2024-12-25,Too Expensive,14.76,527.0,83,1,Ananya,India,Gujarat,Female,1994-11-29,2025-12-26,N,88.0,4.0
8590-YNISM,2024-06-24,,2024-07-24,Basic,Monthly,,,4.99,137.0,3,0,Rahul,India,Tamil Nadu,Female,1993-09-10,2023-10-02,Y,28.0,1.0
6279-TSGTO,2021-08-10,Organic,2021-09-09,Standard,Monthly,2025-05-16,Poor Support,16.3,803.0,25,1,Karan,India,West Bengal,Male,2005-10-09,2025-04-22,N,78.0,2.0
9308-RXZZT,2021-10-18,Organic,2021-11-17,Basic,Monthly,,,7.82,357.0,70,0,Riya,India,Uttar Pradesh,Female,2001-02-26,2025-03-03,Y,86.0,1.0
5982-DKMUP,2026-03-02,Organic,2027-03-02,Premium,Annual,,,26.22,1202.0,53,0,Meera,India,Kerala,Male,1971-10-31,2023-08-11,N,61.0,1.0
4404-DSLAH,2023-11-27,Refferal,2024-11-26,Basic,Annual,,,5.98,487.0,31,0,Vivaan,India,Nagaland,Male,1989-09-18,2025-04-06,N,54.0,5.0
8796-DKNCE,2026-04-14,Organic,2026-05-14,Basic,Monthly,2026-05-01,Service Quality,7.89,321.0,88,1,Kavya,India,Rajasthan,Female,1988-02-08,2025-12-05,Y,44.0,1.0
9403-PFELS,2025-07-30,Organic,2026-07-30,Basic,Annual,2025-10-05,Forgot To Cancel Trial,7.08,477.0,76,1,Neha,India,West Bengal,Male,2005-11-09,2024-04-06,N,53.0,1.0
7309-FSXFA,2026-01-06,Organic,2027-01-06,Premium,Annual,,,,1302.0,46,0,Aditya,India,Maharashtra,Female,1994-05-10,2026-03-14,Y,6.0,1.0
9588-NUIHF,2021-09-08,Paid,2021-10-08,Standard,Monthly,,,14.78,678.0,48,0,Ananya,India,Rajasthan,Male,1972-09-05,2026-01-25,N,13.0,2.0
2188-MCVNX,2023-07-12,Organic,2024-07-11,Standard,Annual,,,15.58,799.0,19,0,Sanjay,India,West Bengal,Male,1971-07-23,2026-06-16,N,61.0,2.0
5033-HNEVS,2021-06-07,Organic,2021-07-07,Standard,Monthly,,,15.58,618.0,47,0,Vivaan,India,Haryana,Female,1980-02-20,2025-04-02,N,69.0,1.0
1491-PNFDT,2021-07-23,Paid,2021-08-22,,Monthly,,,21.31,1504.0,16,0,Rohan,India,Punjab,Male,1998-02-22,2026-02-02,N,84.0,3.0
2657-NGQBJ,2023-06-22,Organic,2023-07-22,Basic,Monthly,2023-11-20,Forgot To Cancel Trial,12.52,20.0,98,1,Sneha,India,Tamil Nadu,Male,1995-03-31,,,,
5480-LPELT,2021-12-05,Organic,2022-01-04,Premium,Monthly,,,23.51,1634.0,13,0,Sanjay,India,West Bengal,Male,1979-10-08,2023-07-11,Y,39.0,1.0
3351-EWURU,2026-04-19,Paid,2027-04-19,Premium,Annual,,,,1968.0,97,0,Sneha,India,Uttar Pradesh,Female,1976-03-24,2026-03-04,Y,44.0,2.0
7792-TNAPH,2021-05-11,Referral,2022-05-11,Basic,Annual,2023-06-14,Service Quality,,149.0,66,1,Neha,India,Telangana,Female,1992-04-10,2026-05-28,N,27.0,2.0
7737-MXPOX,2025-08-14,Organic,2025-09-13,Basic,Monthly,,,5.78,150.0,78,0,Aarav,Nepal,Kathmandu,Male,2005-09-09,2026-02-19,N,80.0,3.0
4762-JJWTE,2021-06-06,Organic,2022-06-06,Standard,Annual,,,14.54,805.0,100,0,Sneha,India,Meghalaya,Male,2007-11-30,,,,
4936-JQBST,2023-10-07,Organic,2024-10-06,Basic,Annual,,,7.77,184.0,91,0,Aditya,India,Nagaland,Male,1970-06-07,2026-04-19,Y,94.0,2.0
2284-DQGYU,2021-01-05,Paid,2021-02-04,Basic,Monthly,2026-02-01,Too Expensive,4.99,857.0,77,1,Ananya,India,Tamil Nadu,Female,2002-02-07,2024-10-30,Y,62.0,1.0
9550-NYAHA,2024-07-22,Paid,2024-08-21,Standard,Monthly,2024-08-20,Not Enough Content,17.68,1084.0,67,1,Rahul,India,Telangana,Female,2004-12-18,2025-11-21,Y,8.0,2.0
6782-NHHQE,2022-07-27,Organic,2022-08-26,Basic,Monthly,,,5.72,212.0,89,0,Meera,India,West Bengal,Male,1977-01-16,2025-03-02,Y,92.0,1.0
5156-PGFJP,2022-11-03,Organic,2022-12-03,Premium,Monthly,2023-10-03,Poor Support,24.13,1654.0,98,1,Ishita,India,Nagaland,Male,1972-07-06,2024-04-06,Y,27.0,1.0
2561-JOEOD,2023-01-06,Paid,2023-02-05,Standard,Monthly,2026-08-28,Poor Support,15.47,243.0,11,1,Vikram,India,West Bengal,Male,2004-02-29,2023-12-10,N,36.0,2.0
1445-GHAZI,2022-02-16,Organic,2022-03-18,Standard,Monthly,,,13.47,169.0,34,0,Ishita,India,Punjab,Female,1984-04-17,2026-06-10,N,78.0,2.0
8050-XUVCJ,2025-05-22,Organic,2025-06-21,Standard,Monthly,2026-04-11,Too Expensive,12.85,493.0,97,1,Rahul,India,Maharashtra,Male,1987-04-04,2024-11-13,N,41.0,1.0
7467-OAOUV,2026-05-29,Referral,2026-06-28,Standard,Monthly,2026-06-05,Not Enough Content,16.2,,62,1,Pooja,India,Delhi,Male,1995-03-16,2026-04-05,N,40.0,3.0
3853-GIHJH,2026-01-10,Referral,2027-01-10,Standard,Annual,,,17.94,946.0,21,0,Rohan,India,Gujarat,Female,2001-11-15,2025-04-03,N,25.0,1.0
4584-BHIDW,2024-05-09,Organic,2024-06-08,Basic,Monthly,2024-07-07,Switched To Competitor,5.18,770.0,9,1,Aarav,India,Kerala,Male,1989-06-03,2026-04-10,N,77.0,1.0
6761-XOCXL,2023-12-16,Referral,2024-01-15,Standard,Monthly,,,15.64,945.0,77,0,Kavya,India,Maharashtra,Female,1974-04-25,2023-07-05,N,35.0,1.0
6851-JMMHO,2024-10-16,Paid,2024-11-15,Standard,Monthly,,,13.52,469.0,58,0,Arjun,India,Telangana,Male,1988-10-18,2024-03-14,Y,95.0,2.0
7342-ADVOZ,2025-09-08,Organic,2025-10-08,Premium,Monthly,,,21.51,1448.0,65,0,Priya,India,West Bengal,Male,2004-02-08,2024-02-21,Y,66.0,2.0
6055-QXRIN,2021-11-19,Organic,2021-12-19,Standard,Monthly,,,11.85,999.0,10,0,Vivaan,India,Karnataka,Female,1991-06-13,2024-10-06,N,30.0,2.0
2374-IRDRP,2024-01-01,Organic,2024-01-31,Basic,Monthly,2024-09-05,Poor Support,6.33,362.0,48,1,Kavya,India,Maharashtra,Female,1993-03-29,2024-08-23,N,100.0,1.0
3100-BSVSK,2023-02-11,Organic,2024-02-11,Basic,Annual,,,10.07,571.0,48,0,Rahul,India,Nagaland,Male,2002-09-20,2024-12-28,N,55.0,1.0
6543-KJIFZ,2021-06-29,Referral,2021-07-29,Standard,Monthly,2025-04-09,Poor Streaming Quality,10.93,641.0,31,1,Neha,India,Rajasthan,Female,2003-05-15,2025-08-17,N,82.0,2.0
6669-EWDPE,2024-08-10,Paid,2024-09-09,Premium,Monthly,,,23.26,1583.0,89,0,Vivaan,India,Karnataka,Female,1988-10-06,2025-12-31,Y,34.0,1.0
3627-RZZXG,2025-12-27,Refferal,2026-12-27,Premium,Annual,,,25.7,1450.0,48,0,Sneha,India,Punjab,Male,1976-12-26,2024-11-06,N,21.0,2.0
0956-XYHAQ,2026-06-15,Paid,2027-06-15,Premium,Annual,,,23.55,2019.0,37,0,Priya,India,Maharashtra,Male,1979-08-26,2025-04-28,N,33.0,2.0
0783-BYMCR,2023-03-31,Organic,2024-03-30,Basic,Annual,,,4.99,133.0,49,0,Aditya,India,Rajasthan,Female,1992-01-17,2026-06-21,N,59.0,2.0
3706-NXGQV,2023-11-27,Organic,2024-11-26,Premium,Annual,,,21.12,1487.0,65,0,Rahul,India,Gujarat,Female,2002-10-23,2025-07-20,N,54.0,5.0
4251-ZLLWQ,2024-09-06,Referral,2024-10-06,Standard,Monthly,,,13.72,775.0,81,0,Karan,India,Uttar Pradesh,Male,1987-10-02,2025-02-23,Y,16.0,2.0
8689-USGKW,2023-12-29,Organic,2024-01-28,Premium,Monthly,2026-06-02,Poor Support,23.42,1499.0,79,1,Karan,India,Punjab,Male,1984-11-12,2026-04-25,N,29.0,2.0
6168-HIUEC,2025-08-09,Organic,2025-09-08,Premium,Monthly,,,24.32,1288.0,13,0,Kavya,India,Meghalaya,Female,1971-01-19,2024-02-23,N,15.0,2.0
7655-HTNZN,2025-01-13,Paid,2025-02-12,Standard,Monthly,2026-08-08,Too Expensive,15.3,790.0,63,1,Aditya,India,Kerala,Male,2005-05-18,2025-02-03,N,86.0,1.0
8677-WFZTC,2022-12-03,Referral,2023-12-03,Standard,,2025-07-03,Forgot To Cancel Trial,13.89,727.0,11,1,Aarav,India,Punjab,Male,1989-06-22,2025-09-14,N,42.0,2.0
0084-HAJZM,2024-12-24,Organic,2025-12-24,Standard,Annual,,,12.63,635.0,4,0,Aarav,India,Telangana,Female,1977-06-15,2023-09-29,Y,84.0,1.0
0262-MFWCU,2024-10-30,Paid,2025-10-30,Standard,Annual,,,11.96,490.0,1,0,Amit,India,Delhi,Male,1993-10-30,2026-07-20,Y,5.0,1.0
4472-ARLUQ,2022-12-09,Organic,2023-12-09,Standard,Annual,,,12.51,1022.0,65,0,Rohan,India,Nagaland,Male,1984-04-10,2025-02-05,N,95.0,5.0
7876-LADLK,2022-11-27,Referral,2023-11-27,Basic,Annual,,,6.41,43.0,91,0,Ananya,India,Uttar Pradesh,Male,1990-04-08,2026-02-24,N,40.0,2.0
7947-KWEKT,2025-10-04,Referral,2025-11-03,Basic,Monthly,2026-08-02,Too Expensive,8.79,297.0,82,1,Arjun,India,West Bengal,Male,1987-09-28,2025-02-20,N,89.0,2.0
1261-ITPUN,2025-03-31,Referral,2026-03-31,Premium,Annual,,,22.72,898.0,72,0,Sanjay,India,Telangana,Female,2003-06-17,2025-12-04,N,40.0,2.0
8594-WZDPC,2021-07-12,Organic,2021-08-11,Standard,Monthly,2026-05-19,Switched To Competitor,13.71,807.0,2,1,Amit,India,Tamil Nadu,Male,1985-08-13,2023-09-28,N,8.0,1.0
2307-HQLWH,2024-03-14,Paid,2024-04-13,Premium,Monthly,2025-02-08,Too Expensive,25.69,1330.0,96,1,Ananya,India,Haryana,Female,2005-02-12,2025-01-28,N,85.0,1.0
6180-TZGTC,2026-07-30,Organic,2027-07-30,Standard,Annual,2026-08-10,Forgot To Cancel Trial,14.23,604.0,30,1,Sneha,India,Punjab,Male,2003-06-29,2025-09-03,N,34.0,4.0
5444-KYUYW,2026-03-02,Paid,2026-04-01,Premium,Monthly,,,20.78,1698.0,78,0,Vikram,India,Nagaland,Male,1997-02-18,2024-11-06,N,5.0,2.0
4120-TAOBS,2022-04-21,Paid,2023-04-21,Premium,,,,22.33,1399.0,10,0,Arjun,India,Gujarat,Male,1977-04-23,2025-11-23,N,61.0,2.0
9667-RVGZO,2021-11-24,Organic,2021-12-24,Premium,Monthly,,,25.09,,69,0,Pooja,India,Tamil Nadu,Male,2005-09-10,2025-10-10,N,73.0,1.0
6751-UQIPR,2021-10-22,Paid,2022-10-22,Standard,Annual,,,12.97,357.0,63,0,Vivaan,India,Tamil Nadu,Male,1986-09-28,2025-12-23,N,56.0,2.0
8575-MNNCC,2023-11-20,Organic,2023-12-20,Standard,Monthly,,,12.46,1104.0,14,0,Sneha,India,Karnataka,Male,1993-12-03,2025-03-26,N,51.0,2.0
0227-RKWSD,2024-01-23,Paid,2025-01-22,Standard,Annual,,,13.12,631.0,65,0,Riya,India,Nagaland,Male,1997-01-29,2025-01-04,N,63.0,2.0
1022-JXBEA,2023-03-29,Paid,2023-04-28,Premium,Monthly,2024-02-17,Not Enough Content,23.57,1476.0,96,1,Amit,India,Haryana,Male,1991-03-29,2025-08-04,Y,16.0,3.0
4150-ZRMDJ,2022-01-12,Paid,2022-02-11,Standard,Monthly,,,10.07,735.0,3,0,Pooja,India,Karnataka,Male,2002-12-13,2026-04-25,N,34.0,3.0
5256-HSZFG,2023-07-09,Paid,2023-08-08,Basic,Monthly,2025-09-03,Poor Support,4.99,315.0,21,1,Nisha,India,Meghalaya,Female,1982-01-07,2025-06-16,N,6.0,2.0
1283-SMHFB,2025-05-24,Paid,2026-05-24,Standard,Annual,,,,1260.0,76,0,Nisha,India,West Bengal,Female,1990-08-29,2025-05-12,N,33.0,1.0
4773-RGAMR,2022-07-21,Refferal,2023-07-21,Standard,Annual,2023-11-02,Poor Streaming Quality,9.88,965.0,22,1,Vikram,India,Telangana,Male,1972-01-09,2024-06-25,N,73.0,2.0
3465-GETWU,2023-11-27,Organic,2023-12-27,Basic,Monthly,2026-04-12,Poor Streaming Quality,4.99,20.0,46,1,Rahul,India,Punjab,Female,1977-02-21,2023-08-16,N,67.0,1.0
5192-SKAJS,2021-06-03,Organic,2021-07-03,Standard,Monthly,2025-10-02,Switched To Competitor,15.86,726.0,32,1,Amit,India,Karnataka,Female,1993-02-20,2023-09-11,Y,84.0,2.0
6481-ZZGAH,2025-09-05,Paid,2025-10-05,Basic,Monthly,,,11.95,291.0,38,0,Meera,India,Tamil Nadu,Male,1985-01-23,2024-03-06,N,69.0,2.0
8763-VCEOR,2024-06-28,Organic,2025-06-28,Premium,Annual,,,25.23,1216.0,95,0,Meera,India,West Bengal,Male,1983-01-21,2026-02-05,N,76.0,5.0
9822-TFAQO,2026-03-03,Organic,2027-03-03,Standard,Annual,,,13.44,480.0,58,0,Aditya,India,Karnataka,Male,1977-07-14,2024-12-13,N,34.0,2.0
9218-ONHCW,2023-05-09,Paid,2024-05-08,Basic,Annual,2023-12-19,Poor Support,8.39,323.0,77,1,Arjun,India,Kerala,Female,1978-09-27,,,,
8263-ESJLW,2021-10-28,Organic,2021-11-27,Premium,Monthly,,,22.89,1338.0,51,0,Aarav,India,Haryana,Female,1999-03-26,2025-07-28,N,46.0,2.0
8423-EHVXC,2021-01-29,Referral,2021-02-28,Standard,Monthly,,,14.91,324.0,87,0,Priya,India,Nagaland,Female,1995-12-27,2023-02-27,N,41.0,1.0
8339-MPBRR,2022-12-13,Organic,2023-01-12,Premium,Monthly,2024-04-01,Too Expensive,23.47,1351.0,79,1,Sanjay,India,Gujarat,Female,1987-07-26,2023-09-11,N,48.0,1.0
6634-UYWTZ,2024-10-30,Paid,2025-10-30,Standard,Annual,,,11.95,893.0,95,0,Kavya,India,Punjab,Male,1989-01-26,2025-12-03,Y,15.0,2.0
6752-ROTBN,2024-05-25,Organic,2024-06-24,Basic,,,,9.66,148.0,30,0,Vikram,India,Punjab,Male,2010-09-03,2025-04-21,N,45.0,1.0
4266-XBQEW,2021-09-23,Organic,2021-10-23,Basic,Monthly,,,4.99,487.0,55,0,Ishita,India,Maharashtra,Female,1972-09-08,2025-08-01,N,64.0,3.0
8521-GWMZS,2025-05-26,Refferal,2025-06-25,Premium,Monthly,,,23.02,1460.0,8,0,Ananya,India,Meghalaya,Male,1981-03-18,2025-08-29,Y,19.0,2.0
0367-FKFDZ,2024-07-26,Paid,2024-08-25,Premium,Monthly,,,27.48,1509.0,54,0,Amit,India,Uttar Pradesh,Male,1990-03-05,2023-08-03,N,16.0,1.0
8692-LFEXI,2022-05-22,Organic,2022-06-21,Premium,Monthly,2023-10-20,Switched To Competitor,22.77,1611.0,34,1,Sneha,India,Kerala,Female,1977-03-12,2024-04-10,Y,54.0,1.0
0149-KLQIX,2024-02-09,Referral,2025-02-08,Basic,Annual,,,6.8,180.0,47,0,Riya,India,Telangana,Female,2002-08-28,2026-04-11,N,21.0,2.0
6443-ZJQJS,2025-09-12,Refferal,2025-10-12,Premium,Monthly,,,21.76,1214.0,42,0,Meera,India,Gujarat,Female,1972-04-22,2024-01-18,Y,80.0,1.0
7462-IYWXF,2026-07-14,Paid,2026-08-13,Standard,Monthly,,,15.76,342.0,43,0,Riya,India,West Bengal,Male,1993-01-07,,,,
7184-CCZDW,2024-04-27,Organic,2025-04-27,Premium,Annual,,,23.65,1300.0,23,0,Meera,India,Telangana,Female,1984-11-02,2024-01-09,N,89.0,1.0
4321-HBRSM,2021-02-03,Paid,2021-03-05,Basic,Monthly,,,8.72,554.0,8,0,Ananya,India,Rajasthan,Male,1982-10-17,2023-11-02,N,63.0,1.0
8103-IOHPD,2024-11-14,Organic,2024-12-14,Premium,Monthly,,,20.37,1730.0,44,0,Kavya,India,Delhi,Female,2004-04-30,2024-09-07,N,20.0,2.0
4773-OOLQN,2025-11-15,Organic,2026-11-15,Premium,Annual,,,24.12,,32,0,Arjun,India,Maharashtra,Female,1983-02-11,2023-01-31,N,69.0,1.0
2849-FQYTQ,2026-05-22,Organic,2026-06-21,Basic,Monthly,,,5.39,273.0,63,0,Arjun,India,Tamil Nadu,Female,1974-11-09,2025-08-17,N,28.0,1.0
9216-XNCQQ,2022-03-06,Organic,2023-03-06,Premium,Annual,,,26.82,1698.0,55,0,Vivaan,India,Rajasthan,Male,1990-11-02,2026-07-13,Y,66.0,2.0
2790-WWIMF,2025-10-30,Organic,2025-11-29,Standard,Monthly,,,15.28,1174.0,11,0,Amit,India,Telangana,Male,1974-06-14,2023-08-19,N,65.0,1.0
1803-GJHDL,2023-01-25,Organic,2023-02-24,,Monthly,2023-09-17,Too Expensive,7.15,20.0,27,1,Nisha,India,Gujarat,Male,1985-09-04,2024-04-28,Y,67.0,1.0
6244-INHSQ,2023-01-09,Paid,2023-02-08,Basic,Monthly,2023-12-05,Not Enough Content,7.48,634.0,77,1,Riya,India,Haryana,Female,1981-01-12,2025-12-02,N,86.0,1.0
9600-BWIBR,2023-07-15,Referral,2024-07-14,Premium,Annual,,,20.26,1613.0,70,0,Pooja,India,Meghalaya,Female,1988-11-10,2025-11-24,N,30.0,2.0
1736-EZFOF,2022-03-24,Refferal,2022-04-23,Basic,Monthly,,,8.81,211.0,46,0,Sanjay,India,Rajasthan,Male,2010-02-28,2025-10-23,N,58.0,1.0
1260-AAMLB,2021-12-17,Paid,2022-12-17,Basic,Annual,,,6.54,302.0,92,0,Ananya,India,Gujarat,Male,1979-02-02,2025-10-22,N,39.0,1.0
3511-HOZRX,2026-05-02,Paid,2026-06-01,Basic,Monthly,,,6.65,640.0,66,0,Nisha,India,Tamil Nadu,Female,1983-05-25,2025-09-26,N,7.0,2.0
1941-FTIWM,2022-08-11,Paid,2023-08-11,Standard,Annual,,,11.55,882.0,83,0,Rahul,India,Punjab,Male,2008-07-06,2025-07-30,Y,79.0,1.0
2027-VOULD,2022-05-19,Organic,2022-06-18,Premium,Monthly,2024-08-09,Switched To Competitor,21.57,1688.0,8,1,Sneha,India,Meghalaya,Female,1974-01-12,2023-09-11,N,12.0,1.0
6817-DRKUW,2024-03-14,Organic,2024-04-13,Standard,Monthly,2024-04-28,Service Quality,11.61,363.0,47,1,Meera,India,Nagaland,Female,1978-12-08,2026-03-19,N,93.0,2.0
4087-WCCZO,2024-10-23,Referral,2025-10-23,Standard,,2025-07-04,Poor Support,13.17,847.0,18,1,Riya,India,Telangana,Female,1982-11-20,2026-01-20,N,91.0,1.0
4519-EHRVX,2023-02-17,Referral,2023-03-19,Premium,Monthly,2026-01-26,Poor Support,22.85,1768.0,95,1,Karan,India,Kerala,Male,1995-07-06,2024-09-28,Y,8.0,3.0
4091-LECLP,2021-06-02,Organic,2021-07-02,Basic,Monthly,,,7.33,751.0,95,0,Rohan,India,Punjab,Male,1987-11-24,2024-02-03,N,80.0,2.0
1064-KQVYI,2026-07-31,Organic,2027-07-31,Standard,Annual,,,13.03,597.0,29,0,Sanjay,India,Uttar Pradesh,Female,1977-07-28,2026-02-26,N,32.0,5.0
3931-WSHRE,2025-08-27,Referral,2026-08-27,Standard,Annual,,,11.59,838.0,88,0,Amit,Nepal,Kathmandu,Male,1992-04-05,2025-12-30,Y,43.0,2.0
4503-HZAWH,2025-01-02,Paid,2026-01-02,Standard,Annual,,,11.73,527.0,69,0,Amit,India,Haryana,Female,1975-05-30,,,,
0385-RRDAC,2021-03-24,Refferal,2021-04-23,Standard,Monthly,2025-12-30,Poor Streaming Quality,10.25,1588.0,56,1,Riya,India,Nagaland,Male,1980-09-07,2026-07-11,N,41.0,3.0
4102-DSCUW,2024-06-26,Refferal,2024-07-26,Premium,Monthly,,,24.67,1906.0,79,0,Vivaan,India,West Bengal,Female,1997-09-26,2025-09-26,N,6.0,3.0
7174-YYBIT,2023-02-05,Paid,2023-03-07,Premium,Monthly,,,25.43,1837.0,3,0,Meera,India,West Bengal,Male,1994-10-19,2025-05-30,N,33.0,2.0
3411-TUZIJ,2022-07-25,Paid,2022-08-24,Standard,Monthly,,,15.58,490.0,86,0,Vikram,India,Telangana,Female,2006-08-18,2025-07-30,N,96.0,1.0
0266-HHLKW,2026-05-05,Paid,2026-06-04,Standard,Monthly,2026-07-06,Switched To Competitor,11.36,667.0,18,1,Nisha,India,Meghalaya,Female,1993-11-19,2026-07-05,N,83.0,3.0
7742-SAMSG,2024-04-11,Organic,2024-05-11,Basic,Monthly,,,7.81,395.0,97,0,Arjun,India,Punjab,Male,2005-08-07,2026-06-30,Y,27.0,2.0
4261-SUWLK,2024-06-30,Paid,2024-07-30,Standard,Monthly,,,13.05,591.0,43,0,Nisha,India,Telangana,Male,1999-03-20,2025-05-29,N,9.0,1.0
3841-RKKEM,2023-11-19,Paid,2023-12-19,Basic,Monthly,,,7.42,526.0,31,0,Neha,India,Meghalaya,Female,1982-07-23,2026-07-15,N,16.0,2.0
2390-NXUMZ,2024-04-29,Refferal,2024-05-29,Standard,Monthly,2026-04-16,Switched To Competitor,15.47,841.0,33,1,Meera,India,Telangana,Male,1976-12-30,2026-01-26,Y,40.0,2.0
9801-LTIWJ,2024-01-10,,2024-02-09,Basic,Monthly,2025-11-28,Poor Support,8.05,519.0,8,1,Karan,India,Haryana,Male,1971-02-10,2025-07-19,Y,13.0,2.0
2600-DVHVC,2022-08-23,Organic,2022-09-22,Standard,Monthly,,,14.4,767.0,67,0,Vikram,India,Maharashtra,Female,1972-10-01,2026-06-12,N,5.0,5.0
5020-LLEBJ,2022-11-16,Refferal,2022-12-16,Standard,Monthly,,,14.67,898.0,26,0,Priya,India,Meghalaya,Male,1977-07-22,2026-06-21,Y,78.0,2.0
4714-UMGGP,2025-12-15,Paid,2026-12-15,Standard,Annual,2025-12-06,Too Expensive,11.38,484.0,2,1,Ananya,India,Punjab,Female,2003-03-17,2025-03-05,N,33.0,2.0
4369-XLOBF,2022-06-03,Organic,2022-07-03,Standard,Monthly,,,14.09,,65,0,Arjun,India,Rajasthan,Female,1978-09-20,2025-05-17,N,52.0,2.0
8504-IKPBN,2024-06-13,Organic,2024-07-13,Basic,Monthly,2025-08-31,Switched To Competitor,6.61,410.0,4,1,Pooja,India,Haryana,Female,2001-11-30,2023-05-12,N,40.0,1.0
3477-DKLEO,2023-05-17,Refferal,2024-05-16,Standard,Annual,,,15.91,797.0,96,0,Sneha,India,Telangana,Male,1999-10-11,2025-09-23,N,53.0,5.0
7467-GZPUB,2025-04-18,Organic,2025-05-18,Premium,Monthly,,,24.91,1859.0,74,0,Arjun,India,Telangana,Male,1974-06-29,2025-04-13,N,84.0,2.0
7679-ISUGG,2026-01-29,Paid,2026-02-28,Standard,Monthly,,,14.71,773.0,84,0,Sneha,India,Rajasthan,Female,1975-01-17,2023-06-25,Y,49.0,1.0
0617-PUKEI,2025-01-08,Paid,2026-01-08,Standard,Annual,,,9.97,989.0,63,0,Vivaan,India,Nagaland,Male,1979-02-17,,,,
4042-XDIQG,2023-03-12,Paid,2024-03-11,Premium,Annual,,,25.19,1263.0,45,0,Kavya,India,West Bengal,Female,1996-03-19,2026-04-11,N,51.0,3.0
8849-XJTTR,2024-08-29,Paid,2024-09-28,Basic,Monthly,2025-06-02,Too Expensive,5.87,78.0,28,1,Kavya,India,Telangana,Male,1984-12-20,2025-12-30,N,70.0,1.0
1884-BJDHQ,2024-11-24,Paid,2025-11-24,Premium,Annual,2025-05-09,Service Quality,21.23,1370.0,61,1,Ishita,India,Telangana,Female,2000-02-18,2025-07-28,Y,72.0,2.0
5897-FAFLU,2023-11-08,Organic,2024-11-07,Basic,Annual,,,7.54,91.0,86,0,Ishita,India,Punjab,Male,1999-10-11,2023-05-15,N,98.0,1.0
3666-HOBFA,2022-12-31,Paid,2023-01-30,Basic,Monthly,,,8.17,20.0,63,0,Nisha,India,Haryana,Male,2008-01-09,2024-01-27,N,9.0,1.0
5267-LPQKW,2026-05-22,Organic,2026-06-21,Standard,Monthly,,,13.76,378.0,98,0,Rahul,India,Meghalaya,Male,1993-09-17,2025-07-21,N,75.0,1.0
9183-CXFGN,2025-10-28,Paid,2025-11-27,Premium,Monthly,,,21.62,1538.0,53,0,Sanjay,Nepal,Kathmandu,Male,1970-02-28,2026-03-03,Y,57.0,2.0
0317-JFMVY,2026-04-06,Referral,2027-04-06,Basic,Annual,2026-07-11,Poor Support,4.99,186.0,88,1,Neha,India,Nagaland,Male,1995-06-09,2025-09-21,N,8.0,1.0
2140-OMKQZ,2021-10-27,Paid,2021-11-26,Standard,Monthly,2022-03-11,Poor Support,13.96,579.0,7,1,Sneha,India,Maharashtra,Female,1978-08-04,2026-07-13,Y,44.0,2.0
4066-BXYIN,2025-09-16,,2025-10-16,Premium,Monthly,,,19.14,1518.0,19,0,Vivaan,India,Haryana,Female,1991-03-30,2024-01-08,N,48.0,2.0
8628-NMXVN,2026-03-01,Organic,2027-03-01,Standard,Annual,,,14.13,435.0,55,0,Amit,India,Meghalaya,Male,1988-12-08,2024-06-26,Y,67.0,1.0
1634-LRHNR,2022-08-17,Paid,2023-08-17,Standard,Annual,2026-07-08,Poor Support,10.6,660.0,64,1,Kavya,India,Haryana,Male,2006-09-22,2025-08-30,N,23.0,2.0
0872-OTFOS,2025-12-05,Refferal,2026-01-04,Standard,Monthly,2026-03-05,Switched To Competitor,13.37,861.0,55,1,Kavya,India,Haryana,Female,1970-03-21,2025-02-05,N,68.0,1.0
0465-QGKQA,2025-09-12,Paid,2026-09-12,Basic,Annual,,,7.03,278.0,97,0,Vivaan,India,Punjab,Female,2004-07-09,2025-11-07,Y,95.0,5.0
0191-LYAUB,2021-09-20,Paid,2022-09-20,Standard,Annual,,,13.8,833.0,100,0,Sneha,India,Maharashtra,Female,1998-01-16,,,,
4901-LMCTH,2026-06-10,Paid,2026-07-10,Basic,Monthly,,,5.69,464.0,86,0,Rahul,India,Kerala,Male,1982-03-17,2023-01-12,N,98.0,1.0
7715-ROIQZ,2023-12-25,Referral,2024-01-24,Standard,Monthly,,,17.74,985.0,56,0,Ananya,India,Kerala,Female,2008-08-30,2026-03-12,N,49.0,1.0
9232-XFPKZ,2021-07-24,Organic,2021-08-23,Standard,Monthly,,,12.75,485.0,4,0,Priya,India,Haryana,Male,2009-02-24,,,,
9501-WEIST,2023-08-20,Paid,2023-09-19,Basic,Monthly,,,8.23,705.0,28,0,Aarav,India,Kerala,Male,1981-04-03,2023-02-09,N,40.0,1.0
3518-DDRLM,2023-10-14,Paid,2024-10-13,Basic,Annual,2024-08-09,Poor Support,6.19,62.0,49,1,Ishita,India,West Bengal,Male,1974-05-06,2026-06-16,N,69.0,5.0
8157-ATHYY,2026-04-22,Organic,2027-04-22,Standard,Annual,,,16.32,589.0,13,0,Ananya,India,Uttar Pradesh,Female,1995-04-11,2026-02-06,Y,76.0,2.0
5032-IGEZE,2025-12-08,Paid,2026-12-08,Standard,Annual,2026-05-19,Service Quality,8.65,1044.0,73,1,Ishita,India,Maharashtra,Male,2005-01-25,2024-10-29,N,76.0,3.0
4478-MRVOT,2025-06-29,Paid,2026-06-29,Standard,Annual,2025-11-03,Poor Support,,431.0,90,1,Sanjay,India,Karnataka,Female,2003-10-18,2024-07-24,N,97.0,1.0
5676-LEFLB,2021-04-12,Organic,2022-04-12,Premium,Annual,2026-04-13,Poor Streaming Quality,27.3,1244.0,3,1,Neha,India,Uttar Pradesh,Male,1982-01-07,2026-02-20,N,57.0,2.0
3179-MMVZS,2023-10-24,Referral,2023-11-23,Standard,Monthly,,,13.45,712.0,10,0,Amit,India,Meghalaya,Male,1992-11-21,2026-03-04,N,33.0,2.0
0817-KSPLL,2021-01-24,Paid,2022-01-24,Standard,Annual,,,15.01,935.0,76,0,Sneha,India,Delhi,Female,1984-09-23,2026-04-24,Y,8.0,2.0
4073-PENFR,2024-09-20,Organic,2025-09-20,Standard,Annual,,,13.11,884.0,82,0,Ananya,India,Maharashtra,Male,2002-09-12,,,,
8649-NKYRL,2022-08-30,Organic,2022-09-29,Basic,Monthly,,,6.61,20.0,60,0,Aditya,India,Kerala,Male,1987-08-21,2026-05-17,N,95.0,1.0
0311-AFGSN,2021-04-18,Paid,2021-05-18,Standard,Monthly,,,15.06,785.0,20,0,Riya,India,Haryana,Female,1997-02-08,2025-10-26,Y,65.0,1.0
9998-OXOJS,2022-07-28,Paid,2023-07-28,Basic,Annual,,,7.81,358.0,7,0,Karan,India,Telangana,Male,1990-11-24,2024-06-16,N,80.0,2.0
4507-HMRJS,2024-02-24,Referral,2025-02-23,Basic,Annual,,,4.99,232.0,92,0,Pooja,India,Maharashtra,Female,1971-06-25,2026-05-04,N,48.0,2.0
9806-KHKVE,2021-12-13,Paid,2022-12-13,,Annual,,,,1280.0,17,0,Aditya,India,Haryana,Male,2008-03-01,2024-04-10,N,75.0,2.0
9736-KVUUX,2024-03-20,Refferal,2024-04-19,Basic,Monthly,,,8.41,459.0,69,0,Sanjay,India,Telangana,Female,1984-05-15,2023-10-24,N,53.0,1.0
1867-PCHBR,2023-04-09,Organic,2024-04-08,Standard,Annual,,,15.1,1334.0,26,0,Rahul,India,Kerala,Female,1982-11-08,2025-02-28,N,44.0,2.0
6086-TEIRV,2021-12-11,Paid,2022-01-10,Basic,Monthly,2025-12-02,Switched To Competitor,7.35,312.0,81,1,Amit,Nepal,Kathmandu,Female,2007-03-25,2024-07-07,Y,67.0,1.0
8858-BKAVD,2022-12-17,Organic,2023-12-17,Standard,Annual,,,16.05,1061.0,47,0,Neha,India,Rajasthan,Male,2007-12-07,2023-06-19,Y,17.0,1.0
8224-EAWLL,2021-10-08,Organic,2022-10-08,Premium,Annual,2024-08-29,Forgot To Cancel Trial,23.51,1561.0,24,1,Kavya,India,Delhi,Male,2006-05-31,2024-03-10,N,95.0,1.0
6475-HRLHK,2024-10-26,Organic,2024-11-25,Premium,Monthly,,,20.07,1615.0,6,0,Vikram,India,Gujarat,Male,2001-12-03,2025-01-26,N,94.0,1.0
0085-HPDDR,2021-11-19,Refferal,2022-11-19,Premium,Annual,,,25.44,1812.0,96,0,Riya,India,Telangana,Female,1997-09-02,2026-04-17,N,83.0,2.0
4295-DTUAF,2022-01-16,Organic,2022-02-15,Standard,Monthly,,,12.64,614.0,12,0,Riya,India,Delhi,Male,2003-08-21,2024-12-26,Y,67.0,2.0
3718-TBUID,2025-08-28,Organic,2026-08-28,Standard,Annual,,,15.69,1167.0,94,0,Priya,India,Delhi,Male,1975-04-02,2024-02-25,N,11.0,2.0
8636-CDYNM,2023-09-20,Refferal,2024-09-19,Basic,Annual,,,7.52,492.0,74,0,Meera,India,West Bengal,Female,1996-12-02,,,,
6880-QPAOH,2022-09-24,Organic,2022-10-24,Standard,Monthly,,,14.56,693.0,79,0,Rohan,India,Delhi,Male,1983-02-11,2026-03-13,N,80.0,2.0
8080-NDXHH,2023-09-20,Organic,2023-10-20,Standard,Monthly,,,12.7,531.0,6,0,Sanjay,India,Meghalaya,Female,1973-12-25,2026-04-20,N,34.0,5.0
9363-UWRXC,2023-02-17,Organic,2024-02-17,Basic,Annual,,,4.99,61.0,6,0,Vivaan,India,Maharashtra,Male,1974-02-18,2025-06-27,N,45.0,1.0
6008-HKGFL,2023-05-19,Paid,2023-06-18,Basic,Monthly,,,7.94,124.0,34,0,Amit,India,Rajasthan,Female,1984-06-16,2025-01-11,Y,21.0,1.0
9183-QJLNG,2022-10-10,Organic,2022-11-09,Basic,Monthly,,,6.27,71.0,55,0,Pooja,India,Nagaland,Male,2006-10-11,2023-01-19,N,36.0,1.0
5223-SGPSN,2022-07-13,Paid,2023-07-13,Basic,Annual,,,4.99,492.0,65,0,Sneha,India,Karnataka,Male,1999-06-27,2026-06-21,N,65.0,3.0
2936-OUFOR,2022-04-04,Organic,2022-05-04,Basic,Monthly,,,6.56,743.0,70,0,Aarav,India,Punjab,Male,1994-05-16,2026-04-07,N,65.0,2.0
3230-KXJPD,2021-03-07,Paid,2021-04-06,Standard,Monthly,,,13.25,795.0,82,0,Neha,India,Kerala,Female,1977-03-31,2025-05-07,N,80.0,1.0
9260-PTPJI,2021-06-13,Organic,2022-06-13,Standard,Annual,,,12.76,690.0,9,0,Kavya,India,Delhi,Male,1974-06-28,2026-05-26,N,18.0,4.0
7018-WDVVC,2025-01-18,Organic,2025-02-17,Standard,Monthly,2026-03-07,Poor Streaming Quality,11.29,964.0,54,1,Rahul,India,Punjab,Male,2010-12-29,2026-04-25,N,26.0,5.0
1102-SVKQZ,2025-04-25,Paid,2026-04-25,Basic,Annual,,,5.79,153.0,61,0,Neha,India,Nagaland,Male,1993-06-11,2025-01-22,Y,78.0,3.0
3243-FZHML,2026-06-09,Organic,2026-07-09,Standard,Monthly,2026-08-22,Service Quality,15.46,868.0,2,1,Vivaan,India,West Bengal,Female,1973-08-13,2025-11-26,N,65.0,2.0
5243-GRRFM,2025-04-12,Paid,2026-04-12,Premium,Annual,,,22.96,1606.0,100,0,Aarav,India,Meghalaya,Female,1996-01-20,2024-07-07,N,21.0,1.0
0596-FZNQX,2023-02-17,Organic,2023-03-19,Basic,Monthly,,,9.03,223.0,21,0,Aditya,India,Rajasthan,Female,1990-12-01,2023-01-25,N,51.0,1.0
7143-USMQH,2022-10-11,Referral,2023-10-11,Standard,Annual,2024-02-02,Forgot To Cancel Trial,13.44,686.0,2,1,Rahul,India,Karnataka,Female,1973-12-05,2023-01-04,Y,40.0,1.0
8905-EWWDS,2022-02-06,Referral,2023-02-06,Standard,Annual,2026-02-12,Forgot To Cancel Trial,13.91,1211.0,76,1,Vikram,India,Uttar Pradesh,Female,1991-04-30,2026-04-23,N,49.0,3.0
9895-OIWND,2024-05-25,Refferal,2025-05-25,Basic,Annual,,,7.05,586.0,76,0,Meera,India,Uttar Pradesh,Male,1985-02-14,,,,
2510-RLFUD,2024-06-13,Organic,2024-07-13,Standard,Monthly,2024-12-15,Poor Support,13.61,679.0,71,1,Sanjay,India,Kerala,Female,2002-12-17,2024-07-17,Y,37.0,2.0
2209-MBKXY,2025-06-30,Organic,2025-07-30,Standard,Monthly,,,16.51,1190.0,90,0,Sneha,India,Punjab,Female,2000-09-18,2024-09-16,N,32.0,1.0
8721-IBVJT,2023-02-27,Organic,2023-03-29,Standard,Monthly,2025-08-02,Service Quality,15.28,500.0,73,1,Karan,Nepal,Kathmandu,Female,1994-08-12,2025-10-21,N,42.0,2.0
1212-RPXCK,2023-05-19,,2024-05-18,Premium,Annual,,,26.34,1321.0,22,0,Sneha,India,West Bengal,Male,2005-08-07,2024-11-13,N,99.0,1.0
9898-KRESH,2026-02-26,Referral,2027-02-26,Premium,Annual,,,24.46,1379.0,37,0,Karan,India,West Bengal,Female,1972-06-30,2025-05-21,N,23.0,2.0
5731-WRMEI,2026-06-16,Organic,2027-06-16,Standard,Annual,,,9.42,685.0,79,0,Nisha,India,Telangana,Female,1993-03-15,,,,
8495-FRMIS,2022-12-31,Refferal,2023-01-30,Standard,Monthly,,,12.02,1144.0,12,0,Nisha,India,Gujarat,Male,1984-12-02,2023-10-23,N,22.0,1.0
3636-HNTWQ,2026-07-08,Paid,2027-07-08,Standard,Annual,,,19.19,772.0,60,0,Karan,India,Punjab,Female,1981-04-24,2024-10-10,N,88.0,2.0
6627-UHGMQ,2022-03-30,Organic,2022-04-29,Standard,Monthly,,,10.91,600.0,28,0,Ananya,India,Uttar Pradesh,Female,2010-09-14,2025-12-30,N,18.0,3.0
6467-DUJWS,2026-04-15,Organic,2027-04-15,Premium,Annual,2026-07-01,Poor Support,22.65,1177.0,9,1,Arjun,India,Haryana,Female,1973-02-21,2025-12-06,N,54.0,5.0
9828-QNEKW,2021-10-28,Paid,2022-10-28,Premium,Annual,,,21.33,1248.0,3,0,Neha,India,Karnataka,Male,2002-11-24,2026-04-11,N,14.0,1.0
3834-BGPQZ,2024-07-19,Paid,2024-08-18,Basic,Monthly,2024-11-02,Switched To Competitor,6.98,20.0,66,1,Rohan,India,Telangana,Female,1975-08-20,2025-01-16,N,48.0,1.0
9339-NOUBP,2023-04-16,Paid,2023-05-16,Basic,Monthly,2024-08-16,Service Quality,7.28,583.0,8,1,Kavya,India,Gujarat,Female,1992-04-18,2026-05-14,Y,70.0,4.0
4752-UURRR,2023-12-07,Organic,2024-01-06,Basic,Monthly,2024-07-30,Switched To Competitor,,371.0,67,1,Neha,India,Tamil Nadu,Female,1971-06-16,2024-05-22,Y,77.0,1.0
5810-FHTQG,2025-10-12,Refferal,2026-10-12,Premium,Annual,,,20.38,1493.0,70,0,Sanjay,India,Rajasthan,Female,1981-06-05,2026-02-26,N,77.0,1.0
8780-ZQFYG,2021-04-07,Referral,2022-04-07,Standard,Annual,,,15.46,1071.0,83,0,Vikram,India,Uttar Pradesh,Male,1992-11-12,2023-03-02,N,33.0,1.0
4337-WNGCJ,2026-03-28,Organic,2026-04-27,Standard,Monthly,2026-07-07,Forgot To Cancel Trial,13.32,829.0,9,1,Sneha,India,Haryana,Male,1978-12-02,2025-04-26,N,68.0,1.0
6728-SFESE,2026-03-12,Organic,2026-04-11,Standard,Monthly,,,16.5,1002.0,7,0,Ananya,India,Delhi,Female,1990-12-18,2023-03-20,Y,86.0,1.0
0664-MOGFG,2022-02-24,Referral,2023-02-24,Premium,Annual,,,24.71,1834.0,58,0,Vikram,India,Kerala,Male,2009-04-07,2024-09-06,N,17.0,2.0
3443-AAJAI,2024-09-18,Organic,2025-09-18,Premium,Annual,,,24.18,1825.0,54,0,Neha,India,Meghalaya,Male,2006-08-01,2024-09-26,Y,99.0,1.0
5818-AQQOQ,2024-05-17,Refferal,2024-06-16,Basic,Monthly,2024-12-21,Service Quality,6.22,774.0,78,1,Kavya,India,Nagaland,Female,1971-07-24,2023-05-25,N,72.0,1.0
8096-BEIRW,2023-05-15,Paid,2023-06-14,Standard,Monthly,2024-02-14,Poor Support,13.2,815.0,61,1,Neha,India,Tamil Nadu,Female,2000-01-10,2025-10-01,Y,100.0,2.0
9187-PKKBM,2025-03-05,Organic,2025-04-04,Standard,Monthly,,,14.38,634.0,81,0,Amit,India,Rajasthan,Female,1975-07-03,2026-05-29,N,56.0,2.0
5139-FTVHX,2024-05-29,Referral,2025-05-29,Premium,Annual,2026-02-17,Switched To Competitor,22.32,1506.0,96,1,Aditya,India,Nagaland,Female,1999-08-03,2026-07-10,N,5.0,3.0
1092-XTFQI,2022-02-27,Refferal,2022-03-29,Premium,Monthly,,,18.81,1468.0,6,0,Karan,India,Delhi,Male,1971-06-22,2025-09-12,N,17.0,4.0
8001-EGHFI,2022-07-12,Referral,2023-07-12,Standard,Annual,2022-07-06,Service Quality,13.87,808.0,81,1,Ananya,India,Telangana,Female,2004-10-15,2025-10-14,Y,42.0,1.0
6034-QOEFX,2025-10-20,Paid,2026-10-20,Premium,Annual,,,23.38,1251.0,39,0,Riya,India,Meghalaya,Female,1994-10-29,2025-08-24,N,89.0,2.0
2531-CLAIW,2023-05-10,Organic,2024-05-09,Standard,Annual,,,12.3,973.0,35,0,Ishita,India,West Bengal,Male,2005-02-07,2025-08-18,N,35.0,2.0
2691-SMJRP,2024-02-27,Referral,2025-02-26,Basic,Annual,,,6.55,248.0,68,0,Priya,India,Uttar Pradesh,Female,1979-04-10,2024-01-10,Y,74.0,2.0
3198-FXEYM,2024-07-27,Paid,2024-08-26,Basic,,,,9.12,20.0,32,0,Riya,India,Nagaland,Male,2009-09-25,2026-03-06,N,47.0,2.0
9966-JOPIF,2023-10-20,Paid,2024-10-19,Standard,Annual,,,15.47,1135.0,50,0,Neha,India,Delhi,Female,1977-06-19,2024-11-02,N,18.0,1.0
5214-RGTQE,2021-07-26,Paid,2022-07-26,Premium,Annual,,,20.62,1223.0,21,0,Nisha,India,Meghalaya,Female,1979-12-31,2024-05-17,N,86.0,1.0
9387-BQLQU,2024-12-14,Organic,2025-12-14,Standard,Annual,2026-07-21,Service Quality,13.39,899.0,39,1,Aditya,India,Kerala,Male,1996-01-02,2025-10-21,N,67.0,5.0
6878-QVSVK,2021-11-11,Paid,2021-12-11,Standard,Monthly,,,13.2,549.0,1,0,Nisha,India,Uttar Pradesh,Female,2003-04-10,2024-10-23,Y,39.0,1.0
2047-GPNCF,2024-09-12,Organic,2024-10-12,Standard,Monthly,2024-11-04,Too Expensive,13.27,966.0,24,1,Aarav,India,Rajasthan,Male,1996-09-06,2025-03-21,N,69.0,1.0
9675-STFBH,2021-06-05,Paid,2022-06-05,Standard,Annual,,,14.65,718.0,11,0,Nisha,India,Nagaland,Female,1975-03-01,2026-01-23,N,87.0,2.0
8571-NUMMP,2024-06-28,,2024-07-28,Basic,Monthly,2026-08-18,Too Expensive,7.93,69.0,93,1,Vikram,India,Punjab,Male,1980-06-24,2026-05-26,N,31.0,5.0
9589-LPXJV,2024-09-07,Refferal,2025-09-07,Premium,Annual,,,26.5,1124.0,1,0,Rohan,India,Gujarat,Male,1988-01-01,2025-07-11,N,97.0,2.0
5361-WMQIQ,2024-03-22,Paid,2024-04-21,Basic,Monthly,,,6.15,452.0,61,0,Aditya,India,Punjab,Female,2010-02-02,2026-04-13,Y,74.0,2.0
3278-PULLI,2024-08-04,Organic,2024-09-03,Standard,Monthly,,,12.57,876.0,46,0,Riya,India,Rajasthan,Male,2007-05-22,2026-06-07,N,33.0,2.0
7310-PNACA,2024-05-04,Paid,2025-05-04,Standard,Annual,,,11.26,963.0,60,0,Vivaan,India,Tamil Nadu,Female,1995-11-20,2026-04-07,N,29.0,2.0
8505-WBBUN,2023-10-05,Organic,2024-10-04,Standard,Annual,,,16.76,629.0,75,0,Aarav,India,Uttar Pradesh,Female,1982-08-27,2026-05-15,N,45.0,2.0
3105-PGFJX,2022-12-18,Paid,2023-12-18,Standard,Annual,,,12.22,656.0,33,0,Amit,India,West Bengal,Female,1987-09-12,2024-12-18,Y,47.0,2.0
7676-EOWYT,2022-10-02,Organic,2022-11-01,Standard,Monthly,2023-05-15,Service Quality,11.65,933.0,97,1,Rohan,India,Delhi,Female,1974-02-08,2026-06-08,N,29.0,3.0
1309-GFDEI,2024-03-09,Refferal,2024-04-08,Standard,Monthly,,,15.8,942.0,26,0,Pooja,India,Maharashtra,Male,2005-05-04,2023-04-03,N,33.0,1.0
5565-KKGDZ,2024-11-15,Paid,2024-12-15,Standard,Monthly,,,15.86,966.0,9,0,Priya,India,Rajasthan,Male,2008-11-19,2025-05-28,N,11.0,3.0
5998-FVVZE,2026-03-27,Organic,2027-03-27,,Annual,,,15.79,994.0,18,0,Ananya,India,Delhi,Male,2008-01-08,2026-02-02,N,91.0,2.0
6407-ZUFXK,2025-07-04,Organic,2025-08-03,Basic,Monthly,,,5.18,523.0,29,0,Pooja,India,Maharashtra,Female,1977-01-02,2025-11-11,Y,90.0,1.0
4900-OUDOV,2021-04-20,Paid,2021-05-20,Standard,Monthly,,,17.47,893.0,56,0,Aarav,India,Tamil Nadu,Male,1984-03-15,2025-02-01,N,43.0,2.0
5495-HBOSO,2021-04-04,Organic,2021-05-04,Basic,Monthly,2024-10-10,Not Enough Content,8.85,374.0,98,1,Vikram,India,West Bengal,Female,1992-10-10,2026-01-24,N,72.0,2.0
9793-PNBOE,2021-11-16,Organic,2021-12-16,Standard,Monthly,,,12.69,1026.0,70,0,Vivaan,India,Uttar Pradesh,Female,1973-03-02,2025-05-29,N,10.0,1.0
7253-EXHLD,2022-07-19,Refferal,2023-07-19,Standard,Annual,,,9.33,723.0,72,0,Arjun,India,Meghalaya,Male,1991-02-12,2026-05-22,Y,53.0,1.0
2125-XHNZQ,2024-12-25,Organic,2025-01-24,Basic,Monthly,2025-08-29,Too Expensive,6.13,371.0,74,1,Kavya,India,Karnataka,Female,1990-06-02,2025-10-22,N,81.0,1.0
0439-JKHGN,2024-07-04,Referral,2025-07-04,Premium,Annual,,,23.21,1588.0,19,0,Kavya,India,Uttar Pradesh,Female,1981-05-08,2025-04-18,N,8.0,2.0
3784-HKIFL,2023-10-21,Paid,2023-11-20,Premium,Monthly,,,21.68,1995.0,56,0,Rahul,India,Nagaland,Male,1982-04-06,2024-07-12,N,45.0,1.0
9423-NPZPF,2021-01-24,Organic,2021-02-23,Standard,Monthly,2022-08-12,Not Enough Content,14.57,,55,1,Rahul,India,Uttar Pradesh,Male,1985-11-15,2025-12-11,N,70.0,1.0
3998-MMDCJ,2024-04-25,Organic,2024-05-25,Standard,Monthly,2025-01-18,Too Expensive,16.4,855.0,28,1,Priya,India,Haryana,Female,1989-06-07,2026-04-30,N,75.0,5.0
9143-SVEKP,2024-09-15,Organic,2025-09-15,Basic,Annual,,,6.17,432.0,10,0,Ananya,India,Punjab,Female,1997-09-21,2026-05-29,N,37.0,2.0
4356-KJBWY,2025-06-20,Paid,2025-07-20,,Monthly,,,25.12,1091.0,65,0,Arjun,India,Delhi,Female,1972-12-08,2026-07-13,N,44.0,3.0
0830-KNUZK,2023-07-28,Paid,2023-08-27,,Monthly,,,14.97,1275.0,50,0,Rohan,India,Uttar Pradesh,Female,1970-10-20,2024-06-11,N,27.0,2.0
7494-YVHVK,2021-12-19,Organic,2022-12-19,Standard,Annual,,,17.37,768.0,47,0,Ishita,India,Delhi,Female,1990-02-21,2025-02-21,N,95.0,1.0
0198-TVILJ,2023-02-11,Refferal,2024-02-11,Basic,Annual,2024-08-24,Poor Support,7.25,209.0,62,1,Meera,India,Tamil Nadu,Female,1989-09-21,2024-10-03,Y,95.0,1.0
1191-ZAOAR,2021-09-10,Organic,2022-09-10,Basic,Annual,,,7.01,647.0,15,0,Nisha,India,Gujarat,Male,2008-08-28,2024-12-14,N,5.0,1.0
9009-QPVZW,2022-03-30,Organic,2023-03-30,Basic,Annual,2022-06-05,Service Quality,4.99,276.0,21,1,Riya,India,Telangana,Male,1971-11-07,2025-07-28,N,31.0,3.0
2332-OVHRA,2024-10-28,Organic,2025-10-28,Standard,Annual,,,15.88,543.0,65,0,Priya,India,West Bengal,Female,1999-06-30,2026-03-24,N,84.0,2.0
8775-PTVFL,2022-05-19,Referral,2022-06-18,Standard,Monthly,,,13.85,1327.0,26,0,Vivaan,India,Punjab,Female,2000-03-31,2023-03-08,N,58.0,1.0
8588-EVHON,2021-09-29,Paid,2022-09-29,Basic,Annual,,,8.19,62.0,71,0,Aarav,Nepal,Kathmandu,Female,1972-03-31,,,,
6871-VJEKP,2022-12-30,Paid,2023-01-29,Standard,Monthly,,,14.91,1149.0,40,0,Karan,India,Gujarat,Male,1983-05-10,2023-12-30,N,63.0,2.0
7509-TIYCD,2026-03-09,Organic,2026-04-08,Premium,Monthly,2026-03-28,Too Expensive,25.41,1106.0,99,1,Kavya,Nepal,Kathmandu,Male,1989-10-01,2025-12-20,N,93.0,2.0
0271-YEPVT,2022-08-18,Referral,2023-08-18,Standard,Annual,,,12.67,865.0,43,0,Riya,India,Delhi,Female,2001-09-08,2025-07-18,N,47.0,2.0
9488-BKNSQ,2026-05-14,Refferal,2026-06-13,Standard,Monthly,,,14.82,859.0,100,0,Sanjay,India,West Bengal,Female,1985-02-05,,,,
5609-HCLGO,2023-05-07,Paid,2023-06-06,Basic,Monthly,2025-10-23,Forgot To Cancel Trial,9.74,898.0,7,1,Vivaan,India,Rajasthan,Female,1999-07-05,2025-08-26,N,35.0,2.0
7975-OPBQL,2023-09-09,Organic,2023-10-09,Basic,Monthly,2025-06-23,Poor Support,8.12,517.0,33,1,Nisha,India,Tamil Nadu,Male,2008-06-03,2025-03-06,Y,74.0,1.0
1257-FUXNZ,2026-05-31,Paid,2027-05-31,Basic,Annual,2026-06-14,Service Quality,8.52,740.0,60,1,Aditya,India,Delhi,Female,1975-05-16,2026-02-03,N,84.0,2.0
1819-HYERF,2024-05-27,Organic,2025-05-27,Standard,Annual,,,12.53,,54,0,Ananya,India,Punjab,Female,1991-11-20,2024-11-20,Y,99.0,2.0
3327-MJWZN,2026-04-21,Organic,2026-05-21,Premium,Monthly,2026-06-11,Too Expensive,22.37,1603.0,7,1,Aditya,India,Uttar Pradesh,Male,2008-02-23,2025-11-03,N,50.0,2.0
5263-BGBWF,2025-09-17,Paid,2025-10-17,Basic,Monthly,,,5.82,439.0,45,0,Pooja,India,Maharashtra,Male,2010-10-04,,,,
3421-VSQBO,2025-09-18,Paid,2026-09-18,Standard,Annual,,,13.79,810.0,1,0,Ananya,India,Delhi,Female,2003-01-28,2026-03-26,N,67.0,2.0
5618-ITYGI,2024-03-05,Referral,2025-03-05,Standard,Annual,2025-04-06,Forgot To Cancel Trial,14.27,1106.0,19,1,Meera,India,Punjab,Female,2001-03-10,2026-02-09,Y,81.0,2.0
3239-VCXUM,2022-06-30,Organic,2022-07-30,Standard,Monthly,,,15.52,1160.0,9,0,Vikram,India,Maharashtra,Male,1985-05-01,2024-03-04,N,59.0,1.0
5844-XUHBR,2021-01-13,Organic,2021-02-12,Standard,Monthly,,,12.24,622.0,95,0,Priya,India,Punjab,Female,1996-11-03,2023-11-13,N,11.0,1.0
1478-CZMQF,2022-11-04,Paid,2023-11-04,Standard,Annual,,,15.22,987.0,71,0,Rahul,India,Gujarat,Male,1986-03-24,2025-02-03,N,89.0,1.0
1038-BJAKI,2023-05-31,Referral,2023-06-30,Basic,Monthly,,,6.33,695.0,20,0,Amit,India,Kerala,Female,1974-02-07,,,,
5279-PILCH,2021-02-01,Paid,2022-02-01,Standard,Annual,,,15.4,1627.0,52,0,Sanjay,India,Rajasthan,Female,2006-12-03,2024-05-05,Y,63.0,2.0
9781-ZMYND,2021-07-10,Paid,2021-08-09,Standard,Monthly,,,12.01,876.0,72,0,Meera,India,Nagaland,Male,1971-04-25,2023-10-29,N,37.0,2.0
8681-KPQIT,2023-05-06,Organic,2024-05-05,Premium,Annual,,,22.68,1461.0,63,0,Rahul,India,Telangana,Female,1997-10-29,2025-08-07,N,73.0,2.0
5024-JHTGD,2021-09-23,Paid,2022-09-23,Basic,Annual,,,9.5,783.0,97,0,Nisha,India,Tamil Nadu,Male,2009-03-04,2026-02-15,N,13.0,2.0
8819-IQSVQ,2023-07-19,Paid,2024-07-18,Standard,Annual,,,12.27,794.0,38,0,Aditya,India,Haryana,Female,1984-01-10,2025-07-10,N,75.0,1.0
7085-VYBTE,2021-07-15,Organic,2022-07-15,Standard,Annual,,,13.84,743.0,45,0,Ananya,India,Karnataka,Male,1977-05-14,2024-07-13,N,64.0,1.0
8914-BGEPA,2024-09-24,Paid,2024-10-24,Standard,Monthly,,,14.17,831.0,89,0,Aarav,India,Maharashtra,Male,1975-08-26,2025-11-22,N,68.0,2.0
0193-NZNLR,2024-03-01,Organic,2024-03-31,Basic,Monthly,2026-06-08,Forgot To Cancel Trial,9.78,,31,1,Aarav,India,Gujarat,Female,2003-10-06,2023-10-14,N,60.0,3.0
5528-KPAGR,2022-09-03,Organic,2023-09-03,,Annual,,,13.81,724.0,19,0,Sneha,India,Nagaland,Female,1985-06-07,2024-12-26,Y,34.0,1.0
3430-BDWIA,2025-07-02,,2026-07-02,Basic,Annual,,,5.92,771.0,84,0,Riya,India,Kerala,Female,1980-12-28,2024-12-23,N,28.0,1.0
7293-NLXIO,2023-07-20,Paid,2024-07-19,Premium,Annual,,,24.05,1277.0,10,0,Arjun,India,Meghalaya,Male,2003-07-06,2024-12-31,N,57.0,2.0
7454-PFRTD,2025-07-29,Organic,2025-08-28,Basic,Monthly,2026-05-08,Not Enough Content,4.99,502.0,75,1,Ananya,India,Meghalaya,Male,1970-01-28,2025-02-03,Y,46.0,2.0
1674-RDWCZ,2023-04-27,Paid,2024-04-26,Premium,Annual,,,22.7,1440.0,11,0,Pooja,India,West Bengal,Female,1995-07-02,,,,
6722-LGITT,2025-07-04,Organic,2025-08-03,Basic,Monthly,,,4.99,550.0,96,0,Neha,Nepal,Kathmandu,Female,1985-08-18,2024-04-03,N,97.0,3.0
2105-OZGSE,2022-07-24,,2022-08-23,Standard,Monthly,,,15.06,894.0,61,0,Rohan,India,Telangana,Male,1973-03-15,2023-08-26,Y,67.0,1.0
8343-EHLJE,2024-08-26,Referral,2024-09-25,Standard,Monthly,,,15.28,603.0,62,0,Ananya,India,Karnataka,Female,2007-01-12,2023-01-03,N,13.0,1.0
6417-AZBIY,2021-09-10,Organic,2021-10-10,Standard,Monthly,,,13.46,729.0,82,0,Amit,India,Gujarat,Male,1986-08-14,2026-05-03,N,98.0,2.0
1570-BTBXL,2023-05-21,Paid,2024-05-20,Basic,Annual,,,4.99,286.0,43,0,Nisha,India,Tamil Nadu,Male,1979-08-06,2025-08-19,N,85.0,3.0
8695-GDZTX,2024-11-06,Paid,2024-12-06,Basic,Monthly,2025-09-13,Forgot To Cancel Trial,4.99,20.0,1,1,Vivaan,India,Telangana,Female,1980-02-19,2024-11-20,Y,34.0,3.0
3214-KPLGJ,2025-04-06,Refferal,2026-04-06,Basic,Annual,2026-01-17,Service Quality,6.77,732.0,36,1,Aditya,India,Gujarat,Female,1993-05-01,2026-06-08,N,100.0,2.0
6096-AIHBD,2022-04-07,Organic,2022-05-07,Basic,Monthly,,,7.17,476.0,73,0,Karan,India,Meghalaya,Male,1999-07-16,2025-11-24,Y,27.0,2.0
4968-CIOWC,2025-02-16,Paid,2025-03-18,Standard,Monthly,2025-06-25,Too Expensive,13.69,602.0,17,1,Rohan,India,Karnataka,Female,2000-12-03,2025-08-03,N,40.0,1.0
4359-CLMUL,2021-06-21,Organic,2021-07-21,Standard,Monthly,,,15.13,1147.0,93,0,Nisha,India,West Bengal,Female,1984-04-21,,,,
9355-DBAJF,2025-11-15,Organic,2025-12-15,Standard,Monthly,,,13.42,706.0,38,0,Riya,India,Nagaland,Male,1972-03-04,2026-05-27,Y,13.0,2.0
0937-GZUAX,2024-05-03,Organic,2024-06-02,Premium,Monthly,,,23.8,1376.0,38,0,Vivaan,India,Karnataka,Female,1998-10-11,2025-02-05,N,52.0,2.0
2071-KIKTS,2021-05-26,Referral,2021-06-25,Standard,Monthly,2023-09-01,Not Enough Content,14.77,768.0,70,1,Kavya,India,Rajasthan,Male,1989-03-31,2025-12-23,N,23.0,2.0
5949-QSEKC,2022-01-03,Organic,2023-01-03,Standard,Annual,,,13.96,599.0,51,0,Ishita,India,Telangana,Female,1971-05-17,2024-07-16,N,18.0,2.0
7048-LQOHD,2023-05-20,Organic,2024-05-19,Standard,Annual,,,9.88,1000.0,88,0,Riya,India,Gujarat,Female,1980-10-07,2024-06-02,N,10.0,2.0
9729-HCHXG,2023-02-03,Paid,2023-03-05,Standard,Monthly,,,11.32,1019.0,97,0,Amit,India,Haryana,Male,1972-08-25,2026-05-04,Y,92.0,2.0
9867-LWQBN,2022-11-07,Refferal,2022-12-07,Standard,Monthly,,,12.83,420.0,98,0,Pooja,India,Rajasthan,Female,1974-06-07,2023-02-14,Y,60.0,1.0
4182-FOCSV,2021-07-27,Organic,2021-08-26,Basic,Monthly,,,4.99,148.0,90,0,Priya,India,West Bengal,Female,2009-04-13,2025-08-28,Y,45.0,2.0
0947-MRBKG,2023-03-18,Organic,2023-04-17,Premium,Monthly,2023-11-13,Forgot To Cancel Trial,23.09,1751.0,20,1,Pooja,India,Gujarat,Male,1997-02-19,2026-02-15,N,59.0,5.0
0415-ULTPW,2025-09-20,Referral,2025-10-20,Standard,Monthly,,,10.98,937.0,24,0,Rahul,India,Tamil Nadu,Female,1974-03-07,2025-07-16,N,19.0,1.0
9969-PJKVL,2025-10-12,Organic,2026-10-12,,Annual,,,12.87,1318.0,68,0,Karan,India,Haryana,Male,1991-09-25,2023-04-22,Y,22.0,1.0
5208-FZQIP,2022-12-23,Paid,2023-01-22,Standard,Monthly,,,15.69,1044.0,99,0,Sneha,India,West Bengal,Female,1999-07-03,2025-10-22,N,41.0,1.0
4025-EWXVJ,2025-02-05,Refferal,2026-02-05,Basic,Annual,,,7.56,210.0,66,0,Meera,India,Gujarat,Female,1970-02-16,2024-05-24,N,55.0,1.0
2581-BTIXW,2022-07-12,Paid,2023-07-12,Standard,Annual,,,14.03,946.0,8,0,Riya,India,Tamil Nadu,Female,1977-06-08,2026-05-17,N,45.0,3.0
1302-XDMMY,2023-04-24,Refferal,2023-05-24,Standard,Monthly,,,14.04,728.0,70,0,Riya,India,Gujarat,Female,2009-07-22,2024-12-30,N,40.0,1.0
6580-WPVWW,2021-09-16,Organic,2021-10-16,Basic,Monthly,,,7.48,228.0,69,0,Meera,India,Tamil Nadu,Male,1995-09-14,2025-12-21,N,38.0,1.0
4129-JZTXP,2022-07-27,Paid,2022-08-26,Standard,Monthly,2026-01-30,Poor Support,12.88,1035.0,78,1,Priya,India,Punjab,Male,1974-07-10,2025-01-15,Y,65.0,2.0
9291-STEOT,2022-08-13,Paid,2023-08-13,Standard,Annual,,,10.96,954.0,8,0,Aarav,India,Gujarat,Female,1979-07-31,,,,
7614-YIHZZ,2023-10-25,Paid,2024-10-24,Premium,Annual,,,,1521.0,78,0,Aarav,India,Karnataka,Male,2009-06-23,2025-12-04,N,31.0,2.0
1818-JYFUC,2023-08-18,Paid,2023-09-17,Basic,Monthly,2025-09-14,Poor Streaming Quality,,370.0,32,1,Riya,India,Nagaland,Female,2002-10-11,2025-05-23,N,10.0,1.0
1802-UPOWH,2021-10-08,Referral,2021-11-07,Premium,Monthly,,,23.43,1322.0,68,0,Ishita,India,Delhi,Female,2006-12-28,2025-11-01,N,90.0,2.0
5044-PTIQL,2026-07-23,Refferal,2026-08-22,Standard,Monthly,2026-07-29,Poor Streaming Quality,16.06,428.0,66,1,Pooja,India,West Bengal,Female,2010-04-18,,,,
5430-WKRYT,2025-02-06,Organic,2026-02-06,Standard,Annual,,,14.75,694.0,20,0,Vikram,India,Meghalaya,Female,2006-10-14,,,,
9886-PHZQG,2022-01-06,Organic,2022-02-05,Standard,Monthly,,,12.23,932.0,57,0,Rahul,India,Gujarat,Female,1990-11-02,2025-03-12,N,74.0,2.0
3187-GVCTO,2021-02-17,Organic,2022-02-17,Premium,Annual,2024-04-23,Forgot To Cancel Trial,23.24,1272.0,74,1,Riya,India,Gujarat,Male,1984-04-08,2026-05-16,N,71.0,2.0
0756-PTSNI,2023-02-13,Organic,2023-03-15,Premium,Monthly,2023-08-28,Not Enough Content,22.33,1613.0,57,1,Nisha,India,Meghalaya,Male,1981-07-24,2025-04-23,N,50.0,3.0
1658-AJQAZ,2025-02-20,Paid,2026-02-20,Standard,Annual,2025-08-27,Forgot To Cancel Trial,13.41,809.0,81,1,Sanjay,India,Nagaland,Female,1988-08-30,2025-10-09,N,56.0,1.0
5868-HZEYH,2023-12-24,Paid,2024-01-23,Standard,Monthly,2024-08-02,Forgot To Cancel Trial,17.73,905.0,91,1,Sneha,India,Karnataka,Male,1973-01-16,2023-12-16,N,38.0,1.0
3811-LZGZJ,2023-03-20,Organic,2024-03-19,Basic,Annual,2025-02-18,Service Quality,6.62,188.0,85,1,Aarav,India,Punjab,Female,1978-07-22,2023-07-30,N,11.0,3.0
2868-QSIDK,2026-05-31,Organic,2027-05-31,Basic,Annual,2026-06-14,Forgot To Cancel Trial,7.43,595.0,24,1,Sneha,India,Meghalaya,Male,2001-01-24,,,,
5414-BCXAK,2024-11-15,Organic,2024-12-15,Basic,Monthly,,,6.03,615.0,23,0,Pooja,India,Delhi,Male,1996-07-30,,,,
7643-IMCUQ,2022-06-12,Paid,2022-07-12,Basic,Monthly,,,6.9,421.0,46,0,Neha,India,Maharashtra,Female,1977-02-26,2024-12-06,Y,47.0,1.0
8519-WJBJD,2022-01-12,Paid,2023-01-12,Standard,Annual,2023-10-31,Service Quality,16.47,737.0,44,1,Ishita,India,Maharashtra,Male,1986-02-27,2025-01-13,N,73.0,2.0
5343-DXPGX,2021-01-13,Organic,2022-01-13,Standard,Annual,2022-07-21,Poor Streaming Quality,17.76,712.0,62,1,Aarav,India,Punjab,Male,1998-07-03,2025-10-05,N,69.0,1.0
7701-LDIPT,2024-04-28,Paid,2025-04-28,Standard,Annual,,,13.51,878.0,69,0,Aditya,India,Telangana,Male,1995-02-07,2025-03-02,N,13.0,1.0
2636-THGLE,2021-10-14,Paid,2021-11-13,Standard,Monthly,2024-10-09,Poor Support,14.32,742.0,25,1,Arjun,India,Uttar Pradesh,Male,2005-09-16,2025-01-19,N,43.0,2.0
4060-JHUIS,2021-04-30,Organic,2022-04-30,Basic,Annual,,,7.0,643.0,84,0,Kavya,India,Haryana,Male,2002-05-25,2026-06-29,N,69.0,1.0
7208-RHVGH,2022-12-06,Referral,2023-01-05,Standard,Monthly,,,16.61,763.0,46,0,Arjun,India,Maharashtra,Female,1978-05-20,2025-07-27,N,29.0,5.0
8752-ISBPW,2025-12-15,Paid,2026-12-15,Basic,Annual,2026-08-04,Poor Streaming Quality,5.26,443.0,91,1,Nisha,India,Uttar Pradesh,Male,1982-02-25,,,,
7093-PWHJB,2021-04-20,Organic,2021-05-20,Basic,Monthly,2023-04-06,Poor Support,4.99,890.0,14,1,Aditya,India,Delhi,Male,1995-05-03,2025-05-15,Y,81.0,2.0
6990-STTDR,2024-08-18,Paid,2024-09-17,Premium,Monthly,,,21.68,1762.0,89,0,Rohan,India,Gujarat,Male,1986-01-19,2026-05-20,N,16.0,1.0
7638-FMXKT,2024-12-22,Paid,2025-12-22,Basic,Annual,,,5.64,498.0,32,0,Pooja,India,Kerala,Male,1983-11-18,2024-11-23,N,8.0,1.0
5314-RQQUX,2021-02-13,Organic,2022-02-13,Standard,Annual,,,15.23,1176.0,92,0,Ishita,India,Karnataka,Male,2005-10-07,,,,
2973-YQPIK,2024-12-13,Organic,2025-12-13,Standard,Annual,,,12.89,888.0,87,0,Kavya,India,Punjab,Male,1992-08-16,2024-11-18,N,25.0,2.0
6523-JHVKQ,2024-02-20,Organic,2024-03-21,Standard,Monthly,2025-05-05,Poor Support,13.2,865.0,82,1,Aarav,India,Kerala,Male,1999-07-15,2024-11-16,N,26.0,2.0
0335-CWDUX,2023-08-21,Paid,2023-09-20,Standard,Monthly,,,12.26,1230.0,2,0,Priya,India,West Bengal,Male,1980-03-05,2026-02-21,Y,67.0,5.0
4825-WLYGL,2024-09-26,Organic,2025-09-26,Premium,Annual,,,21.84,1262.0,43,0,Vivaan,India,Haryana,Female,1985-07-06,2025-05-30,N,28.0,3.0
3903-UBVAI,2025-10-18,Organic,2026-10-18,Standard,Annual,,,11.0,1189.0,44,0,Kavya,India,West Bengal,Male,1980-06-06,2023-08-10,Y,44.0,1.0
5969-DMZVA,2026-01-12,Refferal,2027-01-12,Standard,Annual,2026-04-18,Too Expensive,13.6,624.0,57,1,Vikram,India,West Bengal,Female,1977-06-07,2026-03-16,N,41.0,5.0
5926-PBQNR,2022-02-23,Refferal,2023-02-23,Basic,Annual,,,6.18,588.0,5,0,Amit,India,West Bengal,Female,1973-07-08,2026-01-25,N,90.0,2.0
2991-GTSEF,2025-08-21,Paid,2025-09-20,Basic,Monthly,,,8.74,407.0,42,0,Kavya,India,Telangana,Female,1980-08-19,2026-06-08,N,24.0,1.0
5872-VFFVS,2021-01-21,Refferal,2021-02-20,Standard,Monthly,,,16.06,726.0,75,0,Pooja,India,Uttar Pradesh,Male,1986-09-23,2025-12-21,N,61.0,1.0
9024-UYEHG,2022-11-16,Paid,2022-12-16,Basic,Monthly,2025-04-05,Service Quality,6.81,293.0,28,1,Aditya,India,Karnataka,Male,1998-03-13,2025-12-05,N,57.0,2.0
0576-URCFE,2025-02-28,Organic,2026-02-28,Basic,Annual,,,5.55,623.0,66,0,Vikram,India,Uttar Pradesh,Female,2007-11-24,2025-06-23,N,13.0,2.0
4043-LHYFO,2024-09-27,Paid,2024-10-27,Premium,Monthly,,,21.79,1807.0,38,0,Rohan,India,Haryana,Female,1971-03-01,2026-05-28,N,81.0,2.0
4392-KVZAM,2025-06-30,Organic,2026-06-30,Premium,Annual,,,26.21,1868.0,3,0,Rohan,India,Tamil Nadu,Male,2008-12-13,2025-12-16,Y,54.0,2.0
1212-LQKII,2023-12-01,Paid,2023-12-31,Basic,Monthly,,,7.22,763.0,89,0,Amit,India,Haryana,Female,2010-08-14,2024-04-29,N,96.0,1.0
3015-IJRCB,2023-05-04,Paid,2023-06-03,Standard,Monthly,,,17.94,409.0,9,0,Neha,India,Meghalaya,Male,1993-02-01,2023-10-04,N,22.0,1.0
5178-RGFQJ,2025-05-25,Organic,2026-05-25,Basic,Annual,2025-06-03,Service Quality,11.04,467.0,25,1,Neha,Nepal,Kathmandu,Male,1980-02-25,2023-09-05,N,30.0,2.0
7366-DDOKS,2022-07-31,Organic,2023-07-31,Standard,Annual,,,14.92,912.0,72,0,Meera,India,Gujarat,Female,1993-04-29,,,,
5072-JEETF,2025-01-29,Organic,2026-01-29,Standard,Annual,,,13.0,117.0,8,0,Pooja,India,Tamil Nadu,Female,1996-02-03,2023-08-08,N,64.0,1.0
5035-VXGCU,2025-05-27,Refferal,2026-05-27,Basic,Annual,,,7.42,195.0,64,0,Kavya,India,Telangana,Female,1978-07-23,2024-07-07,N,93.0,1.0
6879-IPESS,2025-11-01,Organic,2026-11-01,Basic,Annual,,,8.58,50.0,54,0,Neha,India,Kerala,Female,1997-04-30,2023-04-08,Y,82.0,1.0
3010-MIADY,2023-03-09,Organic,2023-04-08,Standard,Monthly,,,15.35,947.0,45,0,Arjun,India,Tamil Nadu,Female,1979-10-24,2025-10-23,N,23.0,2.0
4572-DBJZK,2022-12-21,Organic,2023-12-21,Standard,Annual,,,18.34,726.0,3,0,Meera,India,Uttar Pradesh,Female,1987-10-21,2025-10-22,N,15.0,1.0
9993-MTUAA,2022-02-09,Referral,2022-03-11,Basic,Monthly,2024-08-31,Too Expensive,11.3,463.0,58,1,Sanjay,India,Telangana,Male,1979-12-14,,,,
9225-YDQYY,2022-05-21,Organic,2023-05-21,Basic,Annual,,,4.99,81.0,78,0,Rohan,India,West Bengal,Female,1977-07-12,2026-07-19,N,58.0,1.0
2980-VQYDP,2023-12-29,Organic,2024-12-28,Standard,Annual,2024-09-27,Poor Support,17.74,562.0,73,1,Sanjay,India,Rajasthan,Male,2004-06-27,2026-05-19,Y,27.0,1.0
0268-JALVR,2023-03-27,Organic,2023-04-26,Basic,Monthly,2026-06-27,Forgot To Cancel Trial,6.7,273.0,77,1,Aditya,India,Karnataka,Male,1992-07-22,2024-08-19,N,60.0,1.0
3184-LJTGC,2026-04-09,Organic,2026-05-09,Standard,Monthly,2026-05-07,Switched To Competitor,11.45,733.0,77,1,Sanjay,Nepal,Kathmandu,Female,1980-11-16,2023-12-28,N,45.0,1.0
5078-VMFBY,2023-06-14,Organic,2024-06-13,Standard,Annual,,,,1095.0,12,0,Kavya,India,Uttar Pradesh,Male,1985-12-22,2025-01-27,Y,61.0,2.0
7612-EBDJV,2025-05-20,Organic,2026-05-20,Standard,Annual,,,14.6,348.0,96,0,Priya,India,Gujarat,Male,1988-11-26,2025-04-16,N,69.0,3.0
1618-VATHY,2025-09-12,Paid,2025-10-12,Standard,Monthly,,,12.74,781.0,8,0,Meera,India,Gujarat,Female,1995-06-14,2025-01-30,N,97.0,1.0
4770-HGVKJ,2023-04-21,Paid,2023-05-21,Standard,Monthly,2024-01-09,Poor Support,13.53,1022.0,5,1,Aditya,India,Meghalaya,Female,1973-04-15,2024-02-17,N,61.0,1.0
7362-NRLBA,2024-11-22,Organic,2024-12-22,Basic,Monthly,2025-02-26,Service Quality,5.49,407.0,48,1,Pooja,India,Uttar Pradesh,Female,2009-01-10,2024-08-14,N,14.0,2.0
0414-ONTXE,2024-05-30,Paid,2025-05-30,Standard,Annual,,,11.28,1108.0,71,0,Riya,India,Haryana,Female,2003-07-28,2025-10-26,N,71.0,2.0
9572-YQNEE,2022-03-07,Referral,2022-04-06,Premium,Monthly,2022-06-17,Poor Support,22.99,1676.0,14,1,Meera,India,Maharashtra,Male,1973-02-11,2024-11-19,Y,96.0,2.0
0210-QLEDB,2023-12-16,Paid,2024-12-15,Standard,Annual,,,12.79,670.0,25,0,Aditya,India,Delhi,Female,1976-02-10,2024-03-10,N,76.0,3.0
6417-RQCBC,2025-02-01,Paid,2026-02-01,Standard,Annual,,,14.59,601.0,70,0,Nisha,India,Rajasthan,Male,2010-06-03,2023-11-10,N,58.0,1.0
7521-THBIV,2021-01-04,Organic,2021-02-03,Standard,Monthly,,,19.74,1284.0,64,0,Ishita,India,Gujarat,Female,1999-11-03,,,,
1454-UMDYN,2024-12-29,Paid,2025-12-29,Standard,Annual,,,15.83,781.0,43,0,Amit,India,Meghalaya,Male,1971-10-11,2025-11-29,Y,47.0,1.0
6722-CJQQB,2022-08-26,Organic,2023-08-26,Standard,Annual,,,13.52,1113.0,87,0,Kavya,India,West Bengal,Female,1981-01-27,2025-03-07,N,78.0,1.0
6051-YUFXR,2021-07-21,Organic,2021-08-20,Standard,Monthly,,,14.47,1341.0,8,0,Sanjay,India,Kerala,Male,1976-07-15,2025-09-24,N,44.0,2.0
0592-DXFCL,2024-11-20,Paid,2024-12-20,Premium,Monthly,,,26.67,1384.0,22,0,Vivaan,India,Gujarat,Female,1977-10-24,2024-03-08,Y,28.0,2.0
5266-ORZTA,2025-09-18,Paid,2025-10-18,Standard,Monthly,,,15.18,929.0,63,0,Neha,India,West Bengal,Female,2005-12-09,2025-03-17,Y,88.0,3.0
0907-AKJYJ,2022-03-07,Organic,2023-03-07,Basic,Annual,,,5.47,162.0,68,0,Meera,India,Punjab,Female,2009-06-03,2025-02-28,N,98.0,2.0
0329-WGXUW,2023-01-11,Paid,2023-02-10,Standard,Monthly,,,10.5,1223.0,39,0,Rahul,India,Uttar Pradesh,Male,2006-12-04,2025-02-21,N,100.0,2.0
8200-DQKQT,2024-07-17,Organic,2025-07-17,Basic,Annual,2025-05-17,Forgot To Cancel Trial,5.72,388.0,64,1,Vivaan,India,West Bengal,Male,1998-11-15,2026-07-12,Y,38.0,1.0
5021-IXRXG,2026-03-24,Paid,2027-03-24,Premium,Annual,2026-06-03,Poor Streaming Quality,23.91,1668.0,35,1,Sanjay,India,Gujarat,Male,2003-01-11,2024-06-06,Y,10.0,1.0
8385-ILWJG,2021-11-24,Refferal,2022-11-24,Premium,Annual,,,20.99,1343.0,62,0,Karan,India,Delhi,Female,1975-10-19,2025-07-30,N,35.0,1.0
9156-ZIHFA,2022-11-14,Organic,2022-12-14,Basic,Monthly,,,9.86,576.0,53,0,Nisha,India,Nagaland,Male,1975-12-19,2025-06-03,Y,91.0,3.0
5539-GWEQN,2025-09-25,Organic,2025-10-25,Standard,Monthly,,,17.3,,96,0,Sanjay,India,Nagaland,Female,2008-04-06,2026-04-28,Y,49.0,1.0
6127-CMQIW,2021-03-14,Refferal,2022-03-14,Standard,Annual,,,13.18,1059.0,55,0,Ishita,India,Kerala,Female,1974-08-03,2025-01-09,Y,91.0,1.0
5306-JAEMK,2022-09-04,Organic,2023-09-04,Basic,Annual,2022-12-14,Poor Support,7.84,94.0,21,1,Aditya,India,Nagaland,Male,1991-12-21,2024-04-11,N,26.0,2.0
8717-UEPLC,2022-02-02,Referral,2023-02-02,Basic,Annual,,,12.14,464.0,47,0,Meera,India,Rajasthan,Female,1995-07-13,2026-01-07,Y,19.0,2.0
6666-NCMTI,2023-09-11,Organic,2024-09-10,Basic,Annual,,,5.4,717.0,47,0,Pooja,India,Uttar Pradesh,Male,2011-01-08,2025-03-23,N,55.0,1.0
3583-CFZQE,2025-09-27,Organic,2025-10-27,Basic,Monthly,,,8.08,507.0,59,0,Priya,India,West Bengal,Female,1981-05-07,2026-01-14,N,47.0,2.0
4839-FLDQO,2022-07-30,Referral,2022-08-29,Standard,Monthly,2025-03-12,Poor Streaming Quality,14.5,1042.0,93,1,Sanjay,Nepal,Kathmandu,Female,2001-04-18,2025-03-09,Y,46.0,1.0
6342-LHGFL,2023-09-27,Paid,2024-09-26,Basic,Annual,2025-11-02,Forgot To Cancel Trial,7.3,268.0,99,1,Ananya,India,Uttar Pradesh,Male,1978-03-22,2025-02-12,Y,58.0,2.0
4527-RBHWX,2022-04-27,Paid,2023-04-27,Basic,Annual,2024-01-01,Not Enough Content,4.99,532.0,57,1,Sneha,India,Punjab,Male,1983-01-21,2023-02-23,Y,81.0,1.0
9309-HDFDY,2023-09-25,Organic,2024-09-24,,Annual,2023-10-20,Forgot To Cancel Trial,14.83,342.0,55,1,Ananya,Nepal,Kathmandu,Male,1986-09-08,2023-05-03,N,7.0,2.0
8835-VSIMV,2021-01-04,Organic,2021-02-03,Standard,Monthly,,,15.32,1455.0,95,0,Aditya,India,Kerala,Female,2006-08-09,2024-03-02,Y,80.0,1.0
8147-NVJKV,2021-08-10,Organic,2022-08-10,Standard,Annual,,,14.23,576.0,45,0,Aarav,India,Uttar Pradesh,Male,1976-10-13,2025-03-26,N,20.0,2.0
3778-TLHFP,2023-09-11,Organic,2023-10-11,Standard,Monthly,,,14.08,1063.0,27,0,Vivaan,India,Meghalaya,Male,2011-01-08,2023-09-23,Y,84.0,1.0
4808-JTACZ,2021-03-19,Paid,2021-04-18,Premium,Monthly,,,20.07,1506.0,48,0,Rohan,India,Karnataka,Male,1988-11-17,,,,
6642-OAPLP,2024-09-17,Organic,2025-09-17,Standard,Annual,2026-03-25,Poor Streaming Quality,14.64,885.0,6,1,Aarav,India,Karnataka,Male,1996-09-30,,,,
0432-OPHBZ,2022-12-24,Refferal,2023-12-24,Premium,Annual,,,23.7,1719.0,36,0,Riya,India,Maharashtra,Male,1989-10-16,2025-09-08,Y,59.0,2.0
7100-QTRDL,2024-12-14,Paid,2025-01-13,Standard,Monthly,,,12.64,453.0,29,0,Ishita,India,Meghalaya,Female,1987-02-11,2024-06-27,Y,37.0,2.0
8888-HZBIJ,2024-08-16,Organic,2024-09-15,Standard,Monthly,,,16.48,887.0,65,0,Aditya,India,West Bengal,Female,2006-10-22,,,,
6182-EFRHW,2022-09-07,Paid,2022-10-07,Standard,Monthly,,,14.23,331.0,27,0,Aarav,India,Delhi,Male,1990-02-22,2023-08-10,N,47.0,1.0
8704-HOIIR,2023-04-08,Organic,2024-04-07,Standard,Annual,,,14.58,730.0,64,0,Aditya,India,Uttar Pradesh,Male,2001-05-10,2025-11-14,Y,83.0,1.0
2947-DGYGJ,2021-12-06,Refferal,2022-12-06,Standard,Annual,,,12.31,632.0,62,0,Rohan,India,Punjab,Female,1997-03-30,2026-05-09,N,87.0,2.0
6296-CGEYY,2024-11-25,Paid,2024-12-25,Standard,Monthly,2025-05-28,Too Expensive,12.53,379.0,68,1,Amit,India,Telangana,Female,1989-09-07,2024-01-24,Y,68.0,1.0
7562-GQRWE,2024-11-15,Organic,2024-12-15,Standard,Monthly,,,16.38,665.0,53,0,Sneha,Nepal,Kathmandu,Female,2010-07-10,2026-01-31,N,80.0,1.0
7368-FOWBD,2024-06-09,Paid,2024-07-09,Basic,Monthly,2026-07-26,Not Enough Content,5.85,462.0,49,1,Meera,India,Kerala,Male,1999-03-21,2026-05-20,N,32.0,2.0
8134-ARNJW,2022-10-20,Organic,2022-11-19,Premium,Monthly,2024-05-21,Poor Streaming Quality,24.83,1588.0,95,1,Vikram,India,Nagaland,Female,1975-03-06,2024-05-17,N,84.0,2.0
8492-IADCZ,2023-07-30,Referral,2023-08-29,Premium,Monthly,,,22.72,1866.0,10,0,Aditya,Nepal,Kathmandu,Male,2004-03-03,2026-03-09,N,17.0,1.0
5977-RGWST,2022-02-23,Paid,2023-02-23,Standard,Annual,2023-08-02,Switched To Competitor,16.18,763.0,40,1,Neha,India,Maharashtra,Female,1988-11-26,2026-07-12,Y,19.0,5.0
4694-SOJPI,2025-06-11,Organic,2025-07-11,Standard,Monthly,2026-03-07,Too Expensive,16.15,979.0,22,1,Meera,India,Tamil Nadu,Male,1982-02-05,2026-03-26,Y,48.0,4.0
9528-STSLY,2026-04-01,,2027-04-01,Standard,Annual,,,13.23,988.0,36,0,Vivaan,India,West Bengal,Female,1977-12-22,2026-05-27,N,48.0,2.0
2097-OBHOM,2026-03-18,Paid,2027-03-18,Premium,Annual,,,25.1,1421.0,69,0,Rahul,India,Maharashtra,Female,1975-03-04,2025-11-03,N,78.0,2.0
9412-PKLPU,2025-09-04,Organic,2025-10-04,Basic,Monthly,2026-07-31,Poor Support,5.32,280.0,95,1,Nisha,India,Uttar Pradesh,Male,1978-06-04,2024-11-13,N,14.0,2.0
2782-POAXO,2021-05-29,Refferal,2021-06-28,Standard,Monthly,2026-02-05,Switched To Competitor,14.9,838.0,9,1,Kavya,India,Nagaland,Male,2002-07-31,2026-06-15,Y,33.0,1.0
2438-QRXAK,2023-03-30,Paid,2023-04-29,Standard,Monthly,,,11.72,779.0,70,0,Aditya,India,Rajasthan,Male,1980-06-15,2024-10-04,Y,96.0,3.0
1821-ONMZN,2024-07-06,Paid,2025-07-06,Premium,Annual,,,22.34,1389.0,87,0,Kavya,India,West Bengal,Female,1982-11-27,2026-06-25,Y,29.0,2.0
4123-BHXLX,2022-05-11,Organic,2023-05-11,Standard,Annual,2022-07-08,Too Expensive,15.16,656.0,86,1,Pooja,India,Gujarat,Male,1984-10-07,2023-09-02,Y,83.0,1.0
5336-OLOBB,2024-08-25,Organic,2024-09-24,Standard,Monthly,2024-12-03,Poor Support,14.94,195.0,75,1,Vikram,India,Uttar Pradesh,Female,1978-10-20,,,,
4769-POLHS,2024-09-19,Organic,2025-09-19,Premium,Annual,,,21.99,1478.0,19,0,Ishita,India,Rajasthan,Female,2003-12-22,,,,
6055-BLSUH,2023-12-26,Refferal,2024-12-25,Standard,Annual,,,12.1,930.0,27,0,Vikram,India,Gujarat,Female,2003-04-21,2026-07-01,Y,76.0,2.0
9250-QLQWF,2022-06-19,Organic,2022-07-19,Standard,Monthly,2026-08-18,Not Enough Content,14.96,939.0,34,1,Priya,India,Nagaland,Female,2009-11-05,2026-07-19,N,37.0,1.0
1523-LCVZP,2024-10-18,Refferal,2024-11-17,Basic,Monthly,2026-01-10,Forgot To Cancel Trial,7.65,335.0,17,1,Kavya,India,Uttar Pradesh,Female,1990-08-25,2024-08-13,N,29.0,2.0
9798-BQLHI,2025-12-10,Paid,2026-01-09,Premium,Monthly,,,23.83,1816.0,47,0,Meera,India,Telangana,Male,1992-07-20,2025-04-07,N,68.0,4.0
5462-QEPYA,2025-09-10,Organic,2025-10-10,Standard,Monthly,,,18.93,872.0,60,0,Rahul,India,Nagaland,Female,1999-08-14,,,,
8785-PITQT,2022-11-27,Paid,2022-12-27,Premium,Monthly,,,22.13,1310.0,98,0,Ananya,India,Rajasthan,Male,2004-07-22,2026-04-21,N,52.0,3.0
0834-BQHGK,2022-01-23,,2023-01-23,Basic,Annual,2024-07-09,Poor Streaming Quality,10.33,371.0,63,1,Vikram,India,Telangana,Male,1988-04-24,2024-08-06,N,68.0,1.0
7258-EZKDB,2025-07-07,Paid,2025-08-06,Basic,Monthly,,,4.99,126.0,82,0,Neha,India,Kerala,Male,1992-07-15,2024-07-02,N,12.0,1.0
8575-CKRNG,2021-07-24,Refferal,2022-07-24,Premium,Annual,,,21.4,1695.0,94,0,Ananya,India,Punjab,Male,1983-02-22,2024-12-21,Y,67.0,2.0
1100-SMBEO,2022-04-26,Paid,2023-04-26,Standard,Annual,,,15.5,922.0,5,0,Vivaan,India,Uttar Pradesh,Female,1994-01-06,2026-01-12,N,100.0,5.0
1703-KDUQU,2025-11-15,Organic,2026-11-15,Standard,Annual,,,17.58,587.0,81,0,Sanjay,India,Uttar Pradesh,Female,2004-12-25,2023-08-17,Y,86.0,1.0
0547-JGQVF,2022-01-30,Referral,2022-03-01,Standard,Monthly,,,14.71,1065.0,8,0,Nisha,India,Gujarat,Male,1989-10-19,2026-01-23,N,25.0,1.0
7702-PVCZL,2024-09-09,Organic,2024-10-09,Standard,Monthly,,,11.67,548.0,92,0,Sneha,India,Gujarat,Female,1973-01-28,,,,
2817-EZWDL,2024-08-22,Refferal,2025-08-22,Basic,Annual,,,6.86,361.0,51,0,Aarav,India,Punjab,Male,2003-03-19,2025-01-28,N,82.0,1.0
7341-PEJJH,2025-02-03,Organic,2026-02-03,Basic,Annual,,,5.81,20.0,21,0,Ishita,India,Kerala,Male,1986-10-28,2025-02-15,N,79.0,2.0
9606-FSXUU,2025-01-11,Paid,2025-02-10,Standard,Monthly,,,13.88,910.0,26,0,Karan,India,Kerala,Male,2010-06-10,,,,
1608-DUTTK,2023-01-07,Paid,2023-02-06,Basic,Monthly,,,8.45,534.0,22,0,Sanjay,India,Rajasthan,Male,2008-02-02,2025-08-23,N,5.0,1.0
5245-AHNDD,2025-04-15,Organic,2025-05-15,Basic,Monthly,,,7.95,294.0,4,0,Ishita,India,Punjab,Male,1979-01-03,2024-01-16,N,90.0,2.0
0475-FZSYG,2024-02-29,Paid,2024-03-30,Premium,Monthly,,,22.86,1167.0,52,0,Rahul,India,Meghalaya,Male,2001-03-17,2025-12-05,Y,14.0,2.0
5997-XJRSV,2023-11-09,Organic,2024-11-08,Standard,Annual,,,15.57,838.0,7,0,Rohan,India,Gujarat,Male,1978-09-08,,,,
9694-PPWRJ,2021-12-29,Paid,2022-01-28,Standard,Monthly,,,14.4,722.0,88,0,Sanjay,India,Delhi,Male,2000-12-30,,,,
6309-OFNQX,2024-06-29,Paid,2024-07-29,Basic,Monthly,,,4.99,377.0,53,0,Aarav,India,Rajasthan,Male,2010-02-18,2024-05-20,N,78.0,1.0
5814-EZPHT,2021-05-27,Organic,2021-06-26,Standard,Monthly,2026-05-15,Poor Support,12.43,1084.0,21,1,Neha,India,Kerala,Female,2007-01-12,2026-02-02,N,94.0,1.0
3861-JVWNJ,2021-04-24,Organic,2022-04-24,Standard,Annual,2021-06-19,Poor Support,11.72,684.0,83,1,Karan,India,Uttar Pradesh,Male,1998-11-30,2025-12-26,N,100.0,2.0
8635-ETPWK,2022-03-28,Referral,2023-03-28,Standard,Annual,,,17.96,355.0,14,0,Meera,India,Meghalaya,Female,1972-02-16,2024-11-15,N,54.0,4.0
8323-ATBQF,2023-04-18,Paid,2024-04-17,Standard,Annual,,,17.95,656.0,82,0,Aditya,India,Meghalaya,Male,2002-01-06,2026-04-29,Y,7.0,4.0
9634-UCXGO,2024-07-01,Paid,2024-07-31,Standard,Monthly,,,15.48,964.0,43,0,Vivaan,Nepal,Kathmandu,Female,2010-04-19,2023-11-21,Y,87.0,1.0
0874-CGNOW,2023-01-24,Organic,2023-02-23,Basic,Monthly,2023-06-02,Forgot To Cancel Trial,9.36,156.0,38,1,Amit,India,Delhi,Male,2002-09-26,2026-05-03,Y,55.0,2.0
1671-TAHED,2026-07-01,Organic,2026-07-31,Basic,Monthly,,,5.95,723.0,67,0,Meera,India,Rajasthan,Female,1982-01-04,2023-03-15,Y,14.0,1.0
5854-XRWPB,2024-12-26,Paid,2025-01-25,Standard,Monthly,2025-12-18,Service Quality,16.34,856.0,28,1,Rahul,India,Uttar Pradesh,Male,1983-07-14,2025-04-13,N,96.0,1.0
3475-VBCVB,2022-06-27,Refferal,2023-06-27,Basic,Annual,2025-08-06,Not Enough Content,10.11,207.0,54,1,Sneha,India,West Bengal,Male,1983-08-10,2026-05-14,N,61.0,2.0
9594-TRNCK,2025-05-28,Paid,2025-06-27,,Monthly,2025-09-04,Service Quality,4.99,343.0,77,1,Neha,India,Punjab,Female,1995-09-09,2023-06-16,Y,34.0,1.0
8081-XLVUB,2021-07-05,Paid,2022-07-05,Basic,Annual,2024-05-26,Service Quality,4.99,120.0,12,1,Aarav,India,Meghalaya,Male,1971-01-23,2025-04-04,Y,58.0,3.0
6210-QOUXO,2025-11-29,Paid,2025-12-29,Premium,Monthly,2026-03-22,Switched To Competitor,23.46,1625.0,45,1,Ananya,India,Rajasthan,Male,1974-11-15,2025-02-02,N,94.0,1.0
3219-ZZRQC,2022-03-19,Paid,2022-04-18,Standard,Monthly,2025-12-03,Too Expensive,15.54,904.0,29,1,Aditya,India,Rajasthan,Female,1995-11-25,,,,
4030-FNVFZ,2025-05-12,Referral,2026-05-12,Standard,Annual,,,12.78,758.0,99,0,Rahul,India,Maharashtra,Female,1998-08-10,2025-02-24,Y,8.0,5.0
1316-CZCTT,2023-10-26,Organic,2023-11-25,Standard,Monthly,,,14.13,447.0,61,0,Amit,India,Rajasthan,Male,1970-04-11,2026-07-09,Y,83.0,5.0
3316-BIBRX,2024-07-24,Referral,2024-08-23,Standard,Monthly,,,15.49,237.0,54,0,Aarav,India,Nagaland,Male,1974-07-28,,,,
9969-UUWUQ,2021-09-07,Organic,2021-10-07,Basic,Monthly,,,10.0,656.0,95,0,Vivaan,India,Meghalaya,Female,1970-10-26,2023-10-27,N,38.0,2.0
9961-IKXIH,2022-03-21,Organic,2023-03-21,Standard,Annual,2022-12-28,Forgot To Cancel Trial,16.86,1118.0,51,1,Riya,India,Delhi,Male,2010-04-12,2024-11-12,Y,83.0,2.0
1541-HPXDR,2025-05-17,Organic,2026-05-17,Standard,Annual,,,12.03,851.0,45,0,Aditya,India,Tamil Nadu,Female,1987-09-13,2026-01-10,N,30.0,1.0
7668-XTEMY,2024-03-03,Organic,2025-03-03,Standard,Annual,2026-05-02,Forgot To Cancel Trial,14.28,696.0,58,1,Pooja,India,Karnataka,Female,1996-04-27,2026-03-25,Y,14.0,2.0
9085-PZRBX,2022-12-26,Organic,2023-12-26,Basic,Annual,,,4.99,774.0,15,0,Sneha,India,Kerala,Male,2004-04-24,2025-09-18,N,95.0,2.0
1701-JGSAQ,2025-04-04,Organic,2026-04-04,Basic,Annual,,,4.99,395.0,61,0,Sneha,India,Meghalaya,Male,2003-05-29,2025-07-01,N,65.0,1.0
8646-UHXJR,2022-08-12,Organic,2022-09-11,Premium,Monthly,,,22.06,1376.0,100,0,Ananya,India,Maharashtra,Female,1986-09-26,2023-05-05,N,17.0,1.0
5078-BAEYY,2025-03-09,Organic,2025-04-08,Basic,Monthly,,,5.65,184.0,19,0,Sneha,India,Karnataka,Male,1973-08-06,,,,
4114-ZBZGA,2024-11-20,Organic,2025-11-20,Basic,Annual,,,7.61,246.0,24,0,Priya,India,Delhi,Female,1997-05-28,2025-08-13,Y,86.0,1.0
7583-JHTIT,2022-02-15,Organic,2022-03-17,Basic,Monthly,,,9.91,808.0,41,0,Vivaan,India,Nagaland,Female,1990-04-12,2026-03-18,N,25.0,1.0
1971-CIPFD,2021-11-21,Refferal,2022-11-21,Basic,Annual,,,6.69,228.0,40,0,Ananya,India,Gujarat,Female,1974-08-07,,,,
7496-MLGAB,2021-09-22,Paid,2021-10-22,Basic,Monthly,2021-12-25,Poor Support,8.94,31.0,13,1,Sanjay,India,Karnataka,Male,2003-07-15,2025-07-26,N,77.0,2.0
6821-CGXIT,2023-06-09,Organic,2024-06-08,Standard,Annual,2025-02-17,Poor Support,14.46,934.0,80,1,Sneha,India,Delhi,Male,1981-02-19,2024-03-18,N,26.0,1.0
3448-YVMRK,2021-01-28,Organic,2021-02-27,Basic,Monthly,,,5.42,118.0,15,0,Vivaan,India,Maharashtra,Female,1986-10-29,2025-11-15,N,58.0,1.0
9444-JVQQJ,2025-03-17,Paid,2026-03-17,Premium,Annual,,,20.36,1582.0,27,0,Sneha,Nepal,Kathmandu,Male,1990-12-12,2025-04-11,Y,93.0,1.0
8331-TVUEW,2025-04-23,Organic,2026-04-23,,Annual,,,15.53,957.0,58,0,Nisha,India,Tamil Nadu,Male,1993-12-10,2023-06-14,N,25.0,1.0
8421-GZNIF,2021-06-08,Organic,2021-07-08,Standard,Monthly,2026-01-17,Not Enough Content,15.43,1146.0,86,1,Vivaan,India,Uttar Pradesh,Female,1977-04-03,,,,
3662-ARSRO,2023-05-15,Organic,2023-06-14,Standard,Monthly,2024-09-09,Poor Support,13.73,997.0,94,1,Pooja,India,Tamil Nadu,Male,1985-07-14,2026-05-31,N,34.0,1.0
3642-SWCJZ,2024-03-09,Paid,2025-03-09,Basic,Annual,,,8.7,104.0,48,0,Sanjay,India,Punjab,Male,1985-03-24,,,,
8622-ZEMDW,2021-01-05,Referral,2021-02-04,Premium,Monthly,2025-04-18,Switched To Competitor,23.18,1482.0,92,1,Sanjay,India,Telangana,Male,1996-06-06,,,,
5199-GCTVW,2025-02-12,Paid,2025-03-14,Standard,Monthly,2025-11-17,Service Quality,14.14,697.0,97,1,Priya,India,Haryana,Male,1988-12-01,2024-04-05,Y,13.0,2.0
9713-VUVZM,2026-05-03,Organic,2027-05-03,Standard,Annual,,,12.11,558.0,30,0,Aditya,India,Punjab,Female,1991-10-11,2025-06-28,Y,85.0,1.0
7590-VDRID,2022-06-12,Organic,2022-07-12,,Monthly,,,10.94,222.0,37,0,Ananya,India,Meghalaya,Male,1979-01-25,2025-07-01,N,31.0,2.0
1723-CXUCQ,2023-06-02,Refferal,2023-07-02,Premium,Monthly,,,23.23,1411.0,21,0,Sanjay,India,Gujarat,Male,2003-03-21,2024-09-22,N,38.0,2.0
6611-NPXNR,2025-11-30,Referral,2025-12-30,Premium,Monthly,,,24.26,971.0,82,0,Rohan,India,Telangana,Male,2005-12-28,2026-03-21,N,58.0,5.0
5720-KXKUP,2024-03-26,Paid,2024-04-25,Standard,Monthly,,,11.46,761.0,70,0,Rohan,India,Meghalaya,Male,1996-11-05,,,,
6856-TTOQN,2021-09-16,Organic,2021-10-16,Standard,Monthly,2023-02-12,Forgot To Cancel Trial,14.18,379.0,32,1,Vikram,India,Haryana,Male,1998-10-13,2024-05-23,Y,73.0,3.0
3406-SWSUV,2022-07-16,Paid,2022-08-15,Standard,Monthly,2025-04-11,Not Enough Content,11.54,1109.0,93,1,Rohan,India,Tamil Nadu,Male,1999-10-20,2026-01-16,N,32.0,1.0
3688-BITVN,2025-11-17,Organic,2025-12-17,Standard,Monthly,2026-02-15,Switched To Competitor,12.7,575.0,59,1,Riya,India,Tamil Nadu,Male,1973-02-03,,,,
7790-BQRNS,2022-02-12,Referral,2023-02-12,Basic,Annual,2022-08-17,Poor Streaming Quality,6.58,533.0,31,1,Neha,India,Gujarat,Male,1996-07-23,2024-05-31,N,73.0,2.0
4926-NPUGH,2021-07-07,Organic,2022-07-07,,,,,,953.0,49,0,Riya,India,Meghalaya,Female,1984-01-25,2025-05-17,N,38.0,3.0
4201-FIJIK,2024-11-18,Paid,2024-12-18,Basic,Monthly,2025-12-03,Poor Support,7.21,690.0,29,1,Pooja,India,Uttar Pradesh,Female,1980-05-19,,,,
5059-SHVMS,2022-01-13,Paid,2023-01-13,Basic,Annual,2025-08-29,Service Quality,6.04,149.0,88,1,Neha,India,Tamil Nadu,Male,2006-09-24,2025-08-05,Y,30.0,1.0
1169-ELJME,2022-12-25,Organic,2023-12-25,Basic,Annual,,,6.06,144.0,43,0,Kavya,India,Tamil Nadu,Male,2008-01-02,2026-05-24,N,19.0,1.0
4748-RSGIN,2022-12-25,Organic,2023-01-24,Basic,Monthly,2023-12-01,Poor Support,9.26,470.0,81,1,Neha,India,Haryana,Female,1987-06-18,2025-02-09,N,38.0,1.0
5190-UKRWH,2023-11-28,Organic,2023-12-28,,Monthly,2026-06-16,Switched To Competitor,15.04,1115.0,34,1,Vivaan,India,Rajasthan,Female,2010-05-10,2026-06-28,N,68.0,2.0
8233-IIQQO,2025-02-26,Paid,2026-02-26,Standard,Annual,,,15.93,844.0,36,0,Kavya,India,Nagaland,Female,1997-09-23,2024-12-12,N,27.0,2.0
2330-CXWXN,2023-11-17,Organic,2023-12-17,Standard,Monthly,,,10.73,1260.0,14,0,Aarav,India,Rajasthan,Male,1995-02-11,2025-06-22,N,27.0,2.0
8847-MBFHJ,2022-05-03,Organic,2022-06-02,Standard,Monthly,,,15.58,358.0,4,0,Aarav,India,West Bengal,Male,1991-04-10,2025-08-16,N,9.0,1.0
9391-IPHQO,2025-10-25,Organic,2026-10-25,Standard,Annual,2025-11-20,Service Quality,17.23,1304.0,14,1,Neha,India,Gujarat,Female,2000-07-16,2024-12-03,N,79.0,2.0
1524-MCXSY,2024-10-28,Refferal,2024-11-27,Standard,Monthly,2025-08-02,Poor Support,13.48,393.0,17,1,Vikram,India,Maharashtra,Female,1987-09-11,2025-06-29,N,29.0,2.0
8758-FSCYU,2024-08-29,Referral,2024-09-28,Premium,Monthly,2025-04-21,Forgot To Cancel Trial,23.37,1338.0,51,1,Aditya,India,Uttar Pradesh,Female,1992-11-23,2024-08-17,N,73.0,2.0
6811-ZWWCA,2025-12-27,Referral,2026-01-26,Premium,Monthly,,,21.23,1302.0,9,0,Nisha,India,Haryana,Male,1988-07-26,2023-11-03,N,66.0,2.0
9611-GLBQV,2023-10-16,Paid,2024-10-15,Premium,Annual,2025-08-09,Switched To Competitor,24.27,1389.0,17,1,Neha,India,Punjab,Female,1975-06-18,2024-06-24,N,38.0,2.0
8420-PRNLO,2025-05-28,Paid,2026-05-28,Premium,Annual,,,24.68,1836.0,25,0,Vivaan,India,Telangana,Female,1997-01-23,2025-12-27,N,63.0,3.0
9359-GMPOA,2024-08-27,Organic,2024-09-26,Basic,Monthly,,,7.97,412.0,33,0,Amit,India,Kerala,Male,2004-09-27,2026-01-01,N,20.0,2.0
2890-QSTZR,2021-03-07,Organic,2021-04-06,Standard,Monthly,,,13.6,464.0,21,0,Rahul,India,Maharashtra,Male,2005-12-09,2026-02-22,N,67.0,1.0
5806-IJVMS,2021-06-21,Organic,2022-06-21,Standard,Annual,,,13.16,943.0,78,0,Meera,India,West Bengal,Female,1982-06-16,2025-09-15,N,33.0,2.0
1262-DFFPQ,2023-03-24,Refferal,2024-03-23,Premium,Annual,,,24.83,1058.0,64,0,Priya,India,Punjab,Female,1970-03-25,2024-12-25,N,31.0,1.0
5589-HODME,2026-03-21,Paid,2027-03-21,Basic,Annual,2026-06-05,Poor Support,7.74,224.0,52,1,Ishita,India,Delhi,Male,2001-04-26,2025-05-27,N,81.0,3.0
0789-ECMOP,2025-07-06,Organic,2025-08-05,Standard,Monthly,,,12.45,520.0,40,0,Priya,India,Telangana,Male,1975-05-18,2024-07-06,N,31.0,2.0
4410-EASZH,2026-04-06,Paid,2026-05-06,Basic,Monthly,2026-07-01,Poor Support,8.88,283.0,67,1,Karan,India,Haryana,Male,1990-11-03,2026-05-02,Y,48.0,3.0
2065-IFFMU,2023-02-05,Organic,2023-03-07,Standard,Monthly,,,13.29,1078.0,87,0,Rahul,Nepal,Kathmandu,Male,1982-07-10,2024-06-29,N,40.0,2.0
7129-YJMJB,2021-05-09,Paid,2022-05-09,Basic,Annual,,,6.41,482.0,33,0,Meera,India,Punjab,Male,2003-06-10,2026-05-06,N,48.0,5.0
3899-GMETV,2021-02-02,Paid,2021-03-04,Standard,Monthly,2021-04-08,Poor Support,13.96,618.0,70,1,Rohan,India,Tamil Nadu,Female,1976-07-30,,,,
9608-CDZWP,2022-04-09,Refferal,2022-05-09,Basic,Monthly,2026-07-06,Poor Support,5.7,282.0,88,1,Nisha,India,Delhi,Female,1972-03-10,2023-05-07,N,7.0,1.0
3231-NNWNA,2026-02-12,Referral,2027-02-12,Standard,Annual,,,14.75,,56,0,Kavya,India,Maharashtra,Male,1980-01-24,2026-02-25,Y,37.0,3.0
7002-UHDDV,2023-02-25,Refferal,2024-02-25,Standard,Annual,,,12.78,758.0,19,0,Rohan,India,Nagaland,Male,2003-01-11,,,,
4488-NYBFV,2022-05-04,Organic,2023-05-04,Standard,Annual,,,16.4,545.0,6,0,Riya,India,Nagaland,Male,2005-11-04,2023-12-25,Y,66.0,1.0
5411-ASDUU,2024-01-23,Paid,2024-02-22,Standard,Monthly,,,13.91,568.0,8,0,Amit,Nepal,Kathmandu,Female,1972-05-28,2025-02-14,Y,56.0,4.0
8247-MGWOQ,2025-03-24,Refferal,2025-04-23,Basic,Monthly,2026-07-13,Too Expensive,4.99,48.0,79,1,Priya,India,Nagaland,Female,1989-01-29,2025-03-30,N,54.0,2.0
1385-QPHTD,2023-03-30,Organic,2024-03-29,Standard,Annual,,,12.67,819.0,37,0,Aarav,India,Haryana,Male,1997-07-08,2026-07-20,Y,72.0,2.0
7199-YOCON,2026-01-27,Referral,2026-02-26,Basic,Monthly,,,9.51,754.0,67,0,Ishita,India,Maharashtra,Female,1978-11-09,,,,
5532-HQGOP,2022-03-26,Organic,2022-04-25,Standard,Monthly,,,10.76,1218.0,43,0,Aarav,India,Telangana,Female,1991-11-21,,,,
6466-UWUUW,2021-06-08,Paid,2021-07-08,Standard,Monthly,,,15.84,975.0,48,0,Pooja,India,Haryana,Male,1973-07-22,2026-07-20,N,13.0,3.0
2442-HNMSA,2023-11-04,Organic,2024-11-03,Basic,Annual,,,5.89,258.0,55,0,Aditya,India,Meghalaya,Male,1984-09-04,2026-06-27,N,64.0,4.0
1410-TVHIO,2021-12-28,,2022-01-27,Basic,Monthly,,,9.58,347.0,39,0,Vikram,India,Rajasthan,Female,2002-08-05,,,,
4783-ENVSV,2022-12-15,Paid,2023-12-15,Standard,Annual,,,13.97,824.0,14,0,Neha,India,Delhi,Female,1975-06-24,2025-09-20,N,53.0,1.0
6446-WGBCZ,2024-12-07,Refferal,2025-01-06,,Monthly,,,7.86,352.0,51,0,Sanjay,India,Haryana,Female,1981-01-01,2023-11-03,N,51.0,1.0
6413-GWIPG,2022-11-26,Organic,2022-12-26,Standard,Monthly,2025-09-25,Poor Support,17.29,468.0,83,1,Neha,India,Punjab,Female,1988-07-20,2023-06-06,Y,65.0,1.0
0970-GFOAG,2025-02-12,Organic,2026-02-12,Basic,Annual,,,4.99,235.0,16,0,Pooja,India,Telangana,Female,1988-02-09,2023-04-28,N,88.0,2.0
5687-KQRZV,2021-01-31,Organic,2021-03-02,Basic,Monthly,2022-07-04,Not Enough Content,6.85,126.0,52,1,Ishita,India,Maharashtra,Male,1980-12-28,2024-06-13,Y,76.0,2.0
2300-SQPUD,2023-10-05,Paid,2024-10-04,Basic,Annual,2024-12-09,Service Quality,8.65,20.0,61,1,Meera,India,Karnataka,Female,1976-10-05,,,,
3766-VXAMG,2022-01-20,Referral,2023-01-20,Standard,Annual,,,13.53,1006.0,23,0,Amit,India,Telangana,Female,1999-09-14,,,,
1699-BNRNJ,2026-06-22,Paid,2027-06-22,Premium,Annual,,,23.0,1399.0,82,0,Nisha,India,Haryana,Male,1975-12-17,2024-03-12,Y,26.0,2.0
7717-QXJGL,2022-12-14,Paid,2023-12-14,Standard,Annual,2026-01-03,Not Enough Content,15.44,524.0,44,1,Neha,India,Meghalaya,Female,1983-12-21,2026-01-31,Y,98.0,1.0
5080-LVBNL,2021-01-02,Paid,2021-02-01,Basic,Monthly,2025-09-08,Poor Support,9.67,20.0,16,1,Rohan,India,Punjab,Male,2002-04-19,2025-11-29,N,34.0,2.0
2127-QUOCB,2023-08-06,Paid,2023-09-05,Basic,Monthly,2024-07-12,Forgot To Cancel Trial,4.99,460.0,28,1,Ishita,Nepal,Kathmandu,Male,2005-04-11,2025-03-27,N,57.0,1.0
4229-RIIWA,2025-04-24,Referral,2025-05-24,Basic,Monthly,,,9.41,385.0,40,0,Ishita,India,Uttar Pradesh,Male,2008-08-05,2023-11-21,N,22.0,1.0
0819-EZMEI,2025-09-02,Organic,2025-10-02,Basic,Monthly,2026-04-22,Poor Streaming Quality,10.19,451.0,84,1,Meera,India,Maharashtra,Male,1979-05-11,2025-02-18,N,23.0,2.0
9693-SFGBU,2024-10-26,Organic,2024-11-25,Standard,Monthly,2024-11-24,Poor Support,13.18,1201.0,51,1,Nisha,India,Kerala,Female,2010-04-15,2026-06-10,N,39.0,4.0
1394-HJQPU,2024-02-05,Refferal,2024-03-06,Standard,Monthly,2025-03-13,Not Enough Content,14.77,701.0,78,1,Aarav,India,Maharashtra,Female,1976-10-08,2024-02-02,N,42.0,1.0
2989-KKBTN,2024-08-18,Paid,2025-08-18,,Annual,,,,572.0,33,0,Karan,India,Telangana,Male,2007-08-07,2025-05-05,N,30.0,2.0
4768-ZEZRF,2021-05-09,Organic,2022-05-09,Basic,Annual,,,8.68,20.0,84,0,Sneha,India,Gujarat,Male,1994-08-02,2023-05-05,N,6.0,1.0
6792-TJIVE,2024-02-13,Paid,2024-03-14,Premium,Monthly,,,19.04,1516.0,22,0,Karan,India,Uttar Pradesh,Female,1970-07-09,2023-12-20,N,20.0,1.0
0157-RXNDO,2025-07-13,Paid,2026-07-13,Basic,Annual,,,4.99,83.0,83,0,Rohan,India,Meghalaya,Female,2006-08-23,2025-10-05,N,42.0,2.0
2536-VPIQR,2024-08-14,Organic,2024-09-13,Premium,Monthly,,,24.98,1520.0,83,0,Sneha,India,Haryana,Male,1971-09-09,2025-12-27,N,56.0,3.0
6794-JOBKJ,2023-11-13,,2023-12-13,Standard,Monthly,,,11.63,856.0,33,0,Sneha,India,Kerala,Male,2003-11-18,2025-07-22,N,83.0,2.0
5357-YYMQC,2022-08-19,Organic,2023-08-19,Basic,Annual,,,5.94,84.0,94,0,Sanjay,Nepal,Kathmandu,Male,1993-11-25,2025-01-07,N,9.0,1.0
4834-RRZMX,2022-05-14,Refferal,2022-06-13,Premium,Monthly,,,24.66,1388.0,6,0,Nisha,India,Uttar Pradesh,Male,1993-04-19,2024-09-13,Y,61.0,3.0
9786-OCJTP,2022-12-23,,2023-01-22,Standard,Monthly,,,13.47,1054.0,37,0,Pooja,India,Gujarat,Male,1997-05-04,,,,
9363-VBWJV,2025-08-25,Refferal,2025-09-24,Premium,Monthly,2026-07-07,Forgot To Cancel Trial,21.69,921.0,59,1,Rahul,India,Delhi,Male,2008-11-02,2026-06-17,Y,35.0,2.0
5089-LBDPO,2022-01-18,Referral,2022-02-17,Basic,Monthly,,,8.39,153.0,76,0,Vivaan,India,Karnataka,Male,1994-06-08,2023-09-13,Y,57.0,2.0
5559-ENBDM,2021-08-16,Refferal,2022-08-16,Basic,Annual,2021-08-09,Poor Support,7.27,20.0,62,1,Kavya,India,Kerala,Female,1990-11-12,2026-01-26,N,64.0,3.0
6178-RZWJU,2025-06-03,Organic,2025-07-03,Basic,Monthly,2026-07-30,Poor Support,7.45,785.0,2,1,Vikram,India,Maharashtra,Male,1996-03-21,2026-03-04,Y,71.0,1.0
0978-WKTZS,2025-02-07,Organic,2026-02-07,Basic,Annual,2025-10-12,Not Enough Content,6.72,831.0,2,1,Priya,India,Kerala,Female,2009-12-17,2025-05-30,N,9.0,1.0
9203-AEQOD,2025-05-22,Refferal,2026-05-22,Basic,Annual,,,8.83,247.0,46,0,Priya,India,Tamil Nadu,Female,2001-06-08,2025-10-16,N,55.0,3.0
7189-BZELV,2022-07-21,Refferal,2022-08-20,Standard,Monthly,2025-06-22,Poor Streaming Quality,16.28,405.0,56,1,Meera,India,Meghalaya,Male,1995-07-02,2024-05-30,N,100.0,2.0
5151-TSYMZ,2024-03-18,Refferal,2024-04-17,Premium,Monthly,,,20.41,1415.0,32,0,Aarav,India,Gujarat,Male,1975-02-10,2023-10-06,N,72.0,2.0
5178-XTDQW,2021-10-03,Paid,2021-11-02,Standard,Monthly,,,15.0,627.0,35,0,Rahul,India,Karnataka,Female,1993-12-01,,,,
1304-VCWUD,2025-12-14,Paid,2026-01-13,Standard,,2026-07-21,Too Expensive,11.08,897.0,43,1,Rahul,India,Punjab,Male,1993-01-14,2026-01-26,N,32.0,5.0
7270-DOYFE,2023-06-02,Paid,2024-06-01,Basic,Annual,,,8.68,513.0,10,0,Kavya,India,Delhi,Male,2009-08-04,2023-01-08,N,27.0,1.0
4242-JBLGD,2022-10-28,,2023-10-28,Basic,Annual,2026-05-15,Poor Support,8.62,20.0,14,1,Neha,Nepal,Kathmandu,Male,1988-08-30,2025-02-12,N,12.0,2.0
2777-AXZJW,2024-12-04,Organic,2025-01-03,Basic,Monthly,2025-05-08,Service Quality,7.59,757.0,5,1,Vikram,India,Nagaland,Male,1998-08-31,2026-05-28,N,42.0,3.0
4625-XEHTF,2026-01-28,Referral,2027-01-28,Premium,Annual,,,23.9,1587.0,84,0,Sanjay,India,Karnataka,Female,1985-10-28,2026-04-02,N,72.0,2.0
8238-LKLUA,2024-06-19,Refferal,2025-06-19,Premium,Annual,2025-09-07,Poor Support,25.36,1205.0,86,1,Riya,India,Tamil Nadu,Female,1998-06-24,2025-05-06,N,92.0,2.0
7512-UVZUN,2022-02-14,Paid,2022-03-16,Basic,Monthly,,,6.32,369.0,37,0,Amit,India,Uttar Pradesh,Male,2004-01-04,2026-02-06,Y,21.0,2.0
4673-KVKOC,2024-09-27,Organic,2025-09-27,Standard,Annual,2025-03-30,Service Quality,14.2,853.0,20,1,Nisha,India,Tamil Nadu,Female,2010-05-11,2026-01-30,Y,39.0,2.0
3189-GLNSL,2026-03-07,Paid,2026-04-06,Basic,Monthly,,,4.99,599.0,47,0,Ananya,India,Nagaland,Male,2006-03-04,2024-11-23,Y,27.0,1.0
1523-OBWUF,2023-11-14,Organic,2023-12-14,Standard,Monthly,,,14.6,882.0,48,0,Kavya,India,Gujarat,Female,1970-09-07,2025-06-12,N,38.0,4.0
2649-AJAYD,2021-09-30,Organic,2021-10-30,Standard,Monthly,2024-07-16,Poor Support,10.57,846.0,84,1,Sneha,India,Telangana,Male,1970-10-26,2025-06-04,N,18.0,3.0
6601-OGVCX,2024-01-06,Organic,2024-02-05,Basic,Monthly,2024-06-15,Too Expensive,5.98,98.0,10,1,Vivaan,India,Haryana,Female,1972-10-25,2026-06-28,N,93.0,2.0
7408-QWKHE,2022-02-07,Paid,2023-02-07,Premium,Annual,,,22.93,1245.0,6,0,Rohan,India,Maharashtra,Female,2002-10-16,,,,
9244-KVIYW,2023-12-14,Refferal,2024-01-13,Standard,Monthly,2026-01-21,Not Enough Content,16.13,772.0,25,1,Aditya,India,Meghalaya,Female,2006-08-18,2024-09-22,Y,83.0,2.0
3096-MUFAH,2021-08-21,Paid,2021-09-20,Premium,Monthly,,,22.03,1739.0,57,0,Karan,India,Kerala,Male,1991-03-03,2025-08-23,N,98.0,2.0
5915-DIXBB,2022-06-11,Paid,2022-07-11,Standard,Monthly,,,11.88,891.0,29,0,Aditya,India,Karnataka,Male,1999-07-11,2024-01-29,N,44.0,1.0
4251-AAECV,2023-03-24,Organic,2023-04-23,Standard,Monthly,,,13.61,973.0,22,0,Neha,India,Tamil Nadu,Male,1982-11-10,2025-08-01,N,42.0,1.0
1247-NSQRJ,2023-07-12,Paid,2024-07-11,Basic,Annual,,,7.76,413.0,70,0,Kavya,India,Nagaland,Male,1981-07-18,2026-04-15,N,16.0,4.0
8890-BCWBE,2025-12-14,Refferal,2026-12-14,Basic,Annual,,,4.99,20.0,44,0,Neha,India,Haryana,Male,1972-11-26,2023-09-21,N,22.0,2.0
1751-ADORC,2022-01-08,Organic,2022-02-07,Premium,Monthly,2023-05-09,Forgot To Cancel Trial,23.81,1292.0,26,1,Riya,India,Kerala,Female,1987-12-16,2025-03-04,N,53.0,2.0
9424-CRUNM,2026-06-03,Organic,2026-07-03,Standard,Monthly,2026-08-11,Poor Support,15.52,615.0,4,1,Priya,India,West Bengal,Male,1972-09-09,2025-03-29,N,86.0,2.0
1111-GWJAS,2021-07-19,Organic,2021-08-18,Basic,Monthly,,,5.65,20.0,41,0,Rohan,India,Uttar Pradesh,Female,1987-03-25,2025-04-29,N,74.0,2.0
6843-BBDBQ,2023-08-16,Organic,2024-08-15,Standard,Annual,2024-04-20,Switched To Competitor,12.8,598.0,62,1,Rohan,India,Gujarat,Female,1984-04-14,2023-12-16,N,44.0,1.0
1346-PEZSJ,2022-10-15,Paid,2022-11-14,Premium,Monthly,2025-06-11,Service Quality,23.31,1624.0,98,1,Sanjay,India,Nagaland,Male,1981-12-01,,,,
4300-BBNAQ,2021-07-28,Referral,2022-07-28,Basic,Annual,,,5.47,717.0,26,0,Riya,India,Telangana,Female,1985-09-05,,,,
3838-DNOTF,2024-09-04,Paid,2025-09-04,Basic,Annual,,,5.51,244.0,3,0,Aarav,India,Kerala,Male,2008-10-18,2025-06-05,Y,40.0,2.0
5484-VHVSL,2026-02-28,Paid,2026-03-30,Standard,Monthly,2026-05-07,Too Expensive,15.47,928.0,4,1,Sanjay,India,Meghalaya,Female,1997-01-17,2025-04-09,N,52.0,1.0
8833-ZGZAD,2024-01-16,Paid,2024-02-15,Basic,Monthly,,,8.24,364.0,10,0,Aditya,India,Punjab,Female,2005-11-29,2025-03-22,N,18.0,2.0
0454-JYPQC,2026-06-03,Refferal,2026-07-03,Standard,Monthly,,,16.59,688.0,57,0,Aarav,India,Kerala,Female,1998-07-18,2026-03-27,N,45.0,1.0
5172-JMGFY,2021-10-26,Organic,2021-11-25,Standard,Monthly,2022-07-19,Poor Support,13.15,599.0,14,1,Sneha,India,Meghalaya,Male,1979-09-24,2026-01-31,N,35.0,2.0
5594-KBTMK,2021-01-11,Organic,2021-02-10,Basic,Monthly,2021-08-01,Forgot To Cancel Trial,6.06,239.0,82,1,Aarav,India,Uttar Pradesh,Female,1995-10-29,2025-06-20,N,5.0,1.0
6676-DNWMA,2026-08-04,Paid,2027-08-04,Standard,Annual,,,17.06,596.0,100,0,Arjun,India,Meghalaya,Female,1992-07-15,2026-01-02,Y,31.0,1.0
2317-BNJDR,2021-10-16,Paid,2021-11-15,Basic,Monthly,2026-06-04,Forgot To Cancel Trial,6.43,242.0,30,1,Vivaan,India,Gujarat,Female,2002-09-12,2024-12-16,Y,19.0,1.0
1785-IZBGI,2026-05-31,Referral,2026-06-30,Standard,Monthly,,,16.32,839.0,85,0,Kavya,India,Tamil Nadu,Male,1999-06-24,2025-07-12,N,78.0,3.0
5098-GZAYN,2026-05-05,Paid,2027-05-05,Basic,Annual,2026-05-22,Not Enough Content,7.6,192.0,26,1,Rahul,India,Karnataka,Female,2000-01-25,2024-01-16,N,7.0,1.0
0405-DCHIQ,2022-10-30,Organic,2022-11-29,Premium,Monthly,,,23.74,1673.0,1,0,Amit,India,Telangana,Male,1984-07-06,2025-12-14,N,70.0,2.0
3128-SHGHI,2023-12-03,Organic,2024-01-02,Premium,Monthly,2024-03-16,Switched To Competitor,20.4,1523.0,4,1,Pooja,India,Telangana,Male,1994-12-06,2024-09-09,Y,66.0,1.0
8380-GHYQE,2024-01-04,Organic,2025-01-03,Basic,Annual,2025-12-17,Forgot To Cancel Trial,9.57,20.0,22,1,Nisha,India,Tamil Nadu,Female,1999-11-03,2025-01-25,N,26.0,1.0
8684-EELRE,2026-06-12,Paid,2026-07-12,Basic,Monthly,2026-07-23,Poor Support,8.64,506.0,78,1,Amit,India,Uttar Pradesh,Male,1992-08-20,2025-10-25,N,10.0,1.0
7538-EUCMQ,2022-03-17,Referral,2023-03-17,Standard,Annual,2026-08-04,Poor Support,12.41,928.0,93,1,Riya,Nepal,Kathmandu,Female,1974-05-23,2026-01-28,Y,58.0,2.0
2673-PRQKU,2022-11-27,Refferal,2023-11-27,Premium,Annual,,,24.52,911.0,47,0,Ananya,India,Haryana,Male,1980-11-11,2025-03-06,N,36.0,1.0
7322-ITXVT,2025-07-11,Paid,2025-08-10,Standard,,,,15.43,163.0,51,0,Aarav,India,Uttar Pradesh,Male,1993-05-22,2023-02-20,Y,59.0,1.0
7670-UHSFJ,2023-07-05,Organic,2023-08-04,Standard,Monthly,,,12.89,969.0,75,0,Priya,India,Maharashtra,Female,2006-06-03,2024-05-04,N,32.0,1.0
9345-HVKFC,2026-01-21,Organic,2026-02-20,Premium,Monthly,2026-08-31,Switched To Competitor,23.1,1490.0,57,1,Karan,India,Meghalaya,Male,1978-08-30,2024-05-07,N,32.0,3.0
5492-LNBGA,2024-04-06,Organic,2025-04-06,Premium,Annual,,,22.94,1526.0,84,0,Amit,India,Meghalaya,Female,2005-11-21,,,,
3041-YDRAO,2021-06-28,Paid,2021-07-28,Premium,Monthly,2025-05-28,Poor Streaming Quality,21.79,1292.0,44,1,Karan,India,Uttar Pradesh,Male,1990-10-31,2025-12-09,N,92.0,5.0
9210-IFOHX,2025-06-14,Refferal,2025-07-14,Standard,Monthly,,,16.66,574.0,86,0,Ishita,India,Gujarat,Male,1983-01-31,2026-06-29,N,61.0,1.0
8492-QQPTL,2021-09-01,Paid,2021-10-01,Standard,Monthly,2022-09-13,Poor Support,16.79,764.0,57,1,Karan,India,Tamil Nadu,Male,2001-10-07,2023-11-06,Y,72.0,1.0
9697-IASRZ,2023-11-30,Refferal,2024-11-29,Standard,Annual,,,16.51,769.0,13,0,Aarav,India,Maharashtra,Male,1999-04-22,2023-09-17,N,42.0,1.0
3967-LOKUL,2023-05-20,Organic,2023-06-19,Standard,Monthly,,,12.16,1222.0,7,0,Ishita,Nepal,Kathmandu,Male,2008-08-20,,,,
7840-LFZNS,2021-04-02,Organic,2021-05-02,Basic,Monthly,,,6.21,361.0,89,0,Rohan,India,Nagaland,Female,2004-09-10,2025-10-02,N,84.0,1.0
5921-JZJZL,2025-06-08,Organic,2025-07-08,Premium,Monthly,,,23.79,1558.0,64,0,Vivaan,India,Gujarat,Male,1999-03-22,2026-05-16,Y,68.0,1.0
0249-AZNKV,2024-02-14,Refferal,2024-03-15,Standard,Monthly,,,17.72,677.0,80,0,Vivaan,India,Nagaland,Male,1979-06-28,,,,
6180-RRFCS,2024-02-23,Organic,2024-03-24,Standard,Monthly,,,12.91,443.0,49,0,Arjun,India,Haryana,Male,2003-08-31,2026-06-22,N,39.0,1.0
0241-SDGSQ,2022-03-15,Organic,2022-04-14,Premium,Monthly,,,25.08,1212.0,50,0,Arjun,India,Delhi,Female,1984-09-12,2026-02-10,N,45.0,3.0
7819-PBVFD,2024-04-23,Organic,2024-05-23,Premium,Monthly,2025-02-08,Poor Support,22.99,1353.0,39,1,Nisha,India,Maharashtra,Female,2010-11-03,2025-09-18,N,27.0,3.0
8787-FNMUB,2021-03-29,Paid,2021-04-28,Basic,Monthly,,,8.17,472.0,48,0,Riya,India,Maharashtra,Male,1990-04-08,,,,
1088-KMUPD,2024-03-13,Paid,2024-04-12,Standard,Monthly,2025-08-24,Not Enough Content,14.56,859.0,94,1,Arjun,India,West Bengal,Male,1995-07-01,2026-04-30,Y,25.0,2.0
9788-LZZBN,2024-07-28,Organic,2024-08-27,Standard,Monthly,2024-12-29,Switched To Competitor,13.85,309.0,69,1,Riya,Nepal,Kathmandu,Male,2000-05-13,2026-07-05,N,94.0,4.0
4233-MIOME,2024-02-02,Refferal,2025-02-01,Basic,Annual,2024-07-03,Poor Streaming Quality,8.0,999.0,50,1,Aditya,India,Karnataka,Male,2001-12-22,2026-03-04,N,9.0,2.0
2901-DVRKK,2025-09-10,Organic,2025-10-10,Basic,Monthly,,,6.7,352.0,47,0,Rahul,India,Telangana,Male,1987-12-17,2023-12-23,Y,74.0,1.0
0813-HYADV,2026-01-01,Organic,2027-01-01,Standard,Annual,,,16.23,1147.0,45,0,Neha,India,Uttar Pradesh,Male,2008-11-20,,,,
5214-AMTIJ,2023-06-22,Organic,2024-06-21,Premium,Annual,,,25.66,1413.0,70,0,Vikram,India,Delhi,Female,1972-05-10,2023-01-19,Y,19.0,1.0
6321-PXGHE,2023-08-27,Refferal,2024-08-26,Standard,Annual,,,13.55,267.0,25,0,Rohan,India,Maharashtra,Female,2006-12-28,,,,
6656-NJSJF,2023-12-09,Refferal,2024-01-08,Standard,Monthly,2026-08-24,Service Quality,15.79,724.0,2,1,Sneha,India,Nagaland,Female,1984-09-29,2026-02-24,Y,50.0,2.0
5408-LKLXF,2025-02-18,Organic,2026-02-18,Standard,Annual,2026-04-27,Switched To Competitor,11.55,806.0,7,1,Riya,India,Uttar Pradesh,Male,2010-10-31,2024-01-23,N,49.0,2.0
2775-OBDON,2026-07-10,Refferal,2027-07-10,Basic,Annual,,,8.55,447.0,3,0,Kavya,India,Maharashtra,Male,1987-08-16,2025-11-22,N,33.0,1.0
6535-CWMEI,2025-06-23,Paid,2025-07-23,Premium,Monthly,,,22.28,1259.0,5,0,Rohan,India,Karnataka,Female,1980-11-12,2025-11-20,N,94.0,2.0
2292-LMLLX,2023-03-17,Organic,2023-04-16,Premium,Monthly,,,22.43,1631.0,51,0,Karan,India,Karnataka,Male,2006-02-06,2026-06-25,N,72.0,2.0
9591-MZVVF,2023-07-07,Referral,2023-08-06,Standard,Monthly,,,13.11,449.0,15,0,Nisha,Nepal,Kathmandu,Female,2005-07-10,2026-07-08,N,95.0,1.0
4397-JCBQK,2021-10-26,Organic,2021-11-25,Standard,Monthly,,,15.1,921.0,17,0,Meera,India,Tamil Nadu,Female,1978-01-07,2023-06-17,N,74.0,1.0
8260-RCVMO,2022-12-21,Referral,2023-01-20,Basic,Monthly,,,6.57,263.0,76,0,Kavya,India,Meghalaya,Male,1999-08-05,2023-11-05,N,59.0,1.0
9656-QAELA,2023-10-14,Paid,2023-11-13,Standard,Monthly,,,14.6,595.0,27,0,Amit,India,Haryana,Female,1970-10-21,2026-03-04,N,40.0,3.0
1694-UDENC,2026-04-13,Paid,2027-04-13,Standard,Annual,,,16.63,688.0,8,0,Sanjay,India,Tamil Nadu,Male,1981-03-03,,,,
2574-YQZJQ,2021-11-06,Organic,2021-12-06,Standard,Monthly,2024-03-26,Not Enough Content,16.39,821.0,72,1,Karan,India,Kerala,Male,1972-06-12,2024-06-07,N,33.0,3.0
2403-JEVEF,2025-10-15,Refferal,2025-11-14,Basic,Monthly,,,5.98,54.0,27,0,Ishita,India,Uttar Pradesh,Male,1979-01-09,,,,
4650-LIJHX,2023-01-08,Organic,2023-02-07,Basic,Monthly,,,4.99,610.0,63,0,Kavya,India,Delhi,Female,2007-11-08,2024-07-20,N,86.0,1.0
5813-XZQVC,2026-04-20,Refferal,2026-05-20,Standard,Monthly,,,16.27,341.0,20,0,Arjun,India,Rajasthan,Male,1993-05-04,2026-07-10,N,67.0,3.0
9494-MSGCX,2023-07-13,Referral,2023-08-12,Standard,Monthly,2023-12-16,Poor Support,14.1,805.0,45,1,Rahul,India,Karnataka,Female,1970-01-18,,,,
4507-DRBLS,2025-10-06,Organic,2025-11-05,Premium,Monthly,,,25.8,1456.0,67,0,Rohan,Nepal,Kathmandu,Male,1975-12-25,2026-03-27,N,28.0,4.0
7210-LJVEB,2021-08-21,Paid,2021-09-20,Premium,Monthly,,,24.59,1246.0,86,0,Sneha,India,Rajasthan,Female,1991-12-15,2023-08-17,N,92.0,1.0
1588-UMAEA,2024-02-02,Paid,2025-02-01,,Annual,,,7.6,52.0,50,0,Pooja,India,Punjab,Female,1994-01-08,2026-06-17,N,76.0,2.0
8147-LBFQP,2022-08-21,Organic,2022-09-20,Premium,Monthly,,,22.28,1408.0,46,0,Sanjay,India,Telangana,Male,2008-11-06,2025-09-24,Y,59.0,2.0
8196-ABAKS,2022-06-26,Organic,2023-06-26,Standard,Annual,2023-12-05,Too Expensive,14.24,687.0,62,1,Aarav,India,Uttar Pradesh,Male,2001-09-20,2023-12-31,N,22.0,1.0
6637-FRRET,2022-09-08,Organic,2023-09-08,Basic,Annual,,,10.5,361.0,63,0,Riya,India,Punjab,Female,1994-09-30,2025-09-21,N,10.0,3.0
4236-BKUSG,2023-05-05,Organic,2023-06-04,Standard,Monthly,,,15.84,452.0,92,0,Rohan,India,Haryana,Female,2000-10-03,2026-04-04,N,50.0,2.0
7574-KLCZV,2025-01-20,Referral,2026-01-20,Basic,Annual,,,9.14,714.0,11,0,Aarav,India,Kerala,Female,2008-01-09,,,,
1968-OUNFZ,2026-04-24,Organic,2027-04-24,Premium,Annual,,,22.22,1472.0,88,0,Ishita,India,Haryana,Female,2006-12-21,,,,
2705-IJXNS,2022-02-26,Organic,2023-02-26,Premium,Annual,,,22.79,1421.0,34,0,Meera,India,Kerala,Female,1976-03-03,,,,
9013-YWXYZ,2025-02-09,Organic,2025-03-11,Basic,Monthly,,,5.11,382.0,56,0,Rahul,India,Karnataka,Female,1994-09-23,2023-01-13,N,45.0,1.0
6438-DCUIU,2024-11-09,Paid,2025-11-09,Standard,Annual,,,14.13,638.0,68,0,Neha,India,West Bengal,Female,1993-03-15,2023-09-30,N,48.0,1.0
9347-QTHLZ,2021-10-03,Organic,2021-11-02,Standard,Monthly,,,13.8,1074.0,24,0,Rahul,India,Gujarat,Female,1970-03-06,2025-07-13,N,23.0,2.0
8172-FYMVN,2022-11-18,Referral,2022-12-18,Basic,Monthly,,,8.06,315.0,81,0,Sanjay,India,Nagaland,Female,2004-10-11,2025-10-12,N,14.0,1.0
6047-EISVC,2025-09-28,Organic,2026-09-28,Standard,Annual,,,13.71,985.0,19,0,Neha,India,Maharashtra,Male,1981-10-31,2025-12-04,N,68.0,2.0
0790-SLWBJ,2023-03-25,Paid,2023-04-24,Premium,Monthly,,,23.56,1434.0,69,0,Vivaan,India,West Bengal,Female,2008-03-24,2025-04-07,Y,48.0,1.0
0377-SWEIV,2025-09-26,Paid,2025-10-26,Premium,Monthly,2026-02-27,Not Enough Content,25.98,1587.0,35,1,Aarav,India,Uttar Pradesh,Female,1970-03-28,2026-03-28,N,50.0,2.0
0437-YXDDR,2023-02-15,Organic,2023-03-17,Basic,Monthly,2026-06-13,Service Quality,4.99,59.0,100,1,Amit,India,Maharashtra,Male,1974-08-20,2025-06-20,N,30.0,4.0
0124-NBNJS,2025-11-17,Referral,2026-11-17,Standard,,,,16.28,1048.0,39,0,Amit,India,Delhi,Male,1993-02-05,2023-06-02,N,5.0,1.0
8809-MQPZG,2023-08-06,Organic,2023-09-05,Basic,Monthly,,,5.3,20.0,70,0,Arjun,Nepal,Kathmandu,Female,2006-07-05,2024-02-02,N,95.0,1.0
2407-JTWHC,2021-06-20,Paid,2021-07-20,Basic,Monthly,,,8.44,286.0,5,0,Amit,India,Rajasthan,Male,1993-11-09,2024-07-15,N,72.0,2.0
6095-PJEWW,2022-11-15,Organic,2023-11-15,Basic,Annual,2025-08-29,Poor Support,8.38,304.0,24,1,Pooja,India,Kerala,Male,1977-05-12,2025-12-12,N,33.0,2.0
7480-PGKBG,2025-05-18,Organic,2025-06-17,Basic,Monthly,,,6.84,409.0,7,0,Ishita,India,Telangana,Male,1990-05-05,2024-11-10,N,78.0,1.0
4517-LCYGN,2024-01-02,Paid,2024-02-01,Standard,Monthly,2024-07-30,Poor Streaming Quality,15.07,727.0,39,1,Vikram,India,Haryana,Female,1972-04-02,2026-05-04,N,18.0,2.0
4664-MVTWJ,2025-09-14,Paid,2026-09-14,Standard,Annual,,,14.86,1043.0,9,0,Meera,India,Kerala,Male,2002-11-26,2024-08-23,N,18.0,2.0
2668-LOILD,2022-11-21,Refferal,2023-11-21,Premium,Annual,,,22.61,970.0,78,0,Aditya,India,Meghalaya,Male,1993-05-01,2024-12-02,Y,62.0,2.0
5847-SNWZX,2021-02-26,Organic,2022-02-26,Standard,Annual,,,13.62,850.0,4,0,Ishita,India,Tamil Nadu,Male,2008-12-11,2024-04-04,Y,56.0,2.0
0951-WILKH,2026-02-07,Refferal,2026-03-09,Basic,Monthly,,,7.28,89.0,59,0,Neha,India,Kerala,Female,2000-03-14,2024-04-04,N,24.0,2.0
8774-QZYKS,2026-02-01,Refferal,2026-03-03,Standard,Monthly,,,15.5,929.0,4,0,Karan,India,Haryana,Female,2003-03-18,2026-04-08,Y,46.0,2.0
5035-MTRXU,2021-07-04,Paid,2022-07-04,Basic,Annual,2022-03-18,Service Quality,,250.0,51,1,Rohan,India,Tamil Nadu,Male,1995-09-07,2026-07-21,N,54.0,2.0
6229-XCTKL,2025-08-15,Organic,2025-09-14,Basic,Monthly,2026-07-17,Service Quality,7.04,287.0,16,1,Rahul,India,Nagaland,Female,2002-02-01,2023-03-24,N,61.0,1.0
7821-HWMJI,2023-07-10,Refferal,2024-07-09,Standard,Annual,2024-12-27,Poor Streaming Quality,13.84,511.0,47,1,Sneha,India,Delhi,Female,1995-09-27,2025-10-10,N,85.0,1.0
4222-YCNVM,2023-02-15,Refferal,2023-03-17,Basic,Monthly,,,6.89,501.0,53,0,Priya,India,Tamil Nadu,Female,2000-07-15,2023-11-25,N,68.0,1.0
5670-JDQXN,2025-02-27,Organic,2026-02-27,Standard,Annual,,,12.5,1417.0,5,0,Riya,India,Uttar Pradesh,Male,1986-07-05,2024-11-20,Y,63.0,2.0
4333-DYWXJ,2023-08-26,Organic,2023-09-25,Standard,Monthly,,,13.49,1109.0,99,0,Meera,India,West Bengal,Female,2008-01-29,2024-09-11,Y,23.0,2.0
6261-LGFJO,2021-05-08,Refferal,2021-06-07,Basic,Monthly,,,5.97,345.0,79,0,Sanjay,India,Punjab,Female,1993-01-26,2025-12-18,N,64.0,2.0
1240-SLWHB,2024-08-11,Organic,2024-09-10,Premium,Monthly,,,21.64,1560.0,96,0,Rahul,India,Meghalaya,Female,2001-12-27,,,,
3136-ZISVH,2023-01-22,Organic,2024-01-22,Premium,Annual,,,22.44,,55,0,Vivaan,India,Meghalaya,Male,2007-11-02,2024-08-26,Y,9.0,1.0
6433-FJHRW,2022-09-19,Organic,2022-10-19,Basic,Monthly,2025-01-03,Too Expensive,11.05,354.0,45,1,Pooja,India,Kerala,Male,1988-09-11,2024-05-15,N,8.0,1.0
2541-HVMNS,2023-01-31,Paid,2024-01-31,Standard,Annual,2023-08-16,Switched To Competitor,15.71,879.0,17,1,Aarav,India,West Bengal,Female,1984-01-07,2026-04-13,N,13.0,2.0
1396-WJRLT,2025-10-16,Refferal,2025-11-15,Standard,Monthly,,,15.51,781.0,83,0,Karan,India,Nagaland,Female,2002-04-10,2025-07-14,N,34.0,2.0
6124-EEWNH,2021-08-02,Refferal,2021-09-01,Basic,Monthly,2023-06-12,Not Enough Content,7.21,,61,1,Amit,Nepal,Kathmandu,Female,1994-03-19,2025-11-21,Y,36.0,2.0
1452-DXZKF,2023-04-17,Organic,2023-05-17,Basic,Monthly,2026-08-21,Forgot To Cancel Trial,6.26,504.0,6,1,Nisha,India,West Bengal,Male,1993-05-14,2023-10-13,N,85.0,1.0
4202-DOQZI,2023-05-18,Paid,2023-06-17,Premium,Monthly,,,21.17,,77,0,Rohan,India,Punjab,Female,1989-01-06,2026-01-07,N,34.0,2.0
1997-DJPBT,2022-01-11,,2023-01-11,Premium,Annual,,,22.57,1535.0,58,0,Kavya,India,Gujarat,Female,2005-08-11,2024-01-28,Y,37.0,2.0
4613-UMEAO,2025-06-17,Paid,2026-06-17,Premium,Annual,,,25.08,1442.0,80,0,Aarav,India,Nagaland,Female,1987-04-18,,,,
5404-VWEIF,2026-05-12,Referral,2027-05-12,Standard,Annual,,,13.94,766.0,28,0,Arjun,India,Delhi,Male,1977-08-19,2024-12-13,N,93.0,2.0
1088-ACNDF,2023-09-12,Paid,2023-10-12,Standard,Monthly,,,12.1,808.0,24,0,Vivaan,India,Meghalaya,Female,1999-05-05,2025-03-26,N,66.0,3.0
1199-SQZCF,2021-01-11,Organic,2021-02-10,Standard,Monthly,,,13.52,823.0,43,0,Rohan,India,Kerala,Male,2008-11-22,2025-12-20,Y,93.0,2.0
4569-QDFKA,2024-06-06,Organic,2024-07-06,Premium,Monthly,,,22.28,1590.0,47,0,Arjun,India,Nagaland,Male,1995-09-01,2025-11-04,Y,80.0,3.0
3966-TNLMY,2023-11-02,Refferal,2023-12-02,Basic,Monthly,2024-03-25,Not Enough Content,,180.0,52,1,Rahul,India,Telangana,Male,1992-04-05,2026-06-20,N,20.0,2.0
5215-NYECL,2023-05-28,Organic,2024-05-27,Basic,Annual,,,7.9,668.0,84,0,Sneha,India,Punjab,Male,1984-11-23,2024-08-11,N,49.0,2.0
3201-FDWPR,2024-05-27,Paid,2025-05-27,Basic,Annual,2026-04-16,Poor Support,4.99,397.0,44,1,Riya,India,Tamil Nadu,Male,2006-03-17,2026-05-21,N,88.0,2.0
1201-IQNSR,2025-06-05,Paid,2025-07-05,Premium,Monthly,,,21.55,929.0,87,0,Priya,India,Gujarat,Male,1973-11-06,2026-04-19,N,57.0,4.0
4147-UGCXA,2025-08-23,Refferal,2025-09-22,Standard,Monthly,2026-02-14,Poor Support,13.35,767.0,65,1,Vivaan,India,Maharashtra,Male,1995-03-08,2025-08-15,N,8.0,1.0
2853-CGKDM,2025-05-25,Referral,2025-06-24,Standard,Monthly,2026-04-16,Forgot To Cancel Trial,14.68,,90,1,Aditya,India,Tamil Nadu,Female,1975-06-29,2024-09-27,N,38.0,3.0
9274-DYKPL,2024-12-09,Organic,2025-01-08,Standard,Monthly,2025-06-30,Switched To Competitor,12.09,508.0,76,1,Aarav,India,Telangana,Female,1994-02-28,2024-11-21,N,20.0,1.0
3182-CPXNP,2024-08-10,Paid,2024-09-09,Premium,Monthly,2025-11-11,Switched To Competitor,23.66,1595.0,75,1,Riya,India,Kerala,Female,2004-10-24,2024-07-18,Y,11.0,2.0
6445-KDNWI,2022-10-13,Paid,2022-11-12,Basic,Monthly,,,8.32,421.0,90,0,Aarav,India,Karnataka,Male,1977-12-13,2023-04-10,Y,94.0,1.0
8716-WGOTM,2022-10-22,Paid,2022-11-21,Standard,Monthly,2025-01-28,Not Enough Content,13.41,1328.0,79,1,Nisha,Nepal,Kathmandu,Male,1976-12-10,2026-06-20,Y,99.0,3.0
7000-XQVUV,2024-11-08,Organic,2024-12-08,Premium,Monthly,,,23.2,1443.0,10,0,Riya,India,Uttar Pradesh,Female,1993-03-27,2024-02-15,Y,61.0,2.0
8526-FADGR,2023-02-13,Organic,2024-02-13,Standard,Annual,,,14.22,971.0,17,0,Arjun,India,Karnataka,Male,1974-07-14,2024-01-14,Y,40.0,2.0
5110-MARJT,2024-08-07,Paid,2025-08-07,Standard,Annual,,,15.15,1033.0,29,0,Sneha,India,Kerala,Male,1972-02-02,2025-08-10,N,67.0,2.0
1148-HBHYM,2022-08-09,Organic,2022-09-08,Basic,Monthly,,,7.95,674.0,73,0,Aditya,India,Haryana,Male,1992-05-15,,,,
4408-HGRZT,2022-11-20,Referral,2022-12-20,Standard,Monthly,,,14.03,1333.0,30,0,Priya,India,Punjab,Male,1972-11-15,2024-12-20,N,25.0,2.0
7375-MCSVN,2023-08-05,Organic,2023-09-04,Standard,Monthly,,,15.56,900.0,73,0,Aarav,India,Karnataka,Male,1998-10-10,2025-07-16,Y,75.0,1.0
0936-SXFET,2026-02-09,Organic,2027-02-09,Basic,Annual,,,5.0,409.0,81,0,Ananya,India,Rajasthan,Male,1980-05-08,2026-05-20,N,34.0,1.0
3333-SSGBO,2023-05-14,Paid,2023-06-13,Premium,Monthly,,,22.83,1462.0,63,0,Vivaan,India,Maharashtra,Female,2007-09-21,2025-06-30,N,76.0,2.0
4091-WJGWT,2024-07-11,Paid,2025-07-11,Premium,Annual,2024-10-13,Not Enough Content,19.82,1221.0,29,1,Rohan,India,Delhi,Female,1972-11-26,2026-02-20,Y,10.0,2.0
6192-YUWUK,2024-05-28,Organic,2025-05-28,Basic,Annual,,,11.25,351.0,5,0,Nisha,India,Karnataka,Male,2009-11-14,2023-11-04,N,68.0,1.0
0645-PTZRO,2021-11-19,Organic,2021-12-19,Standard,Monthly,,,9.59,1026.0,44,0,Vikram,India,Karnataka,Female,2009-05-07,2026-02-02,N,75.0,2.0
5766-CABXU,2023-09-13,Organic,2023-10-13,Basic,Monthly,,,4.99,844.0,99,0,Arjun,India,Telangana,Female,1977-05-09,,,,
2619-LMGKJ,2025-06-02,Organic,2025-07-02,,Monthly,,,7.52,597.0,51,0,Vivaan,India,West Bengal,Female,1978-01-17,2025-11-12,N,66.0,2.0
6954-TCMZW,2024-11-27,Paid,2024-12-27,Basic,Monthly,2026-03-27,Poor Support,4.99,32.0,24,1,Aarav,India,Gujarat,Female,2000-09-30,2026-03-31,N,84.0,1.0
7941-TAZTX,2022-12-05,Refferal,2023-01-04,Standard,Monthly,2026-01-31,Service Quality,14.8,735.0,8,1,Pooja,India,Gujarat,Female,1976-09-08,2023-12-26,N,65.0,3.0
9090-GARLA,2021-01-17,Referral,2021-02-16,Standard,Monthly,2023-03-14,Poor Streaming Quality,14.06,664.0,57,1,Kavya,India,Maharashtra,Male,1987-10-06,2025-06-16,Y,88.0,2.0
2725-ZJGRR,2021-06-22,Paid,2022-06-22,Standard,Annual,,,14.97,1209.0,18,0,Rahul,India,Uttar Pradesh,Male,1973-08-16,2024-12-16,Y,41.0,2.0
3336-WPEIW,2024-03-29,Organic,2025-03-29,Standard,Annual,,,14.72,972.0,45,0,Riya,India,Kerala,Male,1994-04-23,,,,
0915-ARLGM,2022-06-03,Organic,2022-07-03,Basic,Monthly,2022-12-04,Not Enough Content,5.55,620.0,69,1,Sneha,India,Tamil Nadu,Male,1984-07-06,,,,
1855-JGPRX,2022-03-30,Organic,2022-04-29,Standard,Monthly,,,14.23,1086.0,64,0,Sanjay,India,Meghalaya,Male,1978-09-23,2023-08-20,N,41.0,2.0
0699-IGPNW,2023-03-27,Refferal,2023-04-26,Standard,Monthly,,,11.49,1322.0,21,0,Karan,India,Nagaland,Female,1991-02-05,,,,
9191-UFBXY,2021-10-16,Paid,2022-10-16,Basic,Annual,,,4.99,587.0,80,0,Priya,Nepal,Kathmandu,Female,1986-03-07,2026-02-23,Y,16.0,5.0
2521-BRPXO,2021-07-11,Paid,2022-07-11,,Annual,,,24.43,1767.0,8,0,Aditya,India,Telangana,Female,2004-11-21,,,,
7608-UADUE,2026-07-10,Paid,2026-08-09,Standard,Monthly,,,13.14,552.0,21,0,Arjun,India,Delhi,Female,2008-02-19,2026-05-22,Y,63.0,2.0
2080-TFDAM,2022-01-30,Organic,2023-01-30,Standard,Annual,2023-12-31,Poor Streaming Quality,15.3,591.0,46,1,Neha,India,West Bengal,Male,1994-11-04,2024-06-06,N,41.0,4.0
6376-TXQTF,2024-11-10,Paid,2025-11-10,Premium,Annual,2025-07-04,Service Quality,20.31,1891.0,4,1,Ishita,India,Telangana,Male,2002-11-30,2023-02-06,N,91.0,1.0
3419-HBZGL,2026-06-22,Organic,2027-06-22,Standard,Annual,,,15.07,969.0,1,0,Rohan,India,Karnataka,Female,2010-03-08,2025-11-17,N,42.0,3.0
3584-BXFCI,2025-03-27,Organic,2026-03-27,Standard,Annual,,,13.0,723.0,17,0,Rohan,India,Karnataka,Female,1984-06-11,2025-05-11,N,66.0,2.0
1458-ZEHHA,2026-05-19,Organic,2026-06-18,Basic,Monthly,,,9.89,57.0,51,0,Sneha,India,Maharashtra,Male,2001-10-24,2026-05-06,Y,41.0,2.0
0152-NGCHH,2022-03-25,Organic,2023-03-25,Basic,Annual,,,8.95,930.0,20,0,Aditya,India,Maharashtra,Female,2003-09-26,2025-03-07,Y,68.0,2.0
4254-ZHSTB,2024-01-23,Paid,2024-02-22,Standard,Monthly,2025-07-25,Poor Streaming Quality,13.3,1059.0,11,1,Vikram,India,Meghalaya,Female,2004-07-27,2026-02-06,N,17.0,3.0
5024-LNEMD,2022-07-14,Refferal,2023-07-14,Standard,Annual,,,13.27,1360.0,6,0,Meera,India,Nagaland,Female,2010-02-08,2025-10-05,Y,5.0,1.0
9458-PANYT,2021-11-09,Paid,2022-11-09,Premium,Annual,,,23.67,1497.0,14,0,Sanjay,India,Kerala,Male,1990-02-11,,,,
2746-XEGEX,2025-08-17,Organic,2025-09-16,Standard,Monthly,,,14.1,854.0,74,0,Rohan,India,Gujarat,Female,1998-10-30,2024-09-26,N,24.0,1.0
7175-NRGBV,2021-02-11,Referral,2021-03-13,Basic,Monthly,,,10.14,20.0,41,0,Riya,India,Karnataka,Male,1981-03-01,2025-11-17,N,29.0,2.0
9642-ABOBS,2021-09-07,Organic,2022-09-07,Standard,Annual,,,10.84,811.0,96,0,Meera,India,West Bengal,Male,2010-09-08,2025-08-20,N,75.0,1.0
9453-HHWJG,2021-05-23,Paid,2021-06-22,Premium,Monthly,,,24.64,1919.0,62,0,Rahul,India,Maharashtra,Female,2001-12-17,2024-09-25,N,95.0,1.0
0864-VYCUE,2025-05-21,Paid,2025-06-20,Premium,Monthly,,,25.34,1658.0,66,0,Riya,India,Delhi,Female,1975-01-11,2024-04-27,N,42.0,1.0
1409-JLWSD,2023-01-16,Organic,2023-02-15,Basic,Monthly,2026-08-04,Poor Streaming Quality,4.99,354.0,28,1,Neha,India,Meghalaya,Male,1977-05-17,2026-07-18,N,26.0,4.0
5850-WRFDL,2022-12-31,Paid,2023-12-31,Basic,Annual,2026-01-26,Service Quality,9.74,248.0,78,1,Neha,India,Kerala,Female,1988-08-23,2025-07-15,Y,57.0,2.0
4734-JCDNY,2021-09-10,Organic,2021-10-10,Premium,Monthly,,,21.99,1668.0,10,0,Sanjay,India,Telangana,Female,1992-03-18,2025-04-26,N,12.0,1.0
5988-LYRSO,2026-06-12,Organic,2026-07-12,Standard,Monthly,2026-08-04,Too Expensive,12.48,707.0,3,1,Ishita,Nepal,Kathmandu,Male,2008-11-09,2024-12-28,N,14.0,2.0
7633-NQQTX,2025-08-03,Paid,2026-08-03,Standard,Annual,2025-10-22,Poor Support,14.94,1272.0,45,1,Aarav,India,Telangana,Male,1984-12-18,2025-04-22,N,43.0,2.0
2959-SANXQ,2025-08-25,,2025-09-24,Standard,Monthly,,,14.01,587.0,64,0,Rohan,Nepal,Kathmandu,Female,1995-10-28,2025-08-20,N,33.0,1.0
2694-PJLFQ,2022-09-04,Organic,2023-09-04,Standard,Annual,2025-02-05,Forgot To Cancel Trial,14.13,844.0,3,1,Rohan,India,Uttar Pradesh,Male,1975-07-27,2024-04-23,N,94.0,1.0
2002-LYTKZ,2025-11-29,Paid,2025-12-29,Basic,Monthly,2026-07-25,Switched To Competitor,6.95,383.0,17,1,Amit,India,Haryana,Male,1981-04-10,2023-03-16,N,91.0,1.0
0163-YJVYP,2021-07-27,Referral,2021-08-26,Standard,Monthly,2023-09-03,Poor Support,12.45,751.0,83,1,Vivaan,India,Uttar Pradesh,Female,1996-10-04,2026-04-13,N,21.0,5.0
6113-TGEIM,2024-06-06,Refferal,2025-06-06,Standard,Annual,,,12.3,576.0,86,0,Rahul,India,Nagaland,Male,1993-10-24,,,,
7434-GOAAZ,2021-02-04,Refferal,2021-03-06,Basic,Monthly,,,,75.0,64,0,Arjun,India,Telangana,Male,1978-09-16,2026-06-02,Y,30.0,2.0
8505-WINRG,2025-05-30,Paid,2026-05-30,Standard,Annual,,,13.46,490.0,42,0,Amit,India,Gujarat,Male,1990-03-22,2024-09-06,N,62.0,1.0
7449-SKLHU,2026-02-08,Paid,2026-03-10,Basic,Monthly,2026-08-06,Too Expensive,9.04,421.0,73,1,Karan,India,Telangana,Male,2004-03-28,2026-03-31,N,68.0,2.0
9868-ZUJUG,2024-10-23,Paid,2025-10-23,Premium,Annual,2026-02-08,Poor Support,20.76,1977.0,25,1,Rohan,India,Uttar Pradesh,Female,1982-04-22,2026-05-02,N,17.0,1.0
8967-GKCCK,2025-12-25,Referral,2026-01-24,Basic,Monthly,,,6.3,359.0,94,0,Aditya,India,Nagaland,Male,2008-07-30,2025-11-09,N,10.0,1.0
5512-AWCZH,2025-09-21,Paid,2026-09-21,Standard,Annual,,,14.82,655.0,1,0,Priya,India,Rajasthan,Female,1993-10-19,2025-11-04,N,54.0,1.0
3804-EVTCC,2025-12-05,Paid,2026-01-04,Standard,Monthly,,,,634.0,78,0,Sanjay,India,Rajasthan,Male,1977-01-09,2025-10-19,N,80.0,2.0
6100-WCFOC,2021-01-04,Paid,2022-01-04,Basic,Annual,,,9.87,20.0,42,0,Priya,India,Karnataka,Male,1978-09-22,2026-07-07,Y,40.0,1.0
3061-AMSKG,2026-05-30,Organic,2026-06-29,Standard,Monthly,,,12.39,641.0,41,0,Sanjay,India,Uttar Pradesh,Female,1989-07-15,2025-01-21,N,30.0,1.0
4256-NECEZ,2022-05-20,Referral,2023-05-20,Premium,Annual,,,27.67,1629.0,71,0,Kavya,India,Maharashtra,Female,1995-07-08,2026-02-24,N,18.0,2.0
7235-DHKEW,2026-04-28,Organic,2026-05-28,Standard,Monthly,2026-07-08,Poor Support,13.56,1008.0,80,1,Rahul,India,West Bengal,Male,1997-04-28,2025-12-27,Y,97.0,2.0
9406-GAGPV,2025-02-08,Organic,2025-03-10,Standard,Monthly,,,14.35,819.0,20,0,Vivaan,India,Delhi,Male,1992-06-10,2025-04-25,Y,95.0,2.0
3410-HGAAL,2021-10-21,Organic,2022-10-21,Premium,Annual,2023-08-25,Poor Support,23.17,1324.0,17,1,Vivaan,India,Maharashtra,Female,1990-07-21,,,,
6184-AFXZQ,2021-03-18,Referral,2021-04-17,Standard,Monthly,,,12.87,741.0,50,0,Sanjay,India,Meghalaya,Female,1991-05-02,,,,
5227-PJFJS,2022-05-06,Paid,2023-05-06,Premium,Annual,,,23.97,1397.0,15,0,Neha,India,Uttar Pradesh,Female,1970-10-27,,,,
6633-RPBQW,2025-10-03,Organic,2026-10-03,Standard,Annual,,,10.49,713.0,50,0,Karan,India,Delhi,Female,1973-01-25,,,,
6496-PFULG,2021-06-23,Referral,2021-07-23,Standard,Monthly,2022-06-19,Switched To Competitor,16.16,775.0,53,1,Neha,India,Haryana,Female,2000-10-17,2024-06-04,Y,53.0,1.0
4910-DYSIU,2024-08-06,Organic,2025-08-06,,Annual,,,15.36,1020.0,99,0,Aarav,India,Telangana,Female,1973-09-29,2025-04-12,N,57.0,2.0
0564-KQASV,2023-08-11,Organic,2023-09-10,Standard,Monthly,,,11.55,832.0,25,0,Aditya,India,West Bengal,Female,1979-05-29,2026-03-23,Y,75.0,1.0
5950-FTITQ,2022-06-02,Organic,2023-06-02,Standard,Annual,,,12.98,,68,0,Vikram,India,Delhi,Male,1999-11-14,2026-06-18,Y,80.0,2.0
0955-CABHA,2022-07-17,Refferal,2022-08-16,Premium,Monthly,,,24.73,1832.0,21,0,Vivaan,India,Nagaland,Male,2006-02-13,,,,
9385-XEITR,2024-04-26,Refferal,2024-05-26,Standard,,2026-01-11,Poor Support,15.81,652.0,80,1,Aarav,India,Tamil Nadu,Male,2007-07-06,2026-06-01,N,35.0,2.0
5825-ZQRNN,2021-09-03,Organic,2022-09-03,Basic,Annual,,,4.99,941.0,78,0,Amit,India,Maharashtra,Male,1998-02-17,2025-11-17,Y,73.0,5.0
2927-NXJDP,2023-04-23,Refferal,2023-05-23,Premium,Monthly,,,25.59,1614.0,48,0,Sneha,India,West Bengal,Male,1983-12-08,,,,
7856-YOUGL,2023-06-12,Refferal,2023-07-12,Standard,Monthly,2025-01-14,Poor Streaming Quality,14.63,958.0,66,1,Priya,India,Karnataka,Male,1972-12-08,,,,
4203-ISWID,2023-11-29,Organic,2024-11-28,Basic,Annual,2024-08-20,Not Enough Content,10.18,255.0,47,1,Ishita,India,Uttar Pradesh,Female,1987-10-15,,,,
8257-WYGSS,2024-06-15,Paid,2024-07-15,Standard,Monthly,2025-04-13,Service Quality,11.91,832.0,95,1,Priya,India,Gujarat,Female,1985-08-12,2025-06-08,N,97.0,2.0
7904-UYMBE,2024-03-31,Organic,2024-04-30,Basic,Monthly,,,8.66,183.0,13,0,Karan,India,West Bengal,Male,2004-11-24,2024-07-29,Y,74.0,1.0
8868-VAJGI,2021-11-21,Refferal,2021-12-21,Premium,Monthly,2022-12-19,Switched To Competitor,,1334.0,88,1,Rahul,India,Kerala,Male,2009-07-20,2026-07-09,N,85.0,1.0
6395-NMLQR,2023-05-11,Paid,2024-05-10,Basic,Annual,,,5.34,373.0,83,0,Arjun,India,Haryana,Female,2009-01-04,2026-04-08,N,55.0,2.0
0457-DILZX,2022-01-13,Organic,2022-02-12,Basic,Monthly,2025-07-30,Poor Support,5.58,207.0,19,1,Priya,India,Kerala,Female,1990-03-20,2026-05-07,N,62.0,2.0
6495-ACLPR,2022-08-27,Organic,2023-08-27,Basic,Annual,2026-01-09,Poor Streaming Quality,4.99,437.0,63,1,Amit,India,West Bengal,Female,2001-09-30,,,,
1439-XMPBV,2022-05-31,Organic,2022-06-30,Basic,Monthly,2024-11-01,Poor Streaming Quality,6.52,573.0,78,1,Aditya,India,Rajasthan,Female,2000-12-14,2025-01-09,N,72.0,2.0
5440-FIJAY,2026-05-02,Refferal,2026-06-01,Basic,Monthly,,,7.71,266.0,14,0,Aarav,India,Gujarat,Female,1980-06-03,,,,
8033-XJOLM,2022-01-01,Referral,2023-01-01,Basic,Annual,,,8.49,142.0,56,0,Aarav,India,Kerala,Female,1990-08-12,2023-06-30,Y,58.0,1.0
5898-LUBFX,2021-09-23,Paid,2021-10-23,Basic,Monthly,2025-03-08,Too Expensive,7.31,20.0,77,1,Sneha,India,Maharashtra,Female,1979-11-09,2024-07-10,Y,95.0,1.0
8825-VJLAH,2024-01-26,Paid,2024-02-25,Premium,Monthly,,,23.71,1657.0,32,0,Meera,India,Delhi,Male,2009-07-07,2026-05-14,N,27.0,2.0
7270-IMDMS,2022-12-22,Referral,2023-12-22,Standard,Annual,,,13.08,853.0,69,0,Ishita,India,Karnataka,Male,1995-12-29,,,,
5730-OXGHQ,2026-03-24,Organic,2027-03-24,Standard,Annual,,,15.04,487.0,93,0,Kavya,India,Karnataka,Male,1973-06-03,2026-06-26,Y,86.0,2.0
4813-ZBDIL,2025-06-08,Organic,2025-07-08,Premium,Monthly,2026-05-25,Service Quality,23.31,1645.0,89,1,Rohan,India,Rajasthan,Male,1974-09-16,,,,
8906-MLELN,2022-03-31,Organic,2022-04-30,Basic,Monthly,,,4.99,20.0,56,0,Neha,India,Punjab,Male,1991-09-13,,,,
5847-PLEDE,2025-08-16,Organic,2025-09-15,Premium,Monthly,2026-04-12,Forgot To Cancel Trial,21.04,2058.0,25,1,Vivaan,India,Nagaland,Male,1999-10-01,,,,
6194-WWICQ,2025-02-12,Refferal,2026-02-12,Premium,Annual,,,23.82,1315.0,85,0,Kavya,India,Karnataka,Female,1979-11-10,2023-01-14,N,51.0,1.0
0406-QJVQT,2024-02-15,Organic,2024-03-16,Basic,Monthly,2024-10-14,Poor Streaming Quality,8.83,531.0,43,1,Vivaan,India,Haryana,Female,1973-08-26,,,,
4071-VNQJL,2022-09-09,Paid,2023-09-09,Standard,Annual,2022-10-25,Poor Support,15.16,714.0,16,1,Karan,India,Meghalaya,Female,1997-07-15,,,,
8404-KAJKK,2021-05-25,Organic,2021-06-24,Standard,Monthly,,,12.33,828.0,80,0,Karan,India,Delhi,Male,1990-10-23,2023-02-17,Y,9.0,1.0
0728-DILAK,2023-01-01,Refferal,2023-01-31,Standard,Monthly,,,14.51,990.0,40,0,Ishita,India,Punjab,Male,1987-09-14,,,,
3217-AGHDT,2023-02-20,Organic,2024-02-20,Premium,Annual,,,25.17,1107.0,9,0,Arjun,India,Meghalaya,Female,1982-09-23,2025-10-26,Y,82.0,2.0
0745-PRUOO,2021-08-18,Organic,2022-08-18,Premium,Annual,,,25.41,,77,0,Rohan,India,Tamil Nadu,Female,1980-10-20,2026-07-14,N,71.0,2.0
7613-WFUMC,2025-07-11,Refferal,2025-08-10,Basic,Monthly,,,5.87,370.0,67,0,Priya,India,Rajasthan,Male,1994-09-14,2026-06-20,N,6.0,1.0
6132-ZDAXP,2026-04-02,Organic,2026-05-02,Standard,Monthly,2026-06-08,Poor Support,14.27,648.0,78,1,Karan,India,West Bengal,Female,2010-04-17,2024-07-14,Y,50.0,1.0
2209-UKIHP,2024-01-26,Referral,2024-02-25,Premium,Monthly,2024-07-06,Poor Support,22.6,1496.0,30,1,Vikram,India,West Bengal,Male,1996-08-05,2024-10-23,Y,97.0,2.0
1366-JHBTA,2025-08-30,Organic,2025-09-29,Premium,Monthly,2025-11-27,Switched To Competitor,22.62,1704.0,72,1,Nisha,India,Gujarat,Male,1998-03-02,2023-01-20,Y,33.0,1.0
9597-CJCJP,2022-08-22,Referral,2022-09-21,Standard,Monthly,2024-03-12,Poor Support,15.67,628.0,3,1,Riya,India,West Bengal,Male,1997-08-23,2023-10-13,N,67.0,1.0
0896-NULCR,2023-08-09,Organic,2023-09-08,Premium,Monthly,,,26.45,1657.0,59,0,Meera,India,Delhi,Male,1996-03-13,2025-12-09,N,49.0,2.0
1884-ALHAU,2022-02-23,Organic,2022-03-25,Standard,Monthly,,,14.26,892.0,54,0,Kavya,India,Telangana,Female,1975-08-13,2025-10-10,Y,92.0,1.0
6006-XMLVC,2022-05-09,Paid,2022-06-08,Standard,Monthly,,,15.63,780.0,21,0,Riya,India,Tamil Nadu,Male,2005-07-16,2026-01-30,N,68.0,1.0
3631-UHXHK,2021-09-17,Paid,2021-10-17,Basic,Monthly,2025-04-25,Not Enough Content,10.26,259.0,43,1,Riya,India,Nagaland,Female,1974-02-28,2026-03-28,Y,37.0,6.0
8975-GZBGP,2021-05-04,Refferal,2022-05-04,Standard,Annual,2022-12-27,Forgot To Cancel Trial,14.6,913.0,76,1,Vikram,India,Maharashtra,Male,1988-10-08,2023-11-18,Y,84.0,2.0
5950-XYRRI,2025-02-19,Organic,2026-02-19,Basic,Annual,2026-05-03,Switched To Competitor,9.1,366.0,51,1,Nisha,India,Telangana,Female,2007-09-23,2025-07-02,N,97.0,1.0
8060-QAVJM,2023-10-15,Paid,2023-11-14,Premium,Monthly,2024-04-15,Service Quality,20.33,2078.0,46,1,Pooja,India,Meghalaya,Male,2006-07-17,2023-02-25,N,42.0,1.0
4872-VGKBJ,2021-07-07,Organic,2022-07-07,Standard,Annual,2022-06-29,Poor Support,12.81,874.0,66,1,Aarav,India,Meghalaya,Female,2004-10-21,2025-12-27,N,62.0,2.0
0905-PXMXZ,2023-10-21,Referral,2023-11-20,Basic,Monthly,,,4.99,45.0,96,0,Sneha,India,Gujarat,Male,1992-12-04,2023-02-20,N,35.0,1.0
0560-NNKVK,2021-06-17,Organic,2022-06-17,Basic,Annual,2026-08-29,Too Expensive,,508.0,52,1,Nisha,India,Telangana,Female,1979-06-02,2023-01-12,N,43.0,1.0
0574-OFJNS,2024-02-01,Organic,2024-03-02,Standard,Monthly,2024-04-22,Poor Streaming Quality,11.99,677.0,20,1,Rohan,India,Meghalaya,Male,1992-04-24,2024-06-21,N,8.0,1.0
2798-JBJPQ,2022-09-27,Organic,2022-10-27,Premium,Monthly,,,21.8,1250.0,22,0,Meera,India,Haryana,Female,1973-11-12,2025-07-02,N,91.0,1.0
2949-BPRCN,2025-06-14,Referral,2026-06-14,Standard,Annual,,,11.72,502.0,36,0,Pooja,India,Uttar Pradesh,Male,2006-11-30,,,,
0972-LQSST,2021-07-19,,2021-08-18,Standard,Monthly,,,12.46,707.0,62,0,Vikram,India,Nagaland,Female,1995-08-31,2023-03-09,Y,21.0,1.0
2430-WJJUI,2023-04-04,Paid,2023-05-04,Standard,Monthly,,,13.14,358.0,33,0,Aarav,India,Nagaland,Male,2010-09-01,2024-05-01,N,15.0,1.0
0770-SRPDQ,2025-12-24,Paid,2026-01-23,Basic,Monthly,,,7.65,314.0,40,0,Nisha,India,Nagaland,Male,1973-04-08,2026-02-15,N,57.0,2.0
2003-ONUZE,2024-02-21,Referral,2025-02-20,Basic,Annual,2024-09-21,Not Enough Content,5.05,765.0,26,1,Nisha,India,Delhi,Male,2000-08-02,2023-02-10,N,69.0,1.0
1168-OYEMK,2022-06-19,Organic,2023-06-19,Standard,Annual,2026-01-12,Not Enough Content,13.78,412.0,78,1,Pooja,India,Delhi,Male,2000-01-18,,,,
3196-RHMVJ,2025-12-07,Paid,2026-01-06,Standard,Monthly,,,15.71,1146.0,57,0,Sneha,India,Kerala,Female,2008-01-14,2023-09-22,Y,5.0,2.0
0234-XHUTN,2026-01-07,Refferal,2027-01-07,Standard,Annual,2026-05-12,Too Expensive,12.14,353.0,94,1,Arjun,India,Nagaland,Female,1984-10-23,2026-02-14,Y,70.0,2.0
0899-YRLWU,2025-02-15,Refferal,2025-03-17,Standard,Monthly,,,15.79,97.0,17,0,Vikram,India,Telangana,Male,1988-01-16,2026-07-14,N,47.0,5.0
7608-EQHCI,2023-03-05,Refferal,2024-03-04,Basic,Annual,,,7.47,230.0,72,0,Rohan,India,Tamil Nadu,Female,2006-08-25,,,,
1061-CSNKE,2022-12-07,Organic,2023-01-06,Premium,Monthly,,,22.54,1506.0,2,0,Ishita,India,Karnataka,Male,2009-05-22,2023-12-29,N,71.0,2.0
7714-QPEDD,2024-09-08,Organic,2024-10-08,Premium,Monthly,2025-10-29,Poor Support,21.63,1033.0,14,1,Ananya,Nepal,Kathmandu,Female,1987-03-31,2023-06-08,N,9.0,1.0
0273-ZJRZY,2026-03-05,Organic,2026-04-04,Premium,Monthly,,,24.44,1418.0,63,0,Priya,India,Telangana,Male,1984-02-18,2025-11-12,N,59.0,2.0
3221-MMATO,2026-06-17,Organic,2027-06-17,Standard,Annual,,,15.83,1233.0,57,0,Vivaan,India,Tamil Nadu,Female,1979-06-06,2025-05-08,N,71.0,1.0
3729-OTAQW,2026-02-08,Organic,2026-03-10,Basic,Monthly,,,7.1,60.0,29,0,Ishita,India,Maharashtra,Male,1985-09-29,2025-07-27,N,19.0,2.0
7269-QCTTM,2022-01-15,Organic,2023-01-15,,,,,25.58,1237.0,35,0,Neha,India,Uttar Pradesh,Male,1978-07-20,2026-07-02,N,90.0,2.0
5836-QDGUZ,2024-08-28,Organic,2024-09-27,Premium,Monthly,,,21.56,1463.0,31,0,Meera,India,Gujarat,Female,1994-06-26,2025-05-30,N,59.0,2.0
2718-KXEGB,2026-04-07,Paid,2027-04-07,Premium,Annual,,,26.65,1618.0,61,0,Riya,Nepal,Kathmandu,Male,1997-12-03,2026-02-09,N,12.0,2.0
2365-QJZXX,2025-04-01,Paid,2025-05-01,Basic,Monthly,2025-10-26,Switched To Competitor,6.65,132.0,13,1,Sanjay,India,Uttar Pradesh,Male,1981-05-26,2025-05-03,Y,85.0,1.0
7269-SNZCS,2023-07-24,Organic,2024-07-23,Standard,Annual,2025-12-23,Poor Support,13.75,509.0,6,1,Aarav,India,Gujarat,Female,1998-06-03,2023-03-22,Y,44.0,1.0
1423-IGPUC,2026-01-07,Organic,2026-02-06,Standard,Monthly,2026-02-01,Poor Support,16.14,666.0,87,1,Riya,India,Tamil Nadu,Male,1990-08-28,2026-02-07,N,41.0,3.0
6025-FCKPF,2025-05-13,Organic,2026-05-13,Standard,Annual,2026-01-29,Poor Streaming Quality,14.41,1181.0,86,1,Riya,India,Tamil Nadu,Female,2010-03-25,2024-04-01,N,13.0,2.0
3912-YJZVJ,2026-03-09,Paid,2027-03-09,Premium,Annual,,,23.37,1272.0,1,0,Sneha,India,Nagaland,Female,1977-06-20,2026-05-14,N,29.0,1.0
5777-SMKID,2025-10-12,Paid,2025-11-11,Basic,Monthly,,,7.8,319.0,70,0,Karan,India,Rajasthan,Female,1982-06-16,2025-05-12,N,85.0,1.0
0272-IUGEI,2024-12-12,Referral,2025-01-11,Basic,Monthly,2025-01-20,Poor Streaming Quality,8.64,328.0,17,1,Ishita,Nepal,Kathmandu,Female,1996-01-20,,,,
5997-FFCIF,2024-10-19,Referral,2024-11-18,Basic,Monthly,,,4.99,333.0,40,0,Sanjay,India,Uttar Pradesh,Female,2002-06-20,,,,
8315-XJCCI,2026-04-03,Paid,2026-05-03,Basic,Monthly,,,7.79,522.0,32,0,Sanjay,India,Nagaland,Female,2004-11-16,2025-04-23,N,63.0,1.0
4647-NHJHN,2022-07-09,Organic,2023-07-09,Basic,Annual,,,7.36,31.0,38,0,Kavya,India,West Bengal,Female,1972-02-18,2025-05-26,N,98.0,2.0
6975-BMQRO,2021-12-21,Paid,2022-01-20,Basic,Monthly,,,5.52,533.0,35,0,Meera,India,Karnataka,Female,2000-06-25,,,,
5262-RJOIL,2026-01-09,Paid,2026-02-08,Standard,Monthly,,,12.64,725.0,1,0,Rohan,India,Tamil Nadu,Female,2002-04-08,2026-01-18,Y,34.0,2.0
1261-JDFKN,2021-07-31,Organic,2021-08-30,Standard,Monthly,2024-06-27,Not Enough Content,13.13,679.0,95,1,Sanjay,India,Rajasthan,Female,1981-08-24,2025-11-09,N,74.0,1.0
9420-AXISR,2025-12-29,Refferal,2026-01-28,Premium,Monthly,,,23.03,1348.0,82,0,Ishita,India,Telangana,Female,2003-05-17,2023-01-13,N,58.0,1.0
9708-CZBWQ,2023-06-30,Organic,2023-07-30,Standard,Monthly,2024-03-13,Too Expensive,12.79,1043.0,72,1,Karan,India,West Bengal,Male,2008-03-03,2023-04-04,N,48.0,1.0
4831-KCUSY,2024-09-09,Paid,2025-09-09,Basic,Annual,,,6.84,639.0,91,0,Aarav,India,Maharashtra,Female,1971-08-04,2024-05-07,Y,32.0,1.0
7309-YXLSG,2024-06-11,Organic,2025-06-11,Premium,Annual,,,25.73,1311.0,91,0,Aarav,India,Nagaland,Female,1986-08-10,2023-05-13,N,68.0,1.0
7956-PLQHQ,2025-07-11,Referral,2025-08-10,Standard,Monthly,,,15.18,410.0,91,0,Vivaan,India,Maharashtra,Male,1996-02-21,2026-02-26,N,52.0,1.0
4760-IZBTF,2021-09-11,Organic,2021-10-11,Basic,Monthly,,,5.05,20.0,26,0,Pooja,India,Maharashtra,Female,1992-02-08,2025-08-09,Y,58.0,2.0
2243-ECDVY,2021-09-14,Organic,2021-10-14,Standard,Monthly,,,12.67,587.0,12,0,Aditya,India,Telangana,Male,1979-03-21,2024-12-02,N,12.0,2.0
5857-AWPNY,2021-08-06,Refferal,2021-09-05,Standard,Monthly,,,15.82,1117.0,70,0,Pooja,India,Delhi,Female,1971-09-03,2025-12-11,N,51.0,2.0
4111-JUNSS,2025-11-03,Organic,2025-12-03,Standard,Monthly,,,12.56,611.0,76,0,Sanjay,Nepal,Kathmandu,Male,2003-11-05,2023-07-04,N,82.0,1.0
8397-IBMQV,2026-07-13,Organic,2026-08-12,Standard,Monthly,,,12.8,777.0,23,0,Sanjay,India,Gujarat,Female,1970-07-18,2026-04-17,N,19.0,3.0
2687-TVVVZ,2021-02-04,Paid,2021-03-06,Basic,,,,4.99,407.0,30,0,Neha,India,Telangana,Male,1972-07-12,2026-05-02,N,79.0,2.0
6618-JLTGP,2023-06-11,Organic,2024-06-10,Basic,,2025-09-29,Switched To Competitor,5.83,585.0,97,1,Aditya,India,Uttar Pradesh,Male,1978-06-01,2024-01-04,N,54.0,1.0
5736-RKTBT,2021-06-29,Organic,2021-07-29,Basic,Monthly,2024-05-05,Poor Support,8.4,798.0,95,1,Priya,India,Meghalaya,Male,1997-07-12,2025-01-23,N,58.0,2.0
8122-XXJBQ,2023-09-27,Paid,2024-09-26,Premium,Annual,,,20.11,1324.0,41,0,Neha,India,Haryana,Male,1997-08-04,2023-07-30,Y,84.0,2.0
0923-HSPPT,2021-07-08,Paid,2022-07-08,Standard,Annual,2025-01-11,Too Expensive,12.37,822.0,10,1,Nisha,India,Karnataka,Male,1989-01-03,2023-12-03,N,95.0,2.0
1667-UPKMN,2021-08-30,Organic,2022-08-30,Standard,Annual,2026-05-12,Service Quality,14.15,687.0,8,1,Arjun,India,Haryana,Male,1970-08-10,,,,
5513-IFEIG,2025-01-06,Paid,2025-02-05,Standard,Monthly,2026-03-01,Poor Streaming Quality,14.3,981.0,6,1,Neha,India,Maharashtra,Female,2002-02-08,2026-05-01,N,25.0,2.0
5172-XCIBZ,2024-07-01,Organic,2025-07-01,Standard,Annual,,,16.21,516.0,80,0,Vikram,Nepal,Kathmandu,Male,1996-09-29,2025-08-27,Y,87.0,2.0
7014-GKSYO,2021-08-16,Refferal,2021-09-15,Basic,Monthly,2025-09-06,Poor Support,7.9,523.0,35,1,Nisha,India,Telangana,Female,1988-02-23,2024-02-01,Y,78.0,1.0
2726-SRQBS,2023-01-14,Organic,2023-02-13,Premium,Monthly,,,23.13,1762.0,2,0,Aditya,India,West Bengal,Female,1977-05-04,2023-10-01,N,93.0,1.0
0219-XWOQB,2023-05-04,Organic,2023-06-03,Basic,Monthly,2026-08-20,Forgot To Cancel Trial,8.82,61.0,21,1,Amit,India,Gujarat,Male,2008-01-10,2024-08-09,Y,44.0,1.0
8746-HGSYM,2023-11-23,Organic,2023-12-23,Standard,Monthly,2024-06-25,Switched To Competitor,,934.0,35,1,Vivaan,India,Delhi,Male,1992-05-11,2024-01-08,Y,18.0,2.0
5086-OHPYJ,2023-05-19,Paid,2023-06-18,Premium,Monthly,,,23.51,1531.0,47,0,Riya,India,Uttar Pradesh,Male,1990-02-28,2024-02-08,Y,41.0,1.0
7735-UWSXS,2023-09-17,Organic,2024-09-16,Standard,Annual,,,15.66,897.0,38,0,Rahul,India,Uttar Pradesh,Female,1998-06-04,2024-08-17,Y,63.0,1.0
9761-SVXZP,2024-03-01,Referral,2025-03-01,Standard,Annual,,,11.21,614.0,33,0,Amit,India,Nagaland,Male,1988-06-08,2024-05-03,Y,26.0,1.0
7108-ZJDWQ,2021-09-02,Paid,2021-10-02,Standard,Monthly,2024-09-28,Not Enough Content,16.28,701.0,67,1,Ananya,India,Rajasthan,Male,1976-09-21,2026-05-04,N,99.0,5.0
4298-SAMGH,2022-08-20,Refferal,2022-09-19,Basic,Monthly,,,9.12,692.0,31,0,Karan,India,Delhi,Male,1975-11-27,2026-06-13,Y,50.0,5.0
9692-ODJGX,2022-04-11,Organic,2022-05-11,Standard,Monthly,,,14.87,866.0,22,0,Rahul,India,Nagaland,Male,1983-03-30,2024-11-01,N,89.0,1.0
2929-JIEUO,2024-03-16,Refferal,2025-03-16,,Annual,2024-05-25,Not Enough Content,14.92,965.0,45,1,Priya,India,Punjab,Female,1974-02-27,2024-03-05,N,7.0,3.0
4382-KRCYO,2023-07-30,Organic,2023-08-29,Basic,Monthly,,,6.92,74.0,73,0,Ishita,India,Kerala,Female,2001-12-04,2025-01-11,Y,60.0,2.0
2294-NWENP,2022-07-18,Organic,2022-08-17,Basic,Monthly,,,6.98,20.0,79,0,Aditya,India,Haryana,Female,1971-02-07,2025-02-26,N,51.0,1.0
8104-OTUXJ,2025-12-03,Organic,2026-01-02,Standard,Monthly,,,15.04,665.0,81,0,Nisha,India,Nagaland,Female,2007-03-30,2026-06-12,N,38.0,2.0
7045-GVYHO,2025-06-06,Paid,2026-06-06,Standard,Annual,,,14.68,907.0,75,0,Vivaan,India,Meghalaya,Female,1981-01-01,2025-11-02,N,12.0,2.0
8226-ASVWF,2026-04-22,Paid,2026-05-22,Standard,Monthly,,,12.81,994.0,3,0,Rohan,India,Haryana,Male,2000-01-23,2024-08-30,N,90.0,1.0
7576-UASQZ,2022-07-12,Refferal,2022-08-11,Premium,Monthly,,,23.08,1048.0,44,0,Riya,India,Rajasthan,Female,2000-08-19,2025-03-02,Y,70.0,1.0
0453-ZOHKT,2024-06-07,Refferal,2024-07-07,Basic,Monthly,,,5.59,333.0,67,0,Arjun,India,Haryana,Male,1987-01-22,2025-12-26,N,76.0,1.0
9959-IZQEP,2025-12-20,Organic,2026-12-20,Basic,Annual,,,,518.0,49,0,Karan,India,Delhi,Male,1994-08-05,2024-08-17,N,46.0,1.0
8021-BCAOB,2021-07-02,Organic,2021-08-01,Basic,Monthly,,,8.89,20.0,31,0,Vikram,Nepal,Kathmandu,Male,1970-11-24,2023-05-06,N,36.0,1.0
9321-DBGTX,2025-01-31,Organic,2026-01-31,Basic,Annual,2026-03-26,Poor Support,11.0,20.0,27,1,Rohan,India,Maharashtra,Female,2006-04-30,2024-01-23,N,58.0,1.0
2527-NUUDV,2023-06-25,Paid,2024-06-24,Basic,Annual,,,7.23,411.0,64,0,Ananya,India,Rajasthan,Male,1984-07-18,2023-07-09,N,52.0,1.0
8675-TNKXW,2023-11-10,Paid,2023-12-10,Standard,Monthly,2024-01-19,Not Enough Content,12.75,782.0,54,1,Sanjay,India,Uttar Pradesh,Male,1981-05-30,2024-07-25,N,12.0,1.0
5193-TKTCX,2025-05-04,Referral,2025-06-03,Standard,Monthly,2026-07-10,Forgot To Cancel Trial,15.72,1045.0,38,1,Rohan,India,Maharashtra,Male,1984-04-29,2025-11-17,N,55.0,3.0
5166-PENAX,2023-04-26,Paid,2024-04-25,Basic,Annual,,,8.74,189.0,51,0,Meera,India,Delhi,Female,1982-07-19,2024-11-09,N,82.0,1.0
7493-LVVDB,2025-08-06,Refferal,2025-09-05,Standard,Monthly,,,15.95,455.0,62,0,Sneha,India,Maharashtra,Male,1985-01-25,,,,
2553-AONNB,2025-07-29,Organic,2026-07-29,Premium,Annual,,,19.78,1237.0,16,0,Ishita,Nepal,Kathmandu,Female,2000-02-17,2024-06-29,N,49.0,2.0
9183-ZPAKS,2024-04-21,Paid,2024-05-21,Basic,Monthly,2024-11-20,Too Expensive,6.2,20.0,87,1,Rahul,India,West Bengal,Male,1974-10-28,2025-05-11,N,31.0,2.0
7492-GVZNJ,2024-09-10,Organic,2025-09-10,Premium,Annual,,,21.58,1352.0,31,0,Karan,India,Delhi,Male,1993-04-22,2023-06-23,N,66.0,1.0
5272-ANAAO,2021-02-28,,2022-02-28,Premium,Annual,,,20.45,1083.0,37,0,Ananya,Nepal,Kathmandu,Male,1970-10-31,2025-03-02,N,37.0,1.0
5119-ZNZUI,2022-08-16,Organic,2023-08-16,Premium,Annual,2025-04-21,Switched To Competitor,20.74,1461.0,7,1,Karan,India,Rajasthan,Male,1994-10-03,2026-05-12,N,78.0,2.0
9262-MPCFN,2025-11-29,Organic,2025-12-29,Basic,Monthly,2026-05-19,Switched To Competitor,4.99,434.0,16,1,Meera,India,Telangana,Female,1975-12-28,2026-07-15,Y,62.0,4.0
2729-PCGRP,2024-05-21,Organic,2024-06-20,Premium,Monthly,,,21.83,1544.0,41,0,Ananya,India,Meghalaya,Female,1971-05-28,,,,
9835-XVAPF,2026-01-12,Organic,2027-01-12,Premium,Annual,,,23.73,1437.0,29,0,Ishita,India,Rajasthan,Male,2009-08-10,2025-09-14,N,6.0,2.0
2686-FLDNE,2024-10-12,Paid,2025-10-12,Basic,Annual,,,6.48,450.0,21,0,Rahul,India,Telangana,Female,1997-10-08,2025-06-10,N,55.0,2.0
5016-QECUT,2023-04-04,Referral,2024-04-03,Basic,Annual,,,7.69,20.0,37,0,Vivaan,India,West Bengal,Male,1975-09-16,,,,
2632-XFYCR,2021-12-02,Paid,2022-01-01,Basic,Monthly,,,8.65,326.0,12,0,Ishita,Nepal,Kathmandu,Female,1994-09-15,2026-04-02,N,59.0,2.0
0215-FKCLG,2024-10-27,Organic,2024-11-26,Standard,Monthly,,,15.09,951.0,35,0,Karan,India,Telangana,Male,2003-01-10,2025-07-29,N,99.0,2.0
1011-ZZZEJ,2021-01-11,Organic,2021-02-10,Basic,Monthly,2025-11-05,Service Quality,4.99,270.0,77,1,Sanjay,India,Maharashtra,Male,1978-11-02,2026-05-19,N,86.0,2.0
3290-IKNMH,2022-05-21,Organic,2022-06-20,Basic,Monthly,,,7.17,709.0,96,0,Sneha,India,Nagaland,Male,1989-08-19,2025-04-11,N,41.0,2.0
9797-ZIFNJ,2024-08-29,Organic,2024-09-28,Premium,Monthly,,,24.46,1691.0,29,0,Sanjay,India,Punjab,Male,2000-08-03,2023-12-15,N,99.0,2.0
9870-LBDBJ,2021-05-20,Organic,2021-06-19,Basic,Monthly,,,6.35,597.0,42,0,Pooja,India,Kerala,Male,1978-07-21,2026-04-18,N,73.0,5.0
3181-WXDYP,2023-10-30,Paid,2023-11-29,Basic,Monthly,2024-07-08,Service Quality,8.31,658.0,83,1,Meera,India,Punjab,Female,1974-03-09,2025-06-22,N,50.0,1.0
3084-KLEWA,2026-05-25,Refferal,2027-05-25,Basic,Annual,,,6.71,229.0,46,0,Arjun,India,West Bengal,Male,2010-06-09,2025-06-03,N,35.0,2.0
0719-HDBJJ,2025-02-05,Organic,2025-03-07,Premium,Monthly,2025-08-29,Poor Streaming Quality,17.43,1788.0,5,1,Arjun,India,Meghalaya,Female,1980-12-10,2023-10-07,N,53.0,1.0
1276-VWSNY,2021-03-30,Organic,2021-04-29,Basic,Monthly,2025-02-06,Not Enough Content,8.72,258.0,63,1,Meera,India,Delhi,Female,2007-09-04,2026-05-28,Y,24.0,4.0
3520-LASCR,2022-06-02,Refferal,2023-06-02,Standard,Annual,2026-06-07,Poor Support,15.57,1208.0,100,1,Rohan,India,Karnataka,Female,1997-05-30,2026-04-22,N,7.0,2.0
7828-FPHKN,2023-12-18,Paid,2024-01-17,Standard,Monthly,,,13.73,1021.0,97,0,Aarav,Nepal,Kathmandu,Female,1991-05-02,2025-07-15,Y,71.0,1.0
2512-UKMVF,2023-02-19,Referral,2024-02-19,Standard,Annual,,,14.37,,20,0,Sanjay,India,Rajasthan,Male,1992-04-28,2024-05-28,Y,8.0,2.0
4535-ZKDHY,2025-07-27,Refferal,2026-07-27,Standard,Annual,,,15.12,729.0,4,0,Sneha,India,Meghalaya,Male,1978-01-16,2024-09-10,N,67.0,1.0
7596-VGVKU,2023-05-01,Paid,2023-05-31,Basic,Monthly,2023-05-11,Service Quality,5.97,454.0,83,1,Kavya,India,Maharashtra,Male,2010-12-12,2025-12-29,N,73.0,1.0
8810-FYQTT,2026-02-18,Referral,2026-03-20,Standard,Monthly,,,9.22,696.0,23,0,Sanjay,India,Uttar Pradesh,Female,2003-12-21,,,,
1704-TFHDE,2023-07-30,Organic,2023-08-29,Premium,Monthly,,,24.8,1077.0,74,0,Priya,Nepal,Kathmandu,Male,1987-08-10,,,,
9788-IKMSO,2021-08-24,Organic,2021-09-23,Standard,Monthly,2023-05-14,Forgot To Cancel Trial,12.73,555.0,9,1,Nisha,Nepal,Kathmandu,Male,1996-01-28,2023-04-02,Y,29.0,1.0
5372-VMTXR,2023-12-20,Referral,2024-12-19,Premium,,,,19.88,1787.0,58,0,Kavya,India,Haryana,Female,2000-09-21,2026-03-27,N,74.0,1.0
0376-GQMHI,2022-07-01,Organic,2022-07-31,Premium,Monthly,,,23.69,1204.0,48,0,Vivaan,India,Karnataka,Male,1981-02-26,2024-12-18,N,65.0,1.0
0805-GUAVI,2024-10-08,Paid,2024-11-07,Standard,Monthly,,,13.04,749.0,60,0,Ishita,Nepal,Kathmandu,Male,2002-02-02,2024-07-10,N,95.0,1.0
8082-GVOWB,2026-05-08,Organic,2026-06-07,Standard,Monthly,2026-05-21,Not Enough Content,14.79,1476.0,7,1,Meera,India,Uttar Pradesh,Female,2005-02-22,,,,
7978-HJBYQ,2021-01-17,Paid,2021-02-16,Basic,Monthly,2023-07-26,Service Quality,4.99,275.0,32,1,Karan,India,Meghalaya,Female,2004-11-23,2026-02-16,Y,79.0,3.0
9808-OEILD,2024-05-11,Organic,2024-06-10,Basic,Monthly,2025-04-03,Switched To Competitor,5.75,203.0,60,1,Riya,India,Tamil Nadu,Female,2008-05-27,2026-01-09,N,31.0,3.0
9315-YOPSR,2021-01-20,Paid,2022-01-20,Basic,Annual,,,6.68,508.0,29,0,Rahul,India,Telangana,Female,1996-02-27,2024-11-11,N,20.0,2.0
0649-NUUPX,2025-07-19,Paid,2025-08-18,Standard,Monthly,,,16.34,1267.0,54,0,Rohan,India,Haryana,Male,2002-09-14,2026-05-13,Y,54.0,1.0
5871-JLRXF,2023-08-13,Paid,2024-08-12,Standard,Annual,,,12.28,1219.0,80,0,Priya,India,Kerala,Male,1993-02-12,2024-06-28,Y,64.0,2.0
2951-QTKQA,2023-10-10,Paid,2023-11-09,Standard,Monthly,2024-07-07,Poor Streaming Quality,12.65,679.0,90,1,Vivaan,India,Meghalaya,Male,1970-06-23,2026-03-27,N,13.0,2.0
2934-YOWFH,2022-06-09,Organic,2023-06-09,Standard,Annual,,,14.72,1155.0,3,0,Ananya,India,Maharashtra,Male,1973-10-07,2025-10-13,N,30.0,2.0
9748-ZWIUL,2024-09-18,Organic,2024-10-18,Standard,Monthly,2026-09-01,Poor Support,14.85,915.0,30,1,Aditya,India,Meghalaya,Female,1984-11-14,2023-09-03,N,47.0,2.0
8442-WLHZL,2022-12-31,Paid,2023-01-30,Basic,Monthly,2026-03-31,Switched To Competitor,5.96,314.0,95,1,Ananya,India,Tamil Nadu,Female,1997-05-04,,,,
4329-RYDZK,2022-07-25,Paid,2023-07-25,Standard,Annual,,,12.68,,80,0,Rahul,India,Tamil Nadu,Female,1986-06-25,2025-04-21,N,88.0,2.0
0279-IMROD,2021-10-16,Organic,2022-10-16,Standard,Annual,,,16.52,812.0,87,0,Nisha,India,Karnataka,Male,2010-07-12,2025-08-01,Y,85.0,2.0
4894-GHSUE,2022-01-11,Organic,2023-01-11,Premium,Annual,,,23.27,1244.0,31,0,Rohan,India,Rajasthan,Female,1999-04-15,,,,
6032-KISGT,2021-01-13,Paid,2021-02-12,Standard,Monthly,,,14.01,607.0,87,0,Amit,India,Gujarat,Female,1986-05-01,,,,
4021-CUWOS,2026-05-26,Organic,2026-06-25,Premium,Monthly,,,23.38,2138.0,85,0,Ananya,India,Nagaland,Male,1992-05-30,2023-06-30,N,29.0,1.0
1495-IJTJS,2022-01-09,Referral,2022-02-08,Standard,Monthly,,,10.91,1076.0,2,0,Aditya,India,Karnataka,Female,1996-01-08,2026-04-26,Y,12.0,1.0
3084-PFOCT,2021-09-23,Organic,2021-10-23,Basic,Monthly,,,6.23,657.0,49,0,Kavya,India,Delhi,Male,1973-06-23,2026-06-15,N,49.0,1.0
0314-ZVPXV,2025-09-08,Paid,2026-09-08,Standard,Annual,,,13.17,360.0,19,0,Aarav,India,Delhi,Female,1982-07-28,2026-03-18,N,90.0,3.0
1448-TJWWY,2026-03-14,Refferal,2027-03-14,Basic,Annual,,,8.36,568.0,86,0,Sanjay,India,Punjab,Female,1999-07-15,2023-12-21,N,37.0,2.0
4522-FDEZP,2022-09-26,Paid,2023-09-26,Standard,Annual,,,12.72,1167.0,31,0,Kavya,India,Maharashtra,Male,2003-08-20,2026-01-28,Y,31.0,2.0
3533-LEOLU,2023-12-17,Organic,2024-12-16,Standard,Annual,2025-10-02,Service Quality,14.28,799.0,86,1,Arjun,India,West Bengal,Female,1983-04-19,2025-02-10,N,7.0,1.0
0235-YBKIS,2024-04-14,Paid,2024-05-14,Standard,Monthly,2025-06-24,Forgot To Cancel Trial,11.8,763.0,6,1,Amit,India,Telangana,Male,1976-08-22,2023-07-27,Y,45.0,1.0
6589-FMNMA,2025-06-20,Organic,2025-07-20,Premium,Monthly,2026-01-29,Not Enough Content,23.0,1553.0,47,1,Ananya,India,West Bengal,Male,1995-09-24,,,,
1800-NGOET,2025-06-08,Paid,2026-06-08,,Annual,,,16.71,383.0,82,0,Riya,India,Telangana,Male,1986-11-15,2024-09-07,N,24.0,2.0
1903-QVJDA,2021-07-18,Paid,2022-07-18,Basic,Annual,,,5.89,212.0,25,0,Vikram,India,Delhi,Female,1994-10-14,2025-05-16,Y,78.0,1.0
3620-DWZZX,2023-09-30,Paid,2023-10-30,Premium,Monthly,,,21.21,896.0,73,0,Ananya,India,Meghalaya,Female,2003-04-24,2023-08-12,N,93.0,3.0
5876-ILGVL,2022-05-21,Paid,2023-05-21,Basic,Annual,,,9.17,649.0,56,0,Rohan,India,Rajasthan,Female,1987-02-02,2025-03-24,Y,22.0,1.0
3865-RJJFB,2026-06-01,Refferal,2027-06-01,Basic,Annual,,,4.99,335.0,26,0,Karan,India,Meghalaya,Male,1996-08-20,,,,
0402-KZGQI,2026-02-21,Refferal,2027-02-21,Standard,Annual,2026-03-21,Poor Support,14.9,735.0,59,1,Sanjay,India,Nagaland,Male,1979-03-25,,,,
3043-EORJN,2022-03-02,Organic,2023-03-02,Standard,Annual,,,9.4,346.0,53,0,Rohan,India,Nagaland,Male,1987-04-09,,,,
4773-HROBM,2021-05-31,Refferal,2022-05-31,Standard,Annual,,,13.34,860.0,35,0,Ishita,India,West Bengal,Male,1973-11-28,2026-05-26,Y,49.0,2.0
3908-UHYPD,2022-06-09,Refferal,2023-06-09,Standard,Annual,,,10.56,1132.0,91,0,Ananya,India,Haryana,Male,1987-08-31,2023-07-30,N,22.0,1.0
4047-WGSUS,2023-10-25,Organic,2023-11-24,Standard,Monthly,2025-08-16,Poor Support,14.73,707.0,8,1,Rohan,India,Maharashtra,Male,1977-06-25,2024-04-03,N,49.0,2.0
0925-JJIWA,2024-07-24,Organic,2025-07-24,Standard,Annual,,,14.43,866.0,76,0,Nisha,Nepal,Kathmandu,Male,2007-11-16,2025-10-28,N,27.0,1.0
5400-ZWPZK,2026-06-04,Organic,2027-06-04,Basic,Annual,,,5.9,723.0,77,0,Priya,India,Meghalaya,Female,1990-02-28,,,,
6122-OBBXE,2025-04-11,Paid,2026-04-11,Basic,Annual,2025-12-22,Switched To Competitor,8.88,375.0,99,1,Ananya,India,Karnataka,Female,2010-02-19,2025-02-17,N,32.0,2.0
3563-QONZU,2025-06-11,Organic,2025-07-11,Standard,Monthly,2025-07-24,Service Quality,10.89,729.0,26,1,Kavya,India,Telangana,Female,1986-10-26,2025-01-23,Y,67.0,1.0
9418-RZPOV,2021-11-01,Paid,2022-11-01,Standard,Annual,2026-06-29,Too Expensive,13.97,621.0,34,1,Ananya,India,Rajasthan,Female,1970-05-23,2026-03-21,N,99.0,2.0
8690-BXRXS,2025-07-01,Refferal,2026-07-01,Standard,Annual,,,14.57,755.0,35,0,Amit,India,Delhi,Male,1977-09-06,2025-07-23,N,97.0,1.0
9270-HEFGF,2024-10-29,Refferal,2024-11-28,Premium,Monthly,,,23.02,913.0,12,0,Vikram,India,Gujarat,Female,1986-04-19,,,,
4429-FENUD,2024-01-26,Paid,2025-01-25,Standard,Annual,2024-03-01,Too Expensive,13.49,875.0,78,1,Karan,India,Meghalaya,Male,1977-07-14,2026-04-16,N,75.0,2.0
5124-RSCTA,2021-03-06,Paid,2022-03-06,Standard,,,,16.51,996.0,80,0,Sneha,India,Maharashtra,Male,1999-03-20,2024-08-07,Y,13.0,1.0
2387-IWEUZ,2025-04-20,Paid,2026-04-20,,Annual,,,4.99,460.0,90,0,Kavya,India,Gujarat,Female,2002-09-11,,,,
9599-HCFTF,2024-09-27,Organic,2024-10-27,Premium,Monthly,,,22.61,2093.0,15,0,Sneha,India,Rajasthan,Female,1977-05-11,2025-08-03,Y,54.0,2.0
6463-JTPPU,2025-10-26,Referral,2025-11-25,Standard,Monthly,2026-05-09,Too Expensive,12.51,638.0,20,1,Nisha,India,Karnataka,Male,1994-12-24,2023-07-25,N,66.0,1.0
9548-JNQVM,2026-03-02,Paid,2027-03-02,Premium,Annual,2026-05-19,Poor Streaming Quality,22.59,1536.0,61,1,Rohan,India,Rajasthan,Female,1975-11-01,2025-04-21,Y,34.0,2.0
3760-WYOCH,2022-03-22,Organic,2022-04-21,Standard,Monthly,,,13.13,1161.0,80,0,Neha,India,Meghalaya,Male,2004-03-06,2025-10-07,Y,100.0,2.0
4641-SRVAM,2024-11-08,Paid,2024-12-08,Premium,Monthly,2025-12-24,Poor Streaming Quality,20.04,1567.0,50,1,Riya,India,Gujarat,Male,2003-10-23,2025-10-08,N,35.0,2.0
7017-ZDWAF,2025-04-25,Paid,2025-05-25,Basic,Monthly,2026-07-26,Poor Support,7.05,,18,1,Vivaan,India,Delhi,Female,1993-09-11,,,,
8472-UZPQN,2023-03-16,Referral,2023-04-15,Basic,Monthly,2025-05-13,Forgot To Cancel Trial,6.29,20.0,70,1,Nisha,India,Tamil Nadu,Male,1984-11-06,,,,
5128-NHWJP,2023-07-01,Refferal,2023-07-31,Standard,Monthly,2023-08-24,Poor Support,13.68,990.0,7,1,Arjun,India,Meghalaya,Female,1994-08-11,2024-10-04,N,32.0,3.0
6699-NPBIL,2021-01-13,Organic,2022-01-13,Basic,Annual,,,6.53,410.0,26,0,Kavya,India,Maharashtra,Female,1981-06-29,2026-03-18,N,93.0,3.0
3956-XXSJB,2024-12-01,Refferal,2024-12-31,Premium,Monthly,,,21.33,1266.0,32,0,Vikram,India,Karnataka,Female,1995-09-25,2026-04-01,N,63.0,4.0
7556-WMVYO,2025-08-06,Organic,2025-09-05,Basic,Monthly,2026-04-12,Poor Support,6.71,449.0,70,1,Vivaan,India,Haryana,Male,2008-06-24,2026-04-16,Y,43.0,5.0
2114-ATODB,2021-07-22,Organic,2021-08-21,,Monthly,,,6.13,359.0,21,0,Vivaan,India,Gujarat,Male,2007-02-11,2026-01-13,N,70.0,3.0
9694-IIQJX,2021-03-01,Paid,2021-03-31,Standard,Monthly,2022-06-05,Forgot To Cancel Trial,13.44,918.0,88,1,Rohan,India,Haryana,Male,1990-08-21,2025-06-12,N,8.0,1.0
6816-JGWPX,2026-06-03,Refferal,2026-07-03,Standard,Monthly,,,11.37,1000.0,85,0,Neha,India,Nagaland,Female,1997-06-05,2024-12-02,N,14.0,4.0
3466-AXGVS,2026-06-06,Organic,2026-07-06,Standard,Monthly,,,16.62,1201.0,54,0,Nisha,India,Gujarat,Male,1981-06-08,,,,
2336-TCKJR,2025-12-06,Organic,2026-12-06,Basic,Annual,,,7.71,20.0,47,0,Karan,India,Rajasthan,Female,1992-10-30,2025-05-31,N,41.0,3.0
5355-PMTES,2021-05-10,Referral,2022-05-10,Basic,Annual,,,8.75,243.0,83,0,Amit,India,Telangana,Female,1974-04-06,,,,
0522-CSEUD,2024-02-16,Refferal,2024-03-17,Basic,Monthly,,,6.0,353.0,51,0,Rahul,Nepal,Kathmandu,Female,2006-07-28,2024-12-02,Y,27.0,2.0
1487-YEXJU,2022-08-28,Organic,2022-09-27,Standard,Monthly,2024-09-27,Poor Streaming Quality,18.08,778.0,46,1,Karan,India,Delhi,Female,1971-09-04,2025-02-06,N,36.0,1.0
9394-DIOWE,2023-06-04,Organic,2024-06-03,Basic,Annual,2025-05-25,Too Expensive,6.25,359.0,4,1,Ananya,India,Telangana,Male,1990-07-31,2023-05-27,N,11.0,3.0
1886-JFGDV,2023-02-07,Organic,2024-02-07,Premium,Annual,,,24.41,1903.0,52,0,Kavya,India,Nagaland,Female,2008-07-18,,,,
7971-DNQQZ,2023-12-19,Paid,2024-01-18,Basic,Monthly,2026-07-11,Forgot To Cancel Trial,9.69,157.0,18,1,Sanjay,India,Meghalaya,Female,1973-12-05,2026-05-30,Y,43.0,1.0
6420-RACQX,2022-12-08,Organic,2023-01-07,Standard,Monthly,2026-04-21,Poor Support,15.0,958.0,76,1,Vivaan,Nepal,Kathmandu,Male,1990-02-24,2026-01-21,N,77.0,1.0
4004-QFLTR,2026-02-18,,2027-02-18,Standard,Annual,,,15.58,994.0,34,0,Rahul,India,Delhi,Female,2006-08-22,2023-01-31,N,15.0,1.0
1163-WYMIN,2021-11-26,Paid,2022-11-26,Premium,Annual,,,24.06,1685.0,63,0,Meera,Nepal,Kathmandu,Male,1979-01-28,2024-04-24,N,98.0,2.0
8017-LABVU,2021-04-23,Paid,2021-05-23,Basic,Monthly,2026-01-15,Poor Streaming Quality,9.59,543.0,62,1,Ananya,India,Gujarat,Female,2001-05-02,2024-12-27,Y,46.0,2.0
7725-DEKGK,2024-06-30,Paid,2024-07-30,Basic,Monthly,2025-09-05,Poor Support,4.99,20.0,18,1,Neha,India,Kerala,Male,1988-01-30,2026-04-07,N,50.0,2.0
5594-HDKSQ,2021-10-25,Paid,2022-10-25,Standard,Annual,2026-03-08,Forgot To Cancel Trial,10.48,735.0,78,1,Arjun,India,Meghalaya,Male,1974-05-30,2025-04-23,N,14.0,2.0
3230-IPEVW,2026-02-08,Paid,2026-03-10,Standard,Monthly,,,11.51,1132.0,5,0,Aarav,India,Rajasthan,Male,2007-10-12,2023-11-14,N,45.0,2.0
0277-ZALRI,2023-10-25,Organic,2023-11-24,Standard,Monthly,2025-06-14,Poor Streaming Quality,11.52,920.0,69,1,Riya,India,Meghalaya,Male,1989-11-28,2023-01-14,N,7.0,1.0
2055-BSAMK,2021-07-20,Organic,2021-08-19,Standard,Monthly,,,14.94,883.0,37,0,Aarav,India,Karnataka,Female,1991-07-31,2025-07-03,N,79.0,1.0
9676-YVSOJ,2025-06-24,Organic,2026-06-24,Basic,Annual,,,7.92,645.0,52,0,Vivaan,India,Haryana,Male,1987-07-13,,,,
1686-ZKLDH,2021-04-17,Paid,2022-04-17,Premium,Annual,,,26.4,1322.0,80,0,Vikram,India,Kerala,Female,1998-01-05,2024-02-11,N,14.0,1.0
6354-LPFCX,2024-01-03,Organic,2024-02-02,Basic,Monthly,,,7.59,362.0,38,0,Riya,India,Nagaland,Female,1979-09-28,2026-06-30,N,33.0,2.0
4333-JHROK,2025-11-23,Organic,2025-12-23,Basic,Monthly,2025-12-01,Not Enough Content,8.44,331.0,39,1,Sneha,India,Haryana,Male,1975-12-21,2025-02-09,N,16.0,2.0
9309-XFQZM,2023-09-07,Organic,2023-10-07,Standard,Monthly,,,12.67,,10,0,Amit,Nepal,Kathmandu,Male,1993-11-07,,,,
0325-DRXDO,2022-07-31,Paid,2023-07-31,Standard,Annual,,,13.93,455.0,85,0,Rohan,India,Kerala,Female,1982-03-03,2024-02-25,Y,10.0,2.0
4980-HQWGB,2023-01-14,Refferal,2024-01-14,Standard,Annual,,,12.55,695.0,94,0,Neha,India,Maharashtra,Female,2010-04-14,2024-11-04,Y,51.0,2.0
3605-ISNAI,2022-12-22,Paid,2023-01-21,Standard,Monthly,,,10.17,650.0,54,0,Amit,India,Gujarat,Male,1995-10-17,2025-04-15,N,43.0,2.0
7356-MOGID,2025-11-25,Referral,2026-11-25,Standard,Annual,2026-07-25,Forgot To Cancel Trial,12.61,808.0,45,1,Pooja,India,Kerala,Female,1977-05-27,2023-04-12,N,83.0,1.0
0838-AQEOY,2022-05-07,Organic,2023-05-07,Premium,Annual,2022-04-22,Poor Support,25.33,1375.0,61,1,Sanjay,India,Maharashtra,Male,1978-08-14,2025-12-15,N,62.0,1.0
6978-ODMXJ,2023-09-14,,2023-10-14,Basic,Monthly,,,7.65,637.0,47,0,Ananya,India,Rajasthan,Female,1987-04-20,2026-01-03,Y,28.0,2.0
8265-SGDAH,2024-07-17,Paid,2024-08-16,Basic,Monthly,2026-04-05,Poor Support,5.96,260.0,41,1,Sneha,India,Tamil Nadu,Female,2004-07-17,2025-05-21,Y,78.0,2.0
3344-ROMSU,2022-01-08,Organic,2022-02-07,Premium,Monthly,,,21.03,1263.0,91,0,Neha,India,Meghalaya,Female,2007-02-04,,,,
7141-XJVKE,2024-02-17,Paid,2024-03-18,Basic,Monthly,,,5.3,415.0,78,0,Amit,India,Punjab,Female,1999-07-16,2023-09-18,N,69.0,2.0
1478-CYEVU,2024-01-28,Organic,2024-02-27,Standard,Monthly,2024-01-18,Service Quality,15.17,815.0,52,1,Vivaan,India,Karnataka,Male,1981-04-15,2025-03-14,N,36.0,1.0
4405-XXYMH,2022-09-02,Paid,2023-09-02,Standard,Annual,,,11.8,746.0,6,0,Nisha,India,Punjab,Female,1977-12-22,2026-01-01,Y,40.0,4.0
0460-VWNBV,2025-11-06,Organic,2026-11-06,Premium,Annual,,,21.35,1879.0,9,0,Rohan,India,Delhi,Male,1997-11-29,2025-01-31,N,54.0,1.0
2999-ORDBC,2022-01-13,Organic,2022-02-12,Basic,Monthly,,,7.32,123.0,2,0,Neha,India,Uttar Pradesh,Male,2003-01-19,2025-01-27,Y,21.0,1.0
9590-YLLKJ,2024-01-18,Organic,2025-01-17,Basic,Annual,,,8.37,382.0,18,0,Kavya,India,Maharashtra,Male,1972-10-30,,,,
5448-JQJQY,2023-07-15,Refferal,2024-07-14,Standard,Annual,,,11.29,718.0,1,0,Vivaan,India,Maharashtra,Male,1998-03-03,2026-05-19,N,100.0,2.0
2076-BNDGU,2021-12-10,Paid,2022-01-09,Premium,Monthly,,,19.32,1235.0,70,0,Aarav,India,Karnataka,Male,1982-05-25,2024-04-15,N,64.0,1.0
4192-OUDMA,2024-07-05,Referral,2024-08-04,Basic,Monthly,2025-09-09,Poor Support,7.91,591.0,47,1,Pooja,India,Nagaland,Male,2009-02-28,2026-04-26,Y,30.0,1.0
5003-FXGFA,2022-01-26,Organic,2023-01-26,Premium,Annual,,,24.94,1506.0,18,0,Arjun,India,Delhi,Female,1996-05-10,2026-01-06,Y,88.0,1.0
1353-FFTXW,2024-01-09,Paid,2025-01-08,Standard,Annual,2023-12-28,Poor Support,12.15,1110.0,48,1,Priya,India,West Bengal,Male,1992-11-09,,,,
9563-XLKQI,2021-09-30,Paid,2022-09-30,Premium,Annual,2026-08-21,Switched To Competitor,20.46,1349.0,73,1,Sanjay,India,Meghalaya,Female,1999-03-27,2023-03-21,N,76.0,1.0
6045-ZFUYN,2024-12-11,Paid,2025-12-11,Standard,Annual,2026-08-21,Not Enough Content,15.35,807.0,19,1,Rohan,India,Meghalaya,Male,2002-01-05,2026-05-11,N,94.0,3.0
3575-GEITN,2025-05-31,Paid,2025-06-30,Basic,Monthly,,,4.99,370.0,54,0,Karan,India,Maharashtra,Male,1974-05-29,2024-09-18,N,61.0,1.0
2233-OVAAY,2026-06-02,Refferal,2026-07-02,Premium,Monthly,,,22.84,1245.0,79,0,Ishita,India,Gujarat,Male,1999-08-19,2026-07-20,Y,51.0,2.0
7487-OXPNF,2024-09-22,,2025-09-22,Standard,Annual,,,12.81,830.0,28,0,Amit,India,Karnataka,Female,1972-03-22,2024-10-07,N,10.0,2.0
8110-THTSC,2025-11-25,Paid,2025-12-25,Basic,Monthly,,,7.2,262.0,88,0,Pooja,India,Karnataka,Male,1983-12-03,2025-09-28,N,59.0,2.0
1624-PQRJV,2026-05-26,Organic,2027-05-26,Basic,Annual,2026-07-07,Service Quality,6.36,361.0,24,1,Rohan,India,Tamil Nadu,Female,1984-05-13,2026-07-15,N,100.0,2.0
4469-FCWSL,2022-11-03,Organic,2022-12-03,Premium,Monthly,,,22.9,1704.0,99,0,Sneha,India,Nagaland,Male,1998-03-09,2025-11-10,N,46.0,1.0
2111-CDCNF,2022-09-17,Refferal,2022-10-17,Standard,Monthly,2025-06-24,Too Expensive,12.87,440.0,65,1,Meera,India,Rajasthan,Male,2002-06-18,2026-04-07,Y,100.0,1.0
1298-HSMDT,2021-06-26,Paid,2022-06-26,Basic,Annual,2025-01-30,Poor Support,11.99,296.0,30,1,Ishita,India,Meghalaya,Female,2000-04-20,,,,
4907-ERZOE,2025-03-14,Paid,2025-04-13,Basic,Monthly,,,8.17,874.0,29,0,Sanjay,India,Rajasthan,Male,1998-12-04,2024-10-03,N,36.0,1.0
3111-PZYYV,2025-02-22,Organic,2026-02-22,Basic,Annual,,,4.99,20.0,65,0,Nisha,India,Maharashtra,Male,1986-05-10,2026-05-08,N,79.0,3.0
5757-QTSQD,2025-01-07,Organic,2026-01-07,Basic,Annual,,,8.82,333.0,62,0,Kavya,India,Rajasthan,Male,1976-12-26,2024-09-30,N,40.0,1.0
8799-ALLZC,2025-03-27,Organic,2026-03-27,Basic,Annual,,,9.19,194.0,39,0,Ishita,India,West Bengal,Female,2010-07-03,2026-06-15,N,71.0,2.0
4770-JCFKX,2024-01-06,Referral,2024-02-05,Premium,Monthly,,,24.89,1613.0,10,0,Sanjay,India,Nagaland,Male,1984-12-21,2026-04-06,Y,50.0,5.0
3896-WTVWS,2022-10-10,Organic,2022-11-09,Basic,Monthly,2024-12-24,Forgot To Cancel Trial,5.02,411.0,16,1,Sneha,India,Karnataka,Male,2008-02-19,,,,
7339-ESBTR,2021-11-25,Paid,2022-11-25,Basic,Annual,,,7.2,545.0,18,0,Aarav,India,Gujarat,Female,1977-10-07,2025-09-22,N,52.0,2.0
7574-QJJPM,2026-07-28,Referral,2027-07-28,Premium,Annual,,,23.03,,62,0,Vivaan,India,Nagaland,Male,2000-10-31,,,,
3421-MNGQI,2022-10-15,Refferal,2022-11-14,Basic,Monthly,,,10.39,332.0,81,0,Ananya,India,Karnataka,Female,1994-08-20,2023-04-02,N,99.0,1.0
2694-KCPTY,2021-11-12,Refferal,2021-12-12,Standard,Monthly,2025-09-16,Not Enough Content,15.81,1004.0,43,1,Priya,India,Haryana,Male,1974-11-19,2024-02-11,N,60.0,1.0
2852-ONTQU,2024-03-04,Referral,2024-04-03,Standard,Monthly,,,15.34,594.0,46,0,Karan,India,Meghalaya,Male,1985-10-31,2026-01-16,Y,66.0,3.0
8509-CJQOM,2023-01-27,Paid,2024-01-27,Basic,Annual,,,7.38,336.0,97,0,Neha,India,Nagaland,Female,1986-01-28,2023-12-01,Y,52.0,1.0
1751-OTAPX,2026-08-07,Organic,2027-08-07,Premium,Annual,,,19.73,1967.0,34,0,Arjun,India,Delhi,Male,1992-02-17,2024-05-01,N,90.0,1.0
5746-YJARF,2022-07-17,Paid,2022-08-16,Standard,Monthly,,,15.03,428.0,56,0,Vivaan,India,Rajasthan,Female,2007-12-19,2023-07-23,Y,14.0,2.0
0120-EYUHP,2021-08-20,Organic,2021-09-19,Basic,Monthly,,,4.99,276.0,97,0,Rahul,India,Maharashtra,Female,1987-06-18,2026-06-01,Y,20.0,1.0
3408-EZVJJ,2026-04-07,Paid,2026-05-07,Basic,Monthly,2026-08-20,Not Enough Content,10.03,639.0,27,1,Rohan,India,Telangana,Female,1976-03-27,2026-03-29,N,80.0,3.0
8159-LJKLN,2023-08-28,Organic,2023-09-27,Standard,Monthly,2024-07-18,Forgot To Cancel Trial,14.68,504.0,86,1,Nisha,India,Uttar Pradesh,Female,1989-11-18,2025-03-24,Y,11.0,2.0
0423-MLHJL,2021-10-07,Paid,2021-11-06,Basic,Monthly,,,8.32,20.0,48,0,Amit,India,Kerala,Female,1991-09-12,,,,
3675-XNNGX,2024-04-15,Paid,2025-04-15,Premium,Annual,,,24.8,1496.0,16,0,Aarav,Nepal,Kathmandu,Female,1973-06-07,2026-03-25,N,87.0,1.0
0255-OETJH,2021-12-21,Paid,2022-12-21,Basic,Annual,,,4.99,388.0,35,0,Aditya,India,Gujarat,Male,1976-02-19,2023-08-04,N,78.0,1.0
0602-UKGVA,2021-06-11,Organic,2022-06-11,Basic,Annual,,,6.54,732.0,97,0,Vivaan,India,Rajasthan,Male,1987-02-16,2024-01-30,Y,84.0,2.0
4700-EDAEY,2022-06-25,Organic,2023-06-25,Basic,Annual,,,10.04,271.0,74,0,Nisha,India,Nagaland,Male,2003-07-25,2025-07-25,N,43.0,1.0
4468-ZGTCC,2022-10-30,Organic,2023-10-30,Standard,Annual,,,13.67,976.0,44,0,Karan,India,Punjab,Female,1990-10-18,2026-02-11,N,22.0,5.0
0187-XRTYI,2025-09-08,Organic,2026-09-08,Standard,Annual,2025-12-06,Poor Support,12.19,885.0,45,1,Kavya,India,Meghalaya,Male,1994-10-04,2025-08-10,N,16.0,3.0
7231-NORMA,2023-02-17,Paid,2024-02-17,Standard,Annual,,,14.8,1244.0,55,0,Karan,India,Maharashtra,Female,1989-06-30,,,,
0772-NOTOE,2021-08-24,Referral,2022-08-24,Standard,Annual,,,13.21,924.0,97,0,Nisha,India,Maharashtra,Female,1970-06-21,2025-04-13,N,49.0,2.0
3683-LZNQT,2024-07-05,Paid,2025-07-05,Standard,Annual,2024-07-23,Switched To Competitor,16.03,872.0,55,1,Nisha,India,Karnataka,Female,1992-12-09,2025-04-06,Y,67.0,2.0
3637-ZRWTQ,2024-08-09,Paid,2024-09-08,Basic,Monthly,,,6.09,269.0,5,0,Aditya,India,Uttar Pradesh,Male,1970-10-12,2024-06-12,N,78.0,2.0
0331-PDPSO,2022-02-14,Paid,2022-03-16,Standard,Monthly,,,15.31,1069.0,74,0,Kavya,India,Telangana,Male,1994-02-15,2024-07-11,N,41.0,1.0
3100-BRSMS,2024-06-05,Organic,2025-06-05,Standard,Annual,,,10.31,622.0,29,0,Sanjay,India,Uttar Pradesh,Male,1995-05-19,2024-04-21,N,72.0,1.0
7795-NBWMR,2025-04-15,Paid,2026-04-15,Premium,Annual,,,23.55,,47,0,Neha,India,Nagaland,Female,2005-03-28,2026-06-18,N,55.0,3.0
9110-JQAXB,2023-12-04,Paid,2024-12-03,Premium,,,,22.87,864.0,76,0,Nisha,India,Telangana,Male,2004-04-03,2026-03-12,N,11.0,2.0
5421-JAMYE,2025-11-03,Organic,2025-12-03,Standard,Monthly,,,15.81,740.0,68,0,Meera,India,Meghalaya,Female,1970-07-18,2025-12-08,N,59.0,1.0
2939-EDFOU,2024-10-26,Paid,2025-10-26,Standard,Annual,2025-07-20,Poor Support,17.88,987.0,66,1,Nisha,India,Haryana,Female,1999-05-14,,,,
6909-USJXE,2021-07-06,Organic,2022-07-06,Premium,Annual,,,22.48,1781.0,36,0,Meera,India,West Bengal,Female,1980-05-11,2023-05-23,N,94.0,1.0
7004-CTCFK,2024-09-17,Organic,2025-09-17,Basic,Annual,,,8.32,193.0,18,0,Aditya,India,Kerala,Female,1993-01-23,2026-04-04,N,85.0,3.0
6951-BGITY,2021-06-20,Paid,2021-07-20,Premium,Monthly,,,23.54,1552.0,94,0,Aarav,Nepal,Kathmandu,Female,1981-10-08,2025-11-27,Y,91.0,2.0
6150-NIVCD,2024-07-16,Organic,2024-08-15,Standard,Monthly,2025-09-04,Service Quality,14.31,938.0,65,1,Kavya,India,Nagaland,Female,1983-07-01,2025-08-21,N,47.0,4.0
2030-GMYQJ,2025-09-05,Referral,2025-10-05,Basic,Monthly,,,4.99,316.0,83,0,Nisha,India,Kerala,Male,1995-01-27,,,,
2133-QGZMO,2023-05-04,Organic,2023-06-03,Basic,Monthly,,,8.41,117.0,96,0,Vikram,India,West Bengal,Male,1993-09-14,2024-01-28,N,12.0,1.0
9036-HMNHB,2025-04-28,Refferal,2025-05-28,Basic,Monthly,2025-11-18,Switched To Competitor,10.67,280.0,100,1,Pooja,Nepal,Kathmandu,Female,1988-04-15,2025-08-12,N,42.0,2.0
2854-CRAIW,2023-08-03,Paid,2024-08-02,Standard,Annual,2026-08-30,Service Quality,16.81,570.0,59,1,Nisha,India,Nagaland,Female,1985-06-13,2026-03-26,Y,17.0,1.0
5695-RRHQF,2025-12-13,Organic,2026-01-12,Basic,Monthly,,,7.96,450.0,95,0,Amit,India,Kerala,Female,2006-06-26,2023-02-03,N,60.0,1.0
6363-RWXAH,2026-05-31,Organic,2027-05-31,Standard,Annual,2026-08-21,Forgot To Cancel Trial,14.31,1041.0,98,1,Ishita,India,Maharashtra,Male,2008-05-05,2025-02-12,N,61.0,1.0
5481-IQWGX,2026-04-29,Organic,2026-05-29,Standard,Monthly,,,15.16,1083.0,64,0,Pooja,India,West Bengal,Male,1987-12-17,2026-01-24,N,80.0,1.0
8822-XBHDD,2021-10-18,Paid,2022-10-18,Standard,Annual,,,13.71,449.0,68,0,Ishita,India,Tamil Nadu,Female,1993-11-17,2025-09-29,N,94.0,2.0
0554-LCHZW,2021-11-17,Referral,2022-11-17,Standard,Annual,,,12.69,893.0,49,0,Rahul,India,Maharashtra,Female,2004-07-11,2024-06-22,Y,36.0,2.0
9371-ARQDX,2022-08-19,Refferal,2023-08-19,Basic,Annual,,,8.82,721.0,100,0,Amit,India,Meghalaya,Male,1982-03-05,2024-07-11,N,98.0,2.0
4057-ZCQDY,2021-03-03,Organic,2022-03-03,Standard,Annual,,,15.94,755.0,20,0,Vivaan,India,Kerala,Male,1972-04-13,2025-11-20,Y,70.0,1.0
6084-BFJAA,2024-11-11,Paid,2024-12-11,Premium,Monthly,,,22.64,1698.0,96,0,Kavya,India,Uttar Pradesh,Male,1989-03-30,2026-07-01,N,81.0,1.0
9255-ZNXRA,2024-03-26,Paid,2024-04-25,Standard,Monthly,,,16.12,1257.0,98,0,Vivaan,India,Karnataka,Female,1972-02-01,2025-02-13,N,61.0,2.0
7151-AVJDG,2021-07-17,Refferal,2021-08-16,Basic,Monthly,,,4.99,812.0,44,0,Vikram,India,Tamil Nadu,Female,1972-08-26,2026-02-04,Y,34.0,5.0
6840-WOEXU,2024-10-18,Paid,2025-10-18,Standard,Annual,2024-10-31,Switched To Competitor,13.98,600.0,87,1,Aarav,Nepal,Kathmandu,Male,2004-03-24,2024-06-23,N,59.0,1.0
4112-OZJAD,2025-12-09,Organic,2026-12-09,Standard,Annual,2026-05-24,Too Expensive,11.51,617.0,57,1,Karan,India,Delhi,Male,1996-03-01,2025-07-26,N,29.0,2.0
6012-ZTQIL,2024-05-06,Paid,2024-06-05,Standard,Monthly,,,12.61,756.0,20,0,Pooja,India,Rajasthan,Female,1997-10-31,2025-11-19,Y,63.0,2.0
0406-JQXXV,2026-04-06,Refferal,2027-04-06,Standard,Annual,2026-05-23,Switched To Competitor,14.66,1015.0,91,1,Meera,India,Kerala,Female,1982-12-05,2025-08-01,N,62.0,2.0
0238-VFQYX,2025-12-26,Organic,2026-01-25,Basic,Monthly,,,8.63,288.0,36,0,Sanjay,India,Tamil Nadu,Male,1975-03-24,2025-12-24,N,58.0,2.0
6651-HNSNK,2022-08-02,Paid,2022-09-01,Standard,Monthly,2026-08-14,Poor Support,14.25,816.0,55,1,Rohan,India,West Bengal,Male,1980-10-16,,,,
4042-PAZCZ,2022-04-10,Organic,2022-05-10,Premium,Monthly,,,19.62,1536.0,86,0,Sneha,India,Kerala,Male,2000-09-11,2024-11-28,N,80.0,1.0
0376-NKOLX,2023-05-24,Organic,2024-05-23,Basic,Annual,2026-05-27,Poor Support,9.07,224.0,74,1,Nisha,India,Telangana,Male,2005-07-25,2026-03-12,Y,12.0,2.0
0190-ZRUDB,2021-07-16,Organic,2021-08-15,Premium,Monthly,2023-07-22,Poor Support,19.34,1453.0,19,1,Vivaan,India,Nagaland,Male,1998-11-29,2025-05-06,N,6.0,2.0
3984-IUXLT,2024-03-21,Referral,2024-04-20,Basic,Monthly,2025-01-04,Not Enough Content,6.6,124.0,55,1,Neha,India,Haryana,Female,1998-04-20,2024-11-08,N,48.0,2.0
0618-TCRJK,2025-07-01,Organic,2026-07-01,Basic,Annual,,,11.39,20.0,36,0,Aditya,India,Haryana,Male,1984-10-07,,,,
2780-KWVIH,2022-11-01,Organic,2023-11-01,Basic,Annual,2024-04-26,Poor Support,6.8,263.0,52,1,Sanjay,India,West Bengal,Female,1975-05-29,2025-01-10,N,34.0,2.0
5102-RESYV,2024-03-29,Organic,2024-04-28,Premium,Monthly,,,22.55,959.0,66,0,Aditya,India,Tamil Nadu,Male,1997-07-25,2026-02-11,Y,82.0,2.0
5493-IITLC,2021-10-16,Referral,2022-10-16,Standard,Annual,,,,812.0,43,0,Kavya,India,Meghalaya,Male,1991-11-05,2024-05-15,N,61.0,2.0
6783-DZKIB,2023-09-08,Organic,2024-09-07,Basic,Annual,,,8.85,689.0,61,0,Aditya,India,Tamil Nadu,Male,1998-09-02,2026-07-13,N,83.0,2.0
1697-YNXYB,2025-06-13,Refferal,2025-07-13,Premium,Monthly,,,25.53,1414.0,32,0,Riya,India,Delhi,Female,2004-10-03,2023-10-11,N,19.0,1.0
3822-VMNOS,2024-08-20,Referral,2024-09-19,Premium,Monthly,,,19.13,1105.0,40,0,Ishita,India,Haryana,Male,1980-12-05,2025-05-26,N,12.0,3.0
9388-XQPJD,2022-06-24,Paid,2022-07-24,Premium,Monthly,,,22.29,,59,0,Rahul,India,Karnataka,Female,1998-08-24,2025-06-06,N,7.0,2.0
7096-ASMUY,2024-08-21,Paid,2024-09-20,,Monthly,,,23.34,921.0,49,0,Meera,India,West Bengal,Male,1994-05-25,2026-04-01,N,95.0,2.0
5540-OMJCA,2025-12-14,Paid,2026-01-13,Basic,Monthly,2026-08-06,Too Expensive,6.77,20.0,47,1,Pooja,India,Rajasthan,Female,2006-02-09,,,,
7236-XBIPS,2026-06-06,Paid,2027-06-06,Standard,Annual,,,16.73,639.0,99,0,Sanjay,India,Tamil Nadu,Female,1996-06-04,2023-06-12,Y,34.0,1.0
7358-SCGMB,2025-12-11,Organic,2026-01-10,Standard,Monthly,2026-06-14,Poor Support,13.2,728.0,23,1,Riya,India,Punjab,Female,1986-07-16,2026-04-13,N,23.0,2.0
3447-KZIZS,2025-12-01,Paid,2026-12-01,Standard,Annual,2026-04-19,Switched To Competitor,17.46,859.0,28,1,Vikram,India,Gujarat,Female,1975-08-21,2026-06-29,N,10.0,1.0
6929-VVFKN,2022-08-09,Refferal,2022-09-08,Basic,Monthly,,,4.99,712.0,92,0,Ananya,India,West Bengal,Male,2000-09-18,2024-10-23,N,85.0,1.0
9767-BMFFT,2023-12-19,Organic,2024-12-18,Basic,Annual,,,6.2,388.0,97,0,Ishita,India,Tamil Nadu,Male,1985-12-22,2025-11-13,N,50.0,4.0
2037-UZUED,2026-02-21,Organic,2026-03-23,Basic,Monthly,,,4.99,183.0,1,0,Vivaan,India,Tamil Nadu,Female,1982-08-04,2025-02-08,N,89.0,2.0
4384-OUKEZ,2023-02-01,Paid,2023-03-03,Standard,Monthly,,,15.84,634.0,54,0,Vivaan,India,Karnataka,Female,2010-03-13,2025-11-18,N,23.0,1.0
9046-RSYMD,2022-07-01,Refferal,2022-07-31,Standard,Monthly,,,12.54,904.0,61,0,Ishita,India,Rajasthan,Female,2007-09-20,2024-12-15,N,49.0,1.0
6068-LUUMJ,2026-03-10,Organic,2027-03-10,Premium,Annual,,,18.09,1659.0,25,0,Aarav,India,Gujarat,Male,1979-07-18,,,,
4233-QQNNZ,2026-06-21,Refferal,2026-07-21,Standard,Monthly,,,16.11,353.0,25,0,Rahul,India,Meghalaya,Male,1982-07-17,2026-05-03,N,72.0,1.0
2555-EUYPK,2025-04-07,Organic,2026-04-07,Standard,Annual,2026-04-07,Service Quality,9.81,747.0,24,1,Aarav,India,Uttar Pradesh,Female,2000-09-20,2025-01-28,N,19.0,2.0
3500-MBNHG,2025-11-05,Paid,2026-11-05,Basic,Annual,2026-08-22,Poor Streaming Quality,6.57,243.0,68,1,Arjun,India,Punjab,Female,1993-05-11,2025-01-07,N,31.0,1.0
5613-ZFXNZ,2021-09-25,Organic,2022-09-25,Standard,Annual,2025-11-20,Switched To Competitor,11.2,1165.0,30,1,Amit,India,West Bengal,Male,1997-11-21,,,,
3836-ZRROL,2022-12-04,Paid,2023-12-04,Basic,Annual,,,7.13,61.0,87,0,Neha,India,Punjab,Female,1999-04-03,2025-10-02,N,71.0,2.0
5262-WUASV,2022-09-30,Paid,2022-10-30,Premium,Monthly,,,24.94,1107.0,71,0,Vivaan,India,Nagaland,Male,1994-08-09,2024-08-03,Y,53.0,1.0
7446-MIRRJ,2022-09-27,Organic,2022-10-27,Standard,Monthly,2024-03-27,Forgot To Cancel Trial,10.17,591.0,52,1,Aarav,India,Punjab,Female,1999-05-22,2026-04-01,N,17.0,2.0
4077-JBACL,2025-03-12,Organic,2025-04-11,,Monthly,,,5.11,21.0,53,0,Vikram,India,Karnataka,Male,1993-04-16,2026-05-19,N,23.0,1.0
5115-KYFKG,2024-01-14,Organic,2025-01-13,Premium,Annual,2025-05-23,Forgot To Cancel Trial,23.31,1698.0,4,1,Neha,India,Telangana,Female,1983-03-16,2024-03-09,Y,22.0,3.0
3013-PIIRV,2021-06-01,Organic,2021-07-01,Basic,Monthly,,,5.86,384.0,12,0,Neha,India,Telangana,Female,1991-01-14,2026-02-25,N,36.0,2.0
2144-CGPYE,2024-07-31,Paid,2024-08-30,Basic,Monthly,,,6.09,252.0,95,0,Vikram,India,Nagaland,Female,1974-02-01,2024-06-05,N,92.0,2.0
0450-NZOYQ,2026-05-06,Paid,2027-05-06,Standard,Annual,2026-06-28,Poor Support,14.55,809.0,53,1,Rohan,India,Meghalaya,Male,1993-11-04,2023-06-04,Y,42.0,1.0
0339-LUNFE,2024-03-13,Refferal,2024-04-12,Basic,Monthly,,,6.61,632.0,48,0,Neha,India,Meghalaya,Male,2000-05-04,2026-02-14,Y,82.0,2.0
6642-MOJIR,2025-09-12,Paid,2025-10-12,Basic,Monthly,,,6.71,163.0,88,0,Aditya,India,Kerala,Female,1970-12-10,2026-07-13,N,94.0,1.0
0101-LJUSL,2022-05-03,Paid,2022-06-02,Premium,Monthly,2023-06-02,Too Expensive,23.79,1538.0,91,1,Aarav,India,West Bengal,Female,1988-10-21,2025-10-27,N,91.0,2.0
2644-GFHTB,2022-01-25,Paid,2022-02-24,,Monthly,2022-12-10,Poor Support,20.67,1554.0,59,1,Meera,India,Maharashtra,Female,1979-10-06,2025-09-15,N,8.0,1.0
0284-OFVTT,2025-02-21,Organic,2025-03-23,Premium,Monthly,,,21.43,1168.0,31,0,Nisha,India,Kerala,Male,1981-04-24,2025-09-09,Y,6.0,5.0
4582-LLFOW,2025-12-09,Paid,2026-01-08,Standard,Monthly,,,15.09,100.0,26,0,Nisha,Nepal,Kathmandu,Male,1994-05-15,2024-02-08,N,71.0,1.0
2583-BOKUW,2022-01-25,Refferal,2022-02-24,Basic,Monthly,2022-07-25,Poor Support,6.33,164.0,78,1,Ananya,India,Tamil Nadu,Male,1980-10-21,2026-06-13,N,28.0,2.0
9506-KXDJG,2026-06-29,Paid,2027-06-29,Premium,Annual,,,19.5,1682.0,84,0,Vikram,India,Telangana,Male,1999-07-19,2026-02-04,Y,41.0,2.0
9231-PJDUR,2024-07-10,Paid,2024-08-09,Standard,Monthly,,,15.51,813.0,42,0,Neha,India,Gujarat,Male,2010-04-01,2025-07-25,N,19.0,1.0
8532-LDIQG,2022-08-16,Paid,2023-08-16,Basic,Annual,,,8.2,720.0,15,0,Rohan,India,Nagaland,Male,1995-10-18,2025-05-24,N,49.0,1.0
0729-VNKOT,2021-06-11,Organic,2022-06-11,Standard,Annual,,,11.34,574.0,79,0,Meera,India,Delhi,Female,2002-02-27,2025-07-21,Y,59.0,2.0
0037-LGCAL,2021-10-23,Paid,2022-10-23,Standard,Annual,,,16.56,610.0,96,0,Sneha,India,Tamil Nadu,Female,1990-10-06,2025-03-20,N,28.0,1.0
5449-NULPV,2024-08-24,Organic,2024-09-23,Basic,Monthly,2025-04-04,Forgot To Cancel Trial,10.08,312.0,32,1,Vivaan,India,Gujarat,Female,1980-02-27,2024-04-07,N,43.0,2.0
6580-XFUSP,2026-04-10,Paid,2026-05-10,Basic,Monthly,,,7.68,526.0,78,0,Arjun,India,Nagaland,Male,2009-07-29,,,,
0061-OWQAH,2025-11-13,Organic,2025-12-13,Standard,Monthly,,,14.74,999.0,31,0,Nisha,India,Nagaland,Female,1978-11-25,2026-04-16,Y,51.0,2.0
5703-VLWUG,2024-09-01,Refferal,2024-10-01,Standard,Monthly,2024-12-01,Poor Support,14.45,635.0,46,1,Neha,India,Karnataka,Female,1999-10-27,2024-12-19,N,50.0,2.0
1968-XPWXL,2025-12-17,Refferal,2026-01-16,Basic,Monthly,2025-12-27,Forgot To Cancel Trial,6.57,843.0,2,1,Neha,Nepal,Kathmandu,Male,2002-08-09,2023-07-30,N,85.0,1.0
0480-XPDNA,2023-10-07,Organic,2024-10-06,Standard,Annual,2024-08-24,Forgot To Cancel Trial,14.77,852.0,2,1,Karan,India,Rajasthan,Male,1996-10-01,2023-10-02,Y,84.0,1.0
2914-JLOVJ,2021-04-22,Paid,2022-04-22,Basic,Annual,2024-08-15,Switched To Competitor,6.62,189.0,54,1,Arjun,India,West Bengal,Female,1996-08-03,2025-02-12,N,64.0,2.0
7358-YTGRH,2022-12-22,Organic,2023-01-21,Standard,Monthly,,,16.84,1085.0,10,0,Sneha,India,Telangana,Male,2003-05-24,2026-05-10,Y,85.0,2.0
4791-QHAVS,2026-05-08,Paid,2026-06-07,Basic,Monthly,,,7.22,261.0,73,0,Aarav,India,Punjab,Female,1999-04-24,2026-01-30,Y,59.0,2.0
1252-JGZYR,2023-05-22,Organic,2024-05-21,Standard,Annual,,,12.86,252.0,49,0,Riya,India,Rajasthan,Female,1979-06-09,2024-04-15,Y,28.0,1.0
4420-BGCUC,2021-04-12,Refferal,2022-04-12,Standard,Annual,,,12.92,576.0,15,0,Kavya,India,Gujarat,Female,2004-11-04,2023-09-06,N,94.0,1.0
6782-YIRWL,2025-05-02,Paid,2025-06-01,Standard,Monthly,2026-03-01,Too Expensive,12.41,1041.0,42,1,Rahul,India,Nagaland,Male,1973-10-21,2026-05-20,N,83.0,1.0
4501-FLWRF,2023-04-22,Referral,2024-04-21,Basic,Annual,2026-06-19,Poor Support,6.8,282.0,14,1,Rahul,India,Kerala,Female,2006-01-26,2026-04-14,N,40.0,2.0
5276-SCTFH,2022-05-16,Refferal,2023-05-16,Standard,Annual,,,17.18,961.0,79,0,Kavya,Nepal,Kathmandu,Female,2001-01-18,2024-10-10,Y,50.0,1.0
4177-NXFGJ,2022-08-25,Organic,2022-09-24,Premium,Monthly,,,24.53,1564.0,76,0,Ananya,India,Maharashtra,Female,1985-12-21,2026-07-06,N,42.0,3.0
8575-ZLSXW,2023-11-16,Paid,2023-12-16,Basic,Monthly,2025-04-10,Switched To Competitor,,395.0,84,1,Amit,India,Uttar Pradesh,Male,1971-07-12,2024-12-07,N,77.0,3.0
6819-OZGJS,2021-01-18,Refferal,2022-01-18,Standard,Annual,,,15.11,1221.0,60,0,Sneha,India,Delhi,Female,1971-08-24,2026-07-02,N,58.0,2.0
0232-NWEUK,2021-08-16,Organic,2021-09-15,Standard,Monthly,,,13.8,795.0,2,0,Rahul,India,Gujarat,Male,1982-06-20,2026-07-14,Y,45.0,1.0
8607-QETBG,2022-10-12,Organic,2023-10-12,Premium,Annual,,,25.05,1548.0,25,0,Aarav,Nepal,Kathmandu,Male,1989-01-18,2026-04-21,N,59.0,1.0
8885-WBJCH,2025-09-22,Referral,2026-09-22,,Annual,,,11.42,897.0,89,0,Ishita,India,Uttar Pradesh,Male,1987-03-30,2023-11-14,N,52.0,1.0
9674-FQUWJ,2023-11-10,Paid,2024-11-09,Standard,Annual,2023-12-29,Poor Support,15.05,761.0,60,1,Nisha,India,Gujarat,Female,1996-11-29,2025-12-25,N,32.0,1.0
6975-MCFTR,2021-04-25,Organic,2022-04-25,Standard,,,,13.47,1351.0,48,0,Nisha,India,Delhi,Female,1992-05-20,2025-09-28,Y,68.0,2.0
5221-URIHY,2022-04-08,Organic,2023-04-08,Standard,Annual,,,12.17,1144.0,35,0,Ishita,India,Maharashtra,Female,1995-09-24,,,,
9718-AUDWP,2025-03-14,Paid,2025-04-13,Basic,Monthly,2026-03-28,Poor Streaming Quality,8.64,411.0,87,1,Neha,India,Maharashtra,Male,1987-11-23,,,,
6884-SPGUO,2023-05-13,Organic,2023-06-12,Standard,Monthly,,,13.34,683.0,71,0,Ananya,India,Maharashtra,Male,1989-07-23,2023-07-19,N,83.0,1.0
5460-IAOIR,2023-10-24,Paid,2024-10-23,Basic,Annual,,,4.99,607.0,26,0,Neha,India,Rajasthan,Male,2005-07-28,2026-02-02,N,34.0,2.0
3660-ZRLSQ,2025-08-11,Organic,2025-09-10,Standard,Monthly,,,16.1,766.0,72,0,Amit,India,Maharashtra,Female,1990-03-14,2024-12-09,N,18.0,1.0
6213-PYILG,2025-10-04,Organic,2026-10-04,Basic,Annual,2026-05-18,Switched To Competitor,7.14,169.0,61,1,Aditya,India,West Bengal,Male,1985-08-17,,,,
5704-ZPFXU,2026-05-12,Referral,2026-06-11,Standard,Monthly,,,12.06,795.0,54,0,Ishita,India,Telangana,Male,1994-05-03,2026-06-07,N,55.0,2.0
4414-DKUPE,2025-09-06,Organic,2025-10-06,Premium,Monthly,,,22.4,1486.0,54,0,Meera,India,Uttar Pradesh,Male,1996-05-21,2023-04-24,N,49.0,1.0
1605-ZLRJC,2024-02-05,Organic,2024-03-06,Standard,Monthly,2026-04-18,Poor Support,12.86,795.0,72,1,Pooja,India,Punjab,Male,1971-03-14,2025-04-29,N,97.0,1.0
4133-SIPLI,2024-10-25,Organic,2025-10-25,Basic,Annual,2024-11-22,Service Quality,10.37,290.0,18,1,Vivaan,India,Telangana,Male,1975-05-17,,,,
2567-GGSIT,2025-05-20,Organic,2025-06-19,Basic,Monthly,2025-08-16,Not Enough Content,10.02,242.0,21,1,Karan,India,Nagaland,Female,2008-12-06,2024-06-10,Y,9.0,1.0
3126-IYWKG,2025-01-05,Paid,2025-02-04,Premium,Monthly,2026-05-29,Forgot To Cancel Trial,25.27,1309.0,60,1,Karan,India,West Bengal,Female,1999-12-04,,,,
7162-BLPRC,2024-05-12,Refferal,2024-06-11,Premium,Monthly,,,22.15,1749.0,73,0,Vivaan,Nepal,Kathmandu,Female,1985-08-12,2025-11-30,N,73.0,4.0
0053-HDNXH,2023-11-12,Paid,2023-12-12,,Monthly,,,20.7,1305.0,8,0,Ananya,India,Maharashtra,Female,1973-11-24,,,,
4549-FBSGO,2024-10-29,,2025-10-29,Basic,Annual,2025-10-23,Poor Support,8.02,357.0,62,1,Rahul,India,Rajasthan,Male,1974-03-27,2024-03-31,N,49.0,2.0
6837-VEPXM,2024-10-07,Organic,2025-10-07,Basic,Annual,2025-08-30,Too Expensive,7.77,747.0,38,1,Arjun,India,Delhi,Male,1997-12-22,,,,
0429-GUUIF,2026-04-29,Refferal,2027-04-29,Standard,Annual,,,11.95,1007.0,39,0,Ishita,India,Gujarat,Male,1987-11-19,2026-05-06,N,48.0,3.0
2934-GTVBT,2023-01-04,Organic,2024-01-04,Premium,Annual,,,23.99,1373.0,59,0,Nisha,India,West Bengal,Male,1998-08-04,2023-05-30,N,26.0,1.0
7529-PWBSD,2022-07-11,Organic,2022-08-10,Basic,,,,4.99,580.0,96,0,Arjun,India,West Bengal,Female,2002-05-25,2025-05-10,N,35.0,2.0
8971-MCTTM,2022-10-09,Organic,2023-10-09,Basic,Annual,2025-06-08,Poor Streaming Quality,7.5,20.0,66,1,Pooja,India,Uttar Pradesh,Female,1983-01-22,2023-07-26,N,61.0,2.0
3120-AXEVP,2023-10-03,Referral,2024-10-02,Basic,Annual,,,6.71,634.0,19,0,Ishita,India,Uttar Pradesh,Female,1975-09-27,2026-02-06,N,37.0,1.0
6858-SWAZB,2024-11-19,Referral,2025-11-19,Standard,Annual,,,13.67,774.0,26,0,Sneha,India,Haryana,Female,1982-04-20,2024-09-20,Y,31.0,1.0
9989-GVCLO,2024-08-24,Organic,2024-09-23,Standard,Monthly,,,14.29,608.0,12,0,Neha,India,Meghalaya,Male,1972-06-17,,,,
9543-DAQBU,2021-09-11,Organic,2021-10-11,Basic,Monthly,2024-09-05,Poor Support,9.34,169.0,62,1,Sneha,India,West Bengal,Female,2007-08-21,2026-06-11,N,7.0,5.0
0406-ZNYDH,2021-04-15,Referral,2021-05-15,Basic,Monthly,2025-08-20,Too Expensive,5.68,800.0,52,1,Riya,India,Karnataka,Female,2008-03-25,2024-02-19,N,65.0,1.0
4561-ACITS,2024-12-18,Organic,2025-01-17,Basic,Monthly,2025-05-20,Poor Support,10.53,207.0,85,1,Vikram,India,Punjab,Male,1978-05-07,2024-05-17,Y,55.0,1.0
0889-BRJUH,2022-09-24,Paid,2022-10-24,Standard,Monthly,,,14.24,1071.0,52,0,Kavya,India,Haryana,Male,1987-04-01,2023-06-08,Y,31.0,1.0
3643-FGSMR,2026-06-28,Refferal,2027-06-28,Basic,Annual,2026-08-23,Forgot To Cancel Trial,6.15,374.0,26,1,Sneha,India,Punjab,Female,1970-04-21,2025-05-07,N,64.0,1.0
0808-NLXLC,2022-05-01,Organic,2022-05-31,Standard,Monthly,,,18.02,1059.0,51,0,Karan,India,Kerala,Male,1978-01-06,2026-01-17,Y,25.0,1.0
6978-DXJUR,2021-04-22,Organic,2021-05-22,,Monthly,,,22.57,1977.0,88,0,Rohan,India,Kerala,Male,2003-01-17,2023-02-21,N,97.0,1.0
4661-PEBTY,2021-05-21,Paid,2022-05-21,Premium,Annual,,,25.05,1149.0,2,0,Ishita,India,Kerala,Male,1995-07-23,2025-10-15,Y,17.0,1.0
8621-HJJSQ,2023-12-13,Paid,2024-12-12,Basic,Annual,,,7.14,174.0,55,0,Vikram,India,Delhi,Female,1992-12-19,2025-05-19,N,9.0,2.0
7968-YKRNY,2022-08-31,Paid,2022-09-30,Basic,Monthly,,,8.23,180.0,81,0,Meera,India,Rajasthan,Male,2002-02-17,2026-06-09,N,43.0,1.0
3555-EJQYV,2026-08-10,Paid,2026-09-09,Premium,Monthly,2026-08-18,Forgot To Cancel Trial,23.94,1409.0,29,1,Neha,India,Kerala,Female,1971-06-02,2024-12-18,Y,9.0,1.0
0207-NEJYZ,2023-08-24,Paid,2024-08-23,Basic,Annual,2024-03-02,Poor Support,8.19,20.0,61,1,Priya,India,Karnataka,Female,1976-11-27,2024-04-26,N,37.0,1.0
1556-DSKLW,2025-03-05,Paid,2026-03-05,Premium,Annual,2025-05-05,Too Expensive,23.55,1424.0,69,1,Arjun,India,Gujarat,Female,1993-04-23,2024-02-12,Y,19.0,2.0
9206-XUZSX,2025-10-15,Organic,2026-10-15,Standard,Annual,,,15.79,774.0,22,0,Karan,India,Nagaland,Male,1993-10-02,2023-12-26,N,65.0,2.0
5414-BVYIL,2025-09-23,Organic,2025-10-23,Premium,Monthly,,,21.25,1369.0,54,0,Priya,Nepal,Kathmandu,Female,1970-08-03,2025-01-29,N,9.0,2.0
5730-QRKWV,2023-10-07,Organic,2024-10-06,Basic,Annual,,,7.45,267.0,31,0,Riya,India,Meghalaya,Male,1972-05-04,2025-10-14,N,98.0,2.0
9423-OCVCF,2023-12-20,Paid,2024-12-19,Premium,Annual,,,19.45,1901.0,7,0,Rahul,India,Delhi,Female,1974-05-29,2024-07-19,N,54.0,1.0
2868-ESLFA,2023-12-15,Organic,2024-01-14,Standard,Monthly,2026-04-05,Poor Streaming Quality,12.25,733.0,48,1,Vikram,India,Maharashtra,Female,2009-04-16,2025-03-06,N,21.0,2.0
2182-SUHBO,2025-05-02,Paid,2025-06-01,Basic,Monthly,,,5.8,513.0,18,0,Aditya,India,Kerala,Male,2005-03-12,2024-04-16,N,13.0,1.0
7833-BUEGQ,2022-07-02,Paid,2023-07-02,Standard,Annual,,,12.77,693.0,83,0,Kavya,India,Nagaland,Male,2000-06-16,2026-01-10,N,94.0,5.0
0536-HDFUF,2021-07-30,Paid,2022-07-30,Standard,Annual,,,13.69,925.0,53,0,Rohan,India,Maharashtra,Male,1978-11-16,2025-12-01,N,80.0,1.0
0457-FCQZE,2024-11-26,Paid,2024-12-26,Basic,Monthly,2026-03-26,Poor Support,7.55,520.0,56,1,Arjun,India,Telangana,Male,1982-02-27,2025-01-09,Y,62.0,2.0
7294-JBRFN,2022-10-24,Referral,2023-10-24,Premium,Annual,,,20.45,1769.0,40,0,Karan,India,Punjab,Male,1983-01-10,2024-02-25,Y,68.0,1.0
5082-PDGTY,2024-09-30,Organic,2025-09-30,Basic,Annual,,,10.42,793.0,43,0,Pooja,India,Haryana,Female,1982-05-03,2026-06-13,N,42.0,3.0
0140-KWHLX,2023-01-30,Referral,2023-03-01,Basic,Monthly,,,6.52,482.0,19,0,Riya,India,Meghalaya,Female,1988-10-05,2025-08-10,N,22.0,2.0
9689-RSPHX,2021-04-13,Paid,2021-05-13,Basic,Monthly,2023-09-15,Poor Support,7.07,20.0,62,1,Karan,India,Kerala,Female,1987-05-18,2026-06-17,N,34.0,2.0
0363-BPVVR,2021-07-31,Refferal,2021-08-30,Standard,Monthly,,,11.86,989.0,76,0,Rahul,India,Tamil Nadu,Female,1972-10-17,2025-12-31,N,63.0,3.0
3777-JLGKC,2022-06-26,Paid,2023-06-26,Premium,Annual,2026-01-17,Not Enough Content,,1495.0,66,1,Rahul,India,Uttar Pradesh,Male,1978-11-07,2025-03-25,N,50.0,1.0
3214-YSDHG,2025-05-30,Organic,2025-06-29,Standard,Monthly,,,13.87,1144.0,3,0,Meera,India,Maharashtra,Male,1990-02-15,2025-08-07,N,72.0,2.0
2833-RXSME,2022-01-13,Organic,2023-01-13,Standard,Annual,,,13.54,906.0,18,0,Sanjay,India,West Bengal,Male,2006-04-01,2025-11-11,Y,70.0,2.0
1449-VRNPW,2025-06-02,Paid,2026-06-02,,Annual,2026-08-14,Not Enough Content,5.63,679.0,78,1,Ishita,India,Haryana,Female,1996-02-05,2024-01-04,Y,99.0,1.0
8141-CKBKQ,2024-10-17,Referral,2025-10-17,Premium,Annual,,,23.46,1951.0,39,0,Neha,India,Telangana,Female,1970-01-30,2024-10-05,N,69.0,2.0
2102-DMNSA,2021-10-06,Paid,2022-10-06,Standard,Annual,,,13.79,559.0,34,0,Priya,India,Meghalaya,Female,1983-08-07,2025-09-23,N,14.0,1.0
2497-URXVV,2025-12-08,Organic,2026-12-08,Standard,Annual,2026-06-26,Not Enough Content,13.94,745.0,49,1,Ishita,India,Delhi,Female,1989-05-02,2026-01-28,N,12.0,2.0
5117-YKXKL,2022-12-17,Refferal,2023-12-17,Standard,Annual,,,14.2,953.0,2,0,Kavya,India,West Bengal,Male,1999-01-18,2024-06-09,N,90.0,1.0
6863-KDXLY,2024-10-18,Organic,2024-11-17,Premium,Monthly,,,22.18,1761.0,60,0,Arjun,India,Meghalaya,Male,1980-11-01,2023-05-19,N,84.0,3.0
4005-ZPTTF,2026-02-02,Paid,2026-03-04,Premium,Monthly,,,22.84,1774.0,13,0,Neha,India,Rajasthan,Male,1971-06-24,2024-10-16,Y,92.0,2.0
8158-YRYVR,2021-05-05,Organic,2021-06-04,Standard,Monthly,2024-06-25,Forgot To Cancel Trial,18.11,1154.0,31,1,Pooja,India,Delhi,Male,1987-08-18,2024-08-21,Y,68.0,1.0
4784-WEOVY,2021-06-13,Organic,2022-06-13,Standard,Annual,,,12.24,291.0,56,0,Sneha,India,Tamil Nadu,Female,1993-08-01,,,,
2688-CIWNB,2025-05-27,Referral,2025-06-26,Basic,Monthly,,,7.7,20.0,65,0,Meera,India,Kerala,Male,1998-12-22,2025-06-24,Y,77.0,2.0
1214-IIDMM,2022-08-13,Referral,2022-09-12,Standard,Monthly,2025-03-25,Poor Support,14.28,1285.0,49,1,Vikram,India,Karnataka,Female,1988-02-07,2025-06-17,Y,55.0,2.0
2012-GRYZO,2025-09-27,Refferal,2025-10-27,Standard,Monthly,,,13.91,903.0,66,0,Priya,India,Telangana,Female,1978-08-06,2025-08-13,N,46.0,1.0
0408-XYHKA,2022-03-02,Referral,2023-03-02,Premium,Annual,,,23.99,1451.0,33,0,Sanjay,India,Gujarat,Male,2000-01-14,2025-04-21,N,78.0,2.0
8016-UASKO,2023-10-31,Paid,2023-11-30,Standard,Monthly,,,9.97,663.0,66,0,Rohan,India,Telangana,Female,2007-01-08,2025-12-30,N,15.0,2.0
2201-VKVDP,2021-06-01,Organic,2021-07-01,Standard,Monthly,,,16.19,917.0,38,0,Arjun,India,Gujarat,Female,1995-03-03,2023-08-15,N,85.0,1.0
3117-ZOSCR,2022-02-11,Paid,2023-02-11,Basic,Annual,,,7.51,740.0,32,0,Ananya,India,Telangana,Female,1976-08-28,2025-06-18,N,77.0,1.0
1032-JFAPG,2025-08-28,Paid,2026-08-28,Basic,Annual,,,8.66,366.0,37,0,Kavya,India,Haryana,Female,1986-12-22,2025-04-04,Y,84.0,3.0
5136-TESHI,2025-06-16,Refferal,2026-06-16,Premium,Annual,,,22.45,1674.0,13,0,Kavya,India,Kerala,Female,1975-06-14,2023-05-28,N,31.0,1.0
5779-QRFPG,2024-04-29,Referral,2025-04-29,Premium,Annual,2024-08-18,Poor Support,21.56,1339.0,14,1,Meera,India,Karnataka,Female,1998-11-17,2024-08-14,N,65.0,1.0
2786-YCKLG,2024-05-25,Referral,2025-05-25,Standard,Annual,,,13.44,592.0,20,0,Rohan,India,Telangana,Male,1997-06-19,2025-10-30,N,20.0,1.0
7858-MSKXS,2021-06-17,Paid,2021-07-17,Standard,Monthly,2026-07-06,Poor Support,15.14,755.0,73,1,Priya,India,Kerala,Female,1977-11-28,2026-02-13,N,71.0,3.0
3347-ZWPAP,2026-01-28,Paid,2026-02-27,Premium,Monthly,,,25.52,1272.0,26,0,Riya,India,Kerala,Female,1986-02-13,2025-06-01,Y,96.0,2.0
6915-JDOUI,2023-09-17,Paid,2024-09-16,Basic,Annual,2025-05-06,Poor Support,6.44,318.0,46,1,Rahul,India,Kerala,Male,1983-07-28,2023-10-21,N,92.0,1.0
4575-ASWUL,2021-04-30,Referral,2021-05-30,Basic,Monthly,,,5.66,20.0,3,0,Rohan,India,Delhi,Male,1995-01-20,2026-04-12,N,45.0,1.0
0473-MYCFV,2022-11-24,Paid,2023-11-24,Basic,Annual,,,7.37,20.0,18,0,Ishita,India,West Bengal,Female,2004-01-01,2023-12-30,N,70.0,1.0
5691-EAKPV,2022-12-05,,2023-01-04,Standard,Monthly,,,13.86,571.0,3,0,Rahul,India,Haryana,Male,1988-09-21,2025-12-06,N,82.0,5.0
8839-LKYUF,2022-01-11,Organic,2022-02-10,Basic,Monthly,,,7.35,784.0,6,0,Meera,Nepal,Kathmandu,Female,1979-09-30,2025-01-02,N,79.0,1.0
6819-SGZHO,2024-10-01,Paid,2025-10-01,Standard,Annual,2026-06-02,Poor Support,14.21,356.0,86,1,Aarav,India,Haryana,Female,1970-12-30,2026-01-03,Y,59.0,2.0
4948-RXKJT,2022-08-21,Organic,2022-09-20,Standard,Monthly,,,12.35,406.0,67,0,Arjun,India,Uttar Pradesh,Female,1982-12-03,,,,
9522-XTSTY,2025-05-19,Paid,2025-06-18,Standard,Monthly,,,14.76,910.0,55,0,Ananya,India,Haryana,Male,1996-04-09,,,,
0130-PAPKH,2026-01-03,Organic,2026-02-02,Basic,Monthly,,,5.31,478.0,45,0,Amit,India,Tamil Nadu,Male,1985-06-22,2025-10-03,N,70.0,2.0
8911-SOWCQ,2022-02-15,Organic,2023-02-15,Standard,Annual,,,16.19,980.0,39,0,Rahul,India,Uttar Pradesh,Female,1979-05-17,2024-11-30,Y,82.0,1.0
1582-GEOQT,2023-07-16,Refferal,2024-07-15,Standard,Annual,2025-04-12,Too Expensive,,360.0,89,1,Sanjay,India,Maharashtra,Male,1981-05-05,2024-10-19,Y,64.0,1.0
4419-YJEAD,2021-04-20,Paid,2021-05-20,Standard,Monthly,2024-03-05,Switched To Competitor,14.02,909.0,66,1,Arjun,India,Maharashtra,Male,1978-08-21,2025-10-22,N,83.0,1.0
4464-KWDGZ,2025-10-30,Referral,2026-10-30,Standard,Annual,2026-01-24,Switched To Competitor,15.09,827.0,7,1,Meera,India,Meghalaya,Female,1974-12-20,2025-08-21,N,99.0,2.0
0308-LFNZF,2024-11-26,Organic,2024-12-26,Standard,Monthly,,,13.93,700.0,72,0,Aarav,India,Uttar Pradesh,Female,2001-08-23,2026-01-25,N,26.0,2.0
3718-LUZCM,2022-06-09,Organic,2022-07-09,Premium,Monthly,2023-06-01,Service Quality,22.94,1282.0,50,1,Amit,India,Tamil Nadu,Male,1987-06-11,2025-02-05,N,29.0,1.0
7531-AUGNZ,2022-05-17,Organic,2023-05-17,Standard,,,,12.31,312.0,52,0,Meera,Nepal,Kathmandu,Male,2002-01-04,2025-10-12,N,54.0,2.0
6359-ZPFSP,2025-03-20,Organic,2026-03-20,Basic,Annual,,,8.33,148.0,67,0,Rahul,India,Uttar Pradesh,Male,1991-01-12,2025-03-10,Y,87.0,2.0
3123-BQPUD,2023-03-24,Organic,2024-03-23,Premium,Annual,,,22.44,1367.0,98,0,Pooja,India,Kerala,Male,1982-06-05,2025-10-07,N,89.0,2.0
5397-VXYFE,2021-12-14,Paid,2022-01-13,Standard,Monthly,,,15.15,699.0,91,0,Kavya,India,Rajasthan,Male,2004-10-14,2025-03-16,N,67.0,2.0
5769-MGCDI,2025-07-12,Organic,2025-08-11,Standard,Monthly,2025-07-24,Poor Support,12.92,860.0,12,1,Nisha,Nepal,Kathmandu,Male,1973-04-17,,,,
7400-BCGWZ,2022-06-27,Referral,2023-06-27,Premium,Annual,2024-11-06,Poor Support,20.61,1181.0,16,1,Meera,India,Kerala,Male,2000-07-08,,,,
4414-BAWLC,2022-10-25,Paid,2022-11-24,Standard,Monthly,,,10.03,617.0,78,0,Arjun,India,Maharashtra,Male,2008-06-10,2025-02-02,N,53.0,3.0
8337-NJLFY,2022-11-18,Organic,2023-11-18,Standard,Annual,,,13.43,991.0,46,0,Sanjay,India,Delhi,Female,1998-10-20,2025-06-17,N,5.0,2.0
7881-FTELT,2021-02-04,Refferal,2021-03-06,Standard,Monthly,2021-09-14,Too Expensive,11.67,720.0,82,1,Pooja,India,Nagaland,Female,1992-03-31,2024-10-26,Y,64.0,2.0
0386-SFSMA,2022-11-02,Paid,2022-12-02,Basic,Monthly,2025-05-11,Too Expensive,7.67,203.0,28,1,Neha,India,Tamil Nadu,Male,1972-11-01,2026-04-10,N,50.0,2.0
7623-GYVFP,2026-04-17,Organic,2027-04-17,Standard,Annual,,,18.57,470.0,38,0,Sneha,India,West Bengal,Male,1975-02-04,2026-03-27,N,22.0,2.0
3635-POHQG,2025-05-03,Paid,2025-06-02,Basic,Monthly,,,5.28,667.0,58,0,Nisha,India,Punjab,Female,1995-11-28,2023-03-29,N,72.0,1.0
9074-YESYD,2023-11-21,Paid,2024-11-20,Basic,Annual,2024-06-16,Switched To Competitor,6.1,418.0,29,1,Vikram,India,Uttar Pradesh,Female,1981-10-02,2025-10-04,Y,74.0,2.0
7401-YFPUI,2025-06-07,Paid,2026-06-07,Premium,Annual,2025-06-16,Too Expensive,22.21,1585.0,42,1,Rahul,India,Karnataka,Male,2007-12-18,2025-08-27,Y,90.0,1.0
2396-KISJJ,2022-02-28,Organic,2022-03-30,Basic,Monthly,,,8.71,457.0,92,0,Ishita,India,Haryana,Female,1981-11-02,2024-08-26,N,21.0,2.0
9445-PYSXF,2024-12-10,Organic,2025-12-10,Basic,Annual,,,5.18,20.0,97,0,Ananya,India,Nagaland,Female,1985-05-24,2026-05-20,N,43.0,4.0
9382-YBJKK,2023-04-05,Paid,2024-04-04,Premium,Annual,,,21.03,1662.0,84,0,Karan,India,Haryana,Female,1995-12-11,2025-06-05,Y,10.0,2.0
7788-SFPZL,2024-02-04,Refferal,2025-02-03,Premium,Annual,,,20.22,1346.0,25,0,Amit,India,Kerala,Female,2008-05-05,,,,
9282-QYXAU,2021-07-14,Paid,2021-08-13,Premium,Monthly,2024-08-09,Not Enough Content,22.27,1556.0,60,1,Aarav,India,Nagaland,Female,1981-01-14,2025-11-10,N,49.0,1.0
1910-VVGBK,2025-12-18,Paid,2026-12-18,Standard,Annual,,,13.27,868.0,80,0,Riya,India,Delhi,Male,2009-03-23,2025-10-02,Y,23.0,4.0
3046-OCBLU,2024-09-12,Referral,2024-10-12,Standard,Monthly,,,13.71,822.0,87,0,Vivaan,India,Meghalaya,Female,1999-06-13,2025-05-10,N,42.0,2.0
3165-IEHHG,2022-08-12,Paid,2023-08-12,Standard,Annual,,,15.04,425.0,8,0,Ananya,India,Delhi,Male,1986-02-06,2023-06-18,Y,36.0,1.0
3452-HRITP,2026-07-04,Paid,2027-07-04,Basic,Annual,,,6.39,124.0,38,0,Pooja,India,Uttar Pradesh,Male,1999-06-18,2023-06-07,Y,34.0,1.0
6412-PXGZF,2023-08-23,Paid,2023-09-22,Basic,Monthly,,,11.24,816.0,90,0,Neha,India,Meghalaya,Male,1972-04-21,2026-02-17,N,14.0,2.0
1402-VXCPN,2022-11-16,Organic,2023-11-16,Basic,Annual,,,9.67,289.0,55,0,Ishita,India,Uttar Pradesh,Male,2005-03-25,2025-12-04,N,76.0,3.0
2219-NRONX,2024-08-06,Paid,2024-09-05,Basic,Monthly,2025-12-14,Forgot To Cancel Trial,10.44,709.0,56,1,Karan,India,Karnataka,Male,2007-10-31,2023-04-10,N,68.0,2.0
2273-QIZGW,2021-02-09,Organic,2022-02-09,Basic,Annual,,,6.98,213.0,49,0,Ananya,India,Delhi,Male,2002-03-14,2023-01-04,N,15.0,1.0
6329-FTGGI,2024-08-04,Paid,2025-08-04,Standard,Annual,,,14.26,603.0,33,0,Priya,India,Kerala,Male,2009-02-12,2024-07-25,N,57.0,2.0
6824-KOOFG,2025-02-25,Paid,2026-02-25,Standard,Annual,2026-08-08,Not Enough Content,14.41,1060.0,23,1,Riya,India,Tamil Nadu,Male,1974-10-16,2026-04-10,N,85.0,2.0
3084-FXJKR,2022-04-19,Organic,2022-05-19,Standard,Monthly,,,14.76,417.0,53,0,Kavya,India,Delhi,Male,1983-03-14,2023-11-16,N,29.0,2.0
7885-ROZXF,2025-04-13,Organic,2025-05-13,Standard,Monthly,2026-08-25,Not Enough Content,15.72,660.0,97,1,Rohan,India,Tamil Nadu,Female,1981-11-15,2025-09-03,N,95.0,3.0
1620-KVZSR,2021-06-27,Paid,2021-07-27,Standard,Monthly,,,16.6,616.0,47,0,Karan,India,Haryana,Female,2004-02-04,2025-01-21,N,11.0,2.0
2355-PEOFB,2022-06-08,Organic,2022-07-08,Standard,Monthly,2023-11-22,Not Enough Content,13.09,800.0,18,1,Rohan,India,Delhi,Male,1997-08-20,2026-05-02,N,80.0,4.0
9672-XRQGO,2025-04-02,Paid,2025-05-02,Basic,Monthly,,,,340.0,52,0,Ishita,India,Haryana,Female,1983-02-19,2025-12-19,N,25.0,2.0
7486-OHKVG,2021-06-06,Organic,2022-06-06,Standard,Annual,,,11.52,565.0,56,0,Sanjay,India,Tamil Nadu,Female,1992-03-29,2025-11-25,Y,63.0,2.0
9613-TXNFA,2025-01-12,Paid,2025-02-11,Basic,Monthly,,,8.01,371.0,46,0,Sanjay,India,Punjab,Male,2009-06-07,2023-12-27,Y,48.0,2.0
5359-KCYZJ,2022-08-11,Paid,2023-08-11,Basic,Annual,,,6.6,314.0,69,0,Aarav,India,Gujarat,Male,1979-11-19,2024-08-30,N,60.0,1.0
6687-KMQKU,2026-06-13,Organic,2026-07-13,Basic,Monthly,2026-08-26,Service Quality,8.1,216.0,18,1,Pooja,India,Karnataka,Male,1971-06-27,2025-07-08,N,35.0,2.0
1912-RZWBC,2021-07-10,Paid,2021-08-09,Standard,Monthly,,,9.27,487.0,33,0,Rahul,India,Gujarat,Female,1973-01-10,2024-03-07,N,75.0,1.0
6295-YVXDN,2024-04-02,Organic,2025-04-02,Basic,Annual,,,6.3,305.0,95,0,Karan,India,Delhi,Female,1971-06-24,2025-03-30,Y,41.0,1.0
7264-QUFLL,2023-07-19,Organic,2023-08-18,Premium,Monthly,,,20.42,1468.0,62,0,Riya,India,Haryana,Female,1995-12-08,2025-05-26,N,17.0,1.0
9399-FIADZ,2026-07-26,Organic,2027-07-26,Standard,Annual,,,15.81,842.0,45,0,Sanjay,India,Karnataka,Female,1973-10-09,2026-06-06,N,37.0,2.0
8479-GSPXH,2021-04-21,Organic,2022-04-21,Standard,Annual,,,17.85,800.0,43,0,Vikram,India,Delhi,Male,1987-11-28,2025-08-24,N,84.0,2.0
9942-JSKRI,2024-12-14,Organic,2025-12-14,Premium,Annual,,,27.33,1042.0,11,0,Priya,India,Rajasthan,Male,2010-12-05,2025-09-14,N,44.0,4.0
8435-QHYSL,2023-10-11,Organic,2024-10-10,Standard,Annual,,,10.68,283.0,74,0,Amit,India,Karnataka,Female,1971-12-30,2024-06-25,Y,87.0,1.0
1379-ZTRVP,2023-04-18,Organic,2024-04-17,Standard,Annual,,,11.6,736.0,80,0,Ananya,India,Maharashtra,Female,1983-10-12,,,,
2338-GCBSW,2025-09-20,Organic,2026-09-20,Basic,Annual,,,7.74,653.0,76,0,Aditya,India,Karnataka,Female,1989-11-26,2023-01-07,N,89.0,1.0
1659-ODKUV,2024-10-11,Paid,2024-11-10,Basic,Monthly,,,4.99,470.0,61,0,Amit,India,Telangana,Male,1972-12-09,2024-07-24,N,79.0,2.0
9487-IYUII,2022-02-25,Paid,2022-03-27,Premium,Monthly,,,20.27,,18,0,Amit,India,West Bengal,Female,1998-07-06,2024-10-31,N,31.0,2.0
1096-XFGKD,2022-07-16,Paid,2023-07-16,Premium,Annual,2025-03-11,Not Enough Content,20.91,903.0,43,1,Rahul,India,Punjab,Female,1979-03-23,2024-12-07,Y,77.0,3.0
8063-SEEAY,2022-08-26,Paid,2022-09-25,Standard,Monthly,2023-08-29,Switched To Competitor,15.18,775.0,58,1,Nisha,India,Haryana,Male,1998-04-15,2024-01-24,Y,82.0,2.0
4370-RDGOF,2024-01-04,Organic,2025-01-03,Basic,Annual,2024-03-27,Poor Support,8.52,61.0,87,1,Amit,Nepal,Kathmandu,Male,2007-03-07,2023-04-17,Y,76.0,1.0
6137-YHPXX,2022-05-17,Organic,2023-05-17,Standard,Annual,,,15.07,,61,0,Aarav,India,Delhi,Female,1999-02-11,2025-05-01,N,50.0,4.0
0101-CZYIN,2021-05-21,Paid,2021-06-20,Standard,Monthly,2026-08-01,Poor Streaming Quality,15.71,824.0,96,1,Priya,India,Haryana,Female,1977-04-19,,,,
5737-RTJXB,2026-01-18,Paid,2026-02-17,Standard,Monthly,2026-06-26,Poor Support,14.54,725.0,52,1,Kavya,India,Uttar Pradesh,Female,1996-05-12,,,,
0347-YEZHJ,2025-12-09,Organic,2026-12-09,Basic,Annual,,,7.58,205.0,85,0,Karan,Nepal,Kathmandu,Female,1993-08-07,2023-03-28,Y,95.0,1.0
0303-YJEME,2022-01-20,Organic,2022-02-19,Standard,Monthly,2026-01-22,Poor Support,12.46,745.0,18,1,Rahul,India,Haryana,Male,1997-05-19,2025-05-17,N,22.0,2.0
7902-BMKAB,2026-03-26,Organic,2026-04-25,Premium,Monthly,,,19.01,1299.0,8,0,Aarav,India,Karnataka,Female,1991-09-07,2025-09-05,N,80.0,1.0
5197-KDDUS,2022-07-22,Organic,2023-07-22,Premium,Annual,,,21.15,1534.0,65,0,Aarav,India,Punjab,Male,2000-06-03,2024-12-25,N,57.0,2.0
6086-VBRTF,2022-05-18,Organic,2023-05-18,Basic,Annual,2025-05-18,Service Quality,4.99,296.0,38,1,Vivaan,India,Tamil Nadu,Female,1994-07-20,,,,
5374-TPGRT,2024-12-18,Paid,2025-12-18,Basic,Annual,,,10.13,231.0,46,0,Priya,India,Nagaland,Female,2002-05-12,,,,
0120-ONJBC,2026-07-17,Refferal,2026-08-16,,Monthly,,,15.53,948.0,27,0,Aarav,India,Gujarat,Male,1984-11-24,2024-02-07,N,21.0,1.0
7506-VKYYR,2022-08-02,Organic,2022-09-01,Standard,Monthly,,,10.34,1089.0,51,0,Aarav,India,Kerala,Female,1989-01-15,2026-06-06,N,100.0,2.0
5818-ZPYZF,2025-09-12,Paid,2026-09-12,Premium,Annual,,,,1694.0,26,0,Ishita,India,Haryana,Male,2006-02-25,2025-08-30,N,72.0,2.0
6614-TVJWM,2022-04-13,Organic,2022-05-13,Standard,Monthly,2026-05-23,Not Enough Content,12.27,1096.0,50,1,Aditya,India,Nagaland,Male,2005-02-03,,,,
3882-EIZSS,2024-11-10,Organic,2024-12-10,Basic,Monthly,,,10.34,158.0,43,0,Sanjay,India,Haryana,Male,1998-06-18,2024-05-28,N,50.0,2.0
8958-GRJWK,2024-05-27,Refferal,2025-05-27,Basic,,,,4.99,20.0,29,0,Rohan,India,Meghalaya,Female,2000-10-26,,,,
8551-TUYUI,2023-03-24,Paid,2023-04-23,Premium,Monthly,,,19.89,2129.0,17,0,Arjun,India,Meghalaya,Male,1986-08-01,,,,
5226-MBPLK,2023-03-26,Organic,2024-03-25,Standard,Annual,,,14.75,184.0,50,0,Sanjay,India,Maharashtra,Female,2006-02-09,2026-02-19,N,34.0,1.0
1117-NPCQE,2024-07-12,Organic,2024-08-11,Standard,Monthly,,,13.62,483.0,60,0,Vikram,India,Tamil Nadu,Female,1984-11-13,2026-01-07,Y,83.0,1.0
1470-KKXBJ,2023-08-26,Paid,2024-08-25,Standard,Annual,2025-11-16,Poor Support,14.71,603.0,81,1,Vikram,India,Gujarat,Male,1975-10-18,2024-11-22,N,59.0,1.0
7350-GZTYY,2025-05-18,Organic,2026-05-18,Basic,Annual,2026-07-22,Forgot To Cancel Trial,4.99,75.0,62,1,Meera,India,Nagaland,Male,2003-09-13,2024-01-08,N,37.0,2.0
1112-LTALR,2024-12-25,Paid,2025-01-24,Basic,Monthly,,,8.16,,8,0,Rohan,India,West Bengal,Female,2006-11-30,2024-05-31,Y,88.0,1.0
7933-KWRBH,2024-02-25,Referral,2025-02-24,Premium,Annual,2024-11-24,Not Enough Content,20.03,1164.0,47,1,Vikram,India,Telangana,Male,2003-10-04,2026-01-24,N,59.0,2.0
9379-ACIZS,2021-08-07,Paid,2022-08-07,,Annual,,,15.22,917.0,64,0,Priya,India,Gujarat,Female,1988-07-23,2026-06-11,Y,43.0,4.0
1496-KYFOM,2021-08-20,Referral,2022-08-20,Basic,,,,5.98,406.0,32,0,Karan,India,Gujarat,Male,1988-06-19,2023-07-18,N,73.0,1.0
7609-TVDLR,2025-10-09,Organic,2025-11-08,Standard,Monthly,,,15.71,570.0,90,0,Sanjay,India,Tamil Nadu,Male,1984-03-15,2026-05-22,N,70.0,2.0
4203-RQJCZ,2025-02-04,Organic,2025-03-06,Standard,Monthly,,,12.78,835.0,20,0,Amit,India,Meghalaya,Male,1979-06-19,2025-11-17,N,43.0,1.0
8263-XHIIA,2023-12-24,Refferal,2024-01-23,Basic,Monthly,,,5.16,440.0,92,0,Aarav,India,Rajasthan,Female,1999-06-09,2024-01-17,Y,53.0,2.0
1716-IZFNO,2022-09-12,Organic,2022-10-12,Basic,Monthly,2025-07-14,Service Quality,8.17,676.0,34,1,Sanjay,India,Karnataka,Female,2010-06-13,2023-05-20,N,86.0,1.0
3613-XCWTH,2022-05-10,Organic,2022-06-09,Standard,Monthly,2025-10-12,Too Expensive,13.37,913.0,76,1,Rahul,India,Rajasthan,Female,1986-08-21,2024-05-11,Y,54.0,1.0
7682-LZAAO,2026-03-01,Paid,2026-03-31,Basic,Monthly,2026-05-07,Poor Support,5.52,,84,1,Ishita,India,Rajasthan,Male,1989-12-25,2023-11-05,N,72.0,2.0
9315-BUYMW,2025-08-21,Organic,2025-09-20,Basic,Monthly,2025-08-26,Too Expensive,10.43,36.0,80,1,Aarav,India,Delhi,Male,2004-10-14,2025-05-17,N,11.0,1.0
7574-FWSAO,2026-03-10,Paid,2026-04-09,Basic,Monthly,,,8.53,409.0,54,0,Amit,India,Nagaland,Male,1973-03-05,,,,
6551-UUMHE,2025-08-16,Refferal,2025-09-15,,Monthly,,,6.47,375.0,55,0,Rohan,India,Meghalaya,Female,1998-01-14,2024-12-04,N,76.0,2.0
0911-QYCSP,2026-03-13,Organic,2026-04-12,Standard,Monthly,2026-04-30,Poor Support,15.83,691.0,51,1,Pooja,India,West Bengal,Male,1998-03-09,2025-08-14,Y,15.0,2.0
1738-FHRHV,2024-12-29,Paid,2025-01-28,Basic,Monthly,,,7.32,379.0,5,0,Aarav,India,Uttar Pradesh,Female,1984-07-05,2024-03-29,N,44.0,2.0
3712-CCKKT,2023-05-12,Organic,2023-06-11,Standard,Monthly,2026-06-10,Forgot To Cancel Trial,13.52,595.0,64,1,Meera,India,Nagaland,Male,1985-05-09,2023-12-03,N,31.0,1.0
4797-EFOIR,2023-09-16,Referral,2023-10-16,Premium,Monthly,,,25.33,1603.0,18,0,Riya,India,Haryana,Female,2005-02-19,2023-09-17,N,18.0,1.0
9231-JOVFN,2021-04-09,Organic,2021-05-09,Basic,Monthly,,,8.45,101.0,2,0,Aditya,India,Punjab,Male,2001-01-20,2024-08-16,N,81.0,2.0
3068-QTDEA,2024-01-16,Refferal,2024-02-15,Basic,Monthly,,,5.59,20.0,63,0,Vikram,Nepal,Kathmandu,Male,1971-09-03,,,,
0144-BSXKW,2023-05-14,Organic,2024-05-13,Premium,Annual,2024-08-20,Poor Support,22.32,1556.0,83,1,Aarav,India,West Bengal,Female,2004-02-27,2025-01-03,N,85.0,2.0
7302-UTFNN,2022-09-19,Referral,2022-10-19,Standard,Monthly,2024-07-28,Poor Support,14.79,680.0,84,1,Kavya,India,Nagaland,Female,1970-04-01,2024-12-02,N,11.0,1.0
6424-UCRVD,2022-03-02,Refferal,2023-03-02,Standard,Annual,2026-02-25,Service Quality,13.85,732.0,24,1,Arjun,India,Haryana,Female,1981-02-08,2026-06-07,Y,46.0,1.0
4163-XAEUE,2025-10-12,,2025-11-11,Standard,Monthly,2025-10-13,Poor Support,13.77,846.0,52,1,Kavya,India,Haryana,Female,1972-10-25,2025-01-01,N,96.0,1.0
7026-XMMLJ,2025-05-18,Referral,2025-06-17,Standard,Monthly,,,13.85,578.0,25,0,Riya,India,West Bengal,Female,1971-12-27,2023-01-12,N,41.0,1.0
3815-OXZWD,2022-07-06,Organic,2022-08-05,Basic,Monthly,,,4.99,20.0,26,0,Arjun,India,Meghalaya,Female,2005-05-19,,,,
3084-TOIID,2022-06-23,Paid,2022-07-23,Basic,Monthly,,,6.64,20.0,20,0,Meera,India,Tamil Nadu,Male,1975-02-08,2026-02-07,N,14.0,2.0
3339-KKOHF,2025-06-15,Organic,2026-06-15,Premium,Annual,,,18.76,1221.0,62,0,Aarav,India,Rajasthan,Male,1985-03-16,2023-08-16,N,80.0,1.0
8876-KGQOO,2025-06-17,Organic,2026-06-17,Basic,Annual,2026-03-19,Not Enough Content,8.74,396.0,19,1,Rahul,Nepal,Kathmandu,Male,1990-07-28,2025-09-05,N,42.0,2.0
2233-SEVLK,2025-02-06,Paid,2026-02-06,Standard,Annual,,,14.73,634.0,2,0,Vikram,India,Uttar Pradesh,Female,1993-02-23,,,,
3899-KRMDO,2022-10-03,Referral,2022-11-02,Basic,Monthly,,,7.63,332.0,84,0,Nisha,India,Karnataka,Female,1997-02-05,2025-09-29,N,43.0,2.0
2687-CVIPE,2026-06-27,Paid,2026-07-27,,Monthly,,,13.16,1010.0,10,0,Ishita,India,Haryana,Male,1997-08-21,2025-12-11,N,35.0,1.0
3408-KDZIP,2025-08-21,Paid,2026-08-21,Standard,Annual,2026-05-21,Poor Support,16.39,741.0,28,1,Kavya,India,Rajasthan,Male,1975-09-23,2026-07-06,N,99.0,2.0
5665-LPOCR,2022-11-02,Referral,2022-12-02,Standard,Monthly,,,13.76,722.0,28,0,Vikram,India,Nagaland,Male,1974-10-15,2025-10-13,N,54.0,5.0
1163-LJLBS,2023-12-11,Paid,2024-01-10,Standard,Monthly,2026-06-27,Poor Support,14.19,1099.0,30,1,Kavya,India,Kerala,Male,1998-01-11,,,,
4199-BAORO,2025-10-03,Paid,2025-11-02,Basic,Monthly,2026-06-04,Not Enough Content,7.02,102.0,52,1,Riya,India,Gujarat,Female,1997-02-21,,,,
7210-TWZXU,2025-08-27,Paid,2026-08-27,Basic,Annual,,,6.88,221.0,11,0,Sanjay,India,West Bengal,Female,1986-07-21,2024-11-01,N,47.0,2.0
4322-NQERP,2024-12-05,Paid,2025-01-04,Premium,Monthly,,,19.87,1463.0,50,0,Aarav,India,Telangana,Male,1982-04-15,2026-01-04,N,17.0,2.0
5212-VRYZV,2024-03-08,Organic,2024-04-07,,Monthly,2024-05-16,Too Expensive,6.81,794.0,10,1,Arjun,India,Uttar Pradesh,Female,1995-05-26,,,,
2995-EHSWW,2021-11-11,Paid,2021-12-11,Standard,Monthly,,,12.26,545.0,8,0,Meera,India,West Bengal,Male,1980-01-11,2025-10-12,Y,100.0,1.0
6846-RYRDN,2025-01-27,Paid,2026-01-27,Standard,Annual,,,16.74,572.0,94,0,Vivaan,India,Kerala,Female,1971-01-29,2024-10-02,N,24.0,1.0
3601-QQHHC,2025-04-11,Organic,2025-05-11,Standard,Monthly,,,11.73,883.0,70,0,Sneha,India,Kerala,Female,2010-07-22,,,,
2949-VRYYW,2022-02-07,Organic,2022-03-09,Standard,Monthly,,,9.99,474.0,3,0,Arjun,India,West Bengal,Male,1971-08-17,,,,
1816-IBCGH,2021-08-01,Organic,2021-08-31,Premium,Monthly,,,22.27,1651.0,37,0,Rahul,India,Kerala,Female,2006-02-04,2025-05-01,N,55.0,2.0
0177-VNRQZ,2021-02-18,Organic,2021-03-20,Standard,Monthly,,,12.92,929.0,75,0,Amit,India,Delhi,Male,1982-03-07,2023-10-02,N,83.0,1.0
1493-IIONU,2024-09-18,Organic,2024-10-18,Basic,Monthly,2026-07-07,Poor Support,,20.0,16,1,Vikram,India,Gujarat,Male,1996-07-13,2026-05-31,N,53.0,2.0
5616-GOZPP,2023-08-29,Referral,2024-08-28,Standard,Annual,2025-09-22,Poor Streaming Quality,14.8,771.0,32,1,Aarav,India,Haryana,Male,1988-09-01,2024-08-18,N,60.0,1.0
1779-AFALW,2021-09-05,Paid,2022-09-05,Basic,Annual,2022-08-27,Poor Support,7.61,80.0,91,1,Nisha,India,Kerala,Male,2003-03-15,2025-03-07,N,57.0,1.0
4480-QWTQU,2026-06-20,Organic,2027-06-20,Premium,Annual,2026-08-14,Poor Support,22.49,1675.0,60,1,Vivaan,India,Delhi,Male,1999-11-06,2023-08-28,N,32.0,1.0
2822-KKUKY,2021-12-19,Paid,2022-01-18,Basic,Monthly,,,6.9,225.0,29,0,Sneha,India,Punjab,Female,1972-07-31,,,,
1885-ESTRI,2024-03-18,Paid,2024-04-17,Standard,Monthly,,,15.12,612.0,74,0,Meera,India,Delhi,Male,1982-12-19,,,,
0115-IMKXW,2025-12-14,Organic,2026-12-14,Standard,Annual,,,15.15,720.0,7,0,Meera,India,West Bengal,Male,2000-11-01,2025-03-18,Y,85.0,1.0
7754-ADLQR,2025-09-19,Refferal,2025-10-19,Basic,Monthly,,,8.47,324.0,80,0,Ishita,India,Maharashtra,Male,2002-05-06,2026-07-21,N,62.0,5.0
2979-CIUZY,2022-06-07,Referral,2022-07-07,Premium,Monthly,,,22.28,1094.0,36,0,Meera,India,Punjab,Male,1998-06-09,2025-08-09,Y,87.0,1.0
5941-CZDGZ,2026-06-09,Paid,2026-07-09,Basic,Monthly,2026-08-14,Poor Streaming Quality,12.33,224.0,89,1,Priya,India,Karnataka,Female,1973-02-20,2026-06-15,N,99.0,2.0
5050-FNCIY,2023-06-17,Organic,2023-07-17,Standard,Monthly,,,13.79,850.0,65,0,Arjun,India,Karnataka,Female,1970-02-01,2024-05-12,N,32.0,1.0
3002-XORSO,2022-05-15,Refferal,2022-06-14,Premium,Monthly,2023-08-26,Poor Streaming Quality,18.99,1974.0,11,1,Arjun,India,Nagaland,Male,1983-05-28,2024-10-13,Y,20.0,2.0
0366-XMROR,2024-12-27,Organic,2025-01-26,Standard,Monthly,2025-12-30,Too Expensive,14.21,669.0,76,1,Sneha,India,Maharashtra,Female,1972-07-09,,,,
3562-VFQPN,2022-08-30,Paid,2023-08-30,Standard,Annual,,,12.65,620.0,95,0,Kavya,India,Rajasthan,Female,1996-01-06,2025-09-26,N,89.0,2.0
0243-KBNRN,2023-08-31,Refferal,2023-09-30,Standard,,,,12.68,533.0,33,0,Ananya,India,Haryana,Female,2002-08-09,2023-09-05,N,42.0,1.0
7575-JHLFU,2024-06-29,Refferal,2025-06-29,Basic,Annual,,,8.13,806.0,84,0,Vivaan,India,Telangana,Male,1985-07-21,2025-04-20,N,18.0,1.0
8101-KUAEH,2024-04-03,Paid,2025-04-03,Basic,Annual,,,8.77,90.0,31,0,Vivaan,India,Telangana,Female,1982-04-21,2026-07-03,N,67.0,1.0
3893-GNULL,2023-01-22,Organic,2023-02-21,Standard,Monthly,,,12.92,636.0,7,0,Pooja,India,Rajasthan,Female,2008-09-19,2025-10-13,Y,28.0,1.0
0621-HUVCA,2024-06-11,Organic,2025-06-11,Standard,Annual,,,16.5,1011.0,98,0,Sanjay,Nepal,Kathmandu,Male,1999-04-24,,,,
8313-EOVUO,2021-05-28,Refferal,2021-06-27,Standard,Monthly,2022-05-30,Poor Support,16.12,771.0,19,1,Amit,India,West Bengal,Male,2007-06-08,2025-10-25,Y,88.0,2.0
3780-USVNY,2026-04-13,Referral,2026-05-13,Standard,Monthly,,,14.87,703.0,3,0,Nisha,India,West Bengal,Female,1989-09-26,2025-06-21,N,78.0,1.0
7702-BHUDS,2021-05-04,Refferal,2022-05-04,Basic,Annual,,,7.2,496.0,40,0,Riya,India,Haryana,Female,2006-07-06,2026-06-10,N,17.0,3.0
3421-FOYXK,2021-02-23,Organic,2022-02-23,Basic,Annual,,,7.9,575.0,76,0,Kavya,India,Kerala,Female,1981-02-17,2023-09-16,N,73.0,2.0
0060-XXPQN,2023-03-25,Organic,2024-03-24,Standard,Annual,,,11.88,1065.0,100,0,Priya,India,Punjab,Male,2007-05-02,2025-07-15,Y,46.0,3.0
0148-EDXBO,2023-02-25,Organic,2023-03-27,Basic,Monthly,,,5.84,547.0,69,0,Karan,India,Uttar Pradesh,Male,2002-10-22,2024-05-28,Y,47.0,1.0
3642-AXAWU,2025-09-04,Organic,2025-10-04,Basic,Monthly,,,7.31,338.0,55,0,Aditya,India,West Bengal,Male,1986-12-18,,,,
7940-EWPKR,2023-02-17,Refferal,2023-03-19,Standard,Monthly,,,16.01,773.0,23,0,Amit,India,Haryana,Female,1990-11-04,2025-12-02,Y,77.0,1.0
3429-HHOPG,2022-06-16,Paid,2022-07-16,Standard,Monthly,,,15.58,1007.0,86,0,Amit,India,West Bengal,Male,1985-09-24,2026-06-06,N,64.0,5.0
2473-YNWIH,2022-04-25,Paid,2022-05-25,Standard,Monthly,,,11.9,603.0,85,0,Arjun,India,Meghalaya,Female,2005-04-19,2026-07-22,Y,7.0,2.0
2842-NUNHY,2023-10-27,Paid,2024-10-26,Premium,Annual,2024-02-27,Too Expensive,23.75,1518.0,24,1,Vikram,India,Nagaland,Male,1980-02-10,2025-08-06,Y,78.0,2.0
5733-KAOQY,2025-08-01,Refferal,2025-08-31,Standard,Monthly,,,12.69,377.0,71,0,Vikram,India,Meghalaya,Male,1984-03-24,2026-06-10,N,62.0,1.0
2325-EZOAC,2025-03-03,Organic,2025-04-02,Basic,Monthly,2025-06-12,Not Enough Content,7.52,499.0,13,1,Amit,India,Haryana,Male,1977-07-17,2026-06-19,N,57.0,1.0
4766-QGJTZ,2021-08-20,Organic,2021-09-19,Premium,Monthly,,,20.25,1733.0,74,0,Pooja,India,Punjab,Male,1970-10-19,,,,
4922-KJDBV,2025-10-30,Paid,2025-11-29,Standard,Monthly,,,10.44,1365.0,74,0,Vivaan,India,Telangana,Male,1981-08-31,2025-12-13,N,15.0,2.0
0394-VGSYT,2021-01-29,Refferal,2022-01-29,Standard,Annual,2021-02-16,Poor Streaming Quality,15.11,1021.0,35,1,Ananya,India,Rajasthan,Female,2009-09-02,2026-07-16,N,34.0,2.0
7300-GPQLA,2021-09-05,Organic,2022-09-05,Basic,Annual,,,8.59,,80,0,Pooja,India,Delhi,Female,1979-01-16,2025-06-19,N,64.0,2.0
9125-FZYAT,2025-05-29,Organic,2025-06-28,Basic,Monthly,,,4.99,771.0,38,0,Nisha,India,West Bengal,Female,2006-05-01,2026-01-02,N,14.0,1.0
6348-FVCGY,2022-08-15,Referral,2022-09-14,Standard,Monthly,,,14.15,592.0,47,0,Karan,India,Uttar Pradesh,Male,1995-06-12,2026-06-27,Y,90.0,2.0
7433-CDGBE,2021-06-21,Organic,2021-07-21,Basic,Monthly,2024-05-05,Too Expensive,8.42,487.0,83,1,Amit,India,Rajasthan,Female,1990-02-06,2025-07-03,Y,87.0,5.0
5727-AHIZZ,2021-09-02,Organic,2022-09-02,Basic,Annual,,,6.86,49.0,89,0,Vivaan,India,Kerala,Female,1985-10-16,2025-07-13,N,8.0,1.0
8457-INNWT,2025-03-15,Organic,2025-04-14,Standard,Monthly,,,,919.0,22,0,Rohan,India,Rajasthan,Female,1975-10-18,,,,
9067-OXTTR,2024-04-08,Organic,2024-05-08,Basic,Monthly,,,7.46,436.0,48,0,Vivaan,India,Gujarat,Male,1970-06-01,2024-11-06,Y,82.0,1.0
3372-PJQGU,2024-11-21,Organic,2024-12-21,Basic,Monthly,2026-08-27,Poor Streaming Quality,5.66,409.0,79,1,Vivaan,India,Uttar Pradesh,Male,1980-02-13,2025-09-16,N,15.0,2.0
5723-SFUUD,2023-07-22,Organic,2023-08-21,Standard,Monthly,,,13.69,635.0,23,0,Riya,India,Uttar Pradesh,Female,1982-05-06,2025-02-19,N,73.0,2.0
3515-RWTMH,2024-12-25,Organic,2025-01-24,Standard,Monthly,,,14.13,1290.0,21,0,Riya,India,Haryana,Male,1997-10-06,2026-05-30,N,93.0,1.0
9100-WXHLG,2022-06-19,Refferal,2022-07-19,Standard,Monthly,,,13.58,778.0,55,0,Pooja,India,West Bengal,Male,1988-11-04,2024-12-16,Y,27.0,2.0
9545-WEGOK,2021-08-03,Organic,2021-09-02,Basic,Monthly,,,4.99,509.0,7,0,Vivaan,India,Karnataka,Male,2003-12-12,2024-09-25,N,7.0,1.0
4611-JRXXL,2021-07-28,Refferal,2021-08-27,Standard,Monthly,,,14.96,1075.0,96,0,Priya,India,Uttar Pradesh,Female,1994-12-20,2026-06-14,N,39.0,2.0
8282-SFUJQ,2024-09-10,Refferal,2024-10-10,Standard,Monthly,,,10.78,940.0,1,0,Arjun,India,Kerala,Female,2003-05-16,2025-08-07,Y,65.0,2.0
7212-YYUNK,2025-05-18,Paid,2025-06-17,Standard,Monthly,,,15.09,1046.0,45,0,Vikram,India,Maharashtra,Male,1995-05-10,2025-02-27,Y,66.0,1.0
4425-YFNRA,2022-07-31,Referral,2023-07-31,Premium,,2024-07-07,Forgot To Cancel Trial,23.37,1131.0,75,1,Vivaan,India,Uttar Pradesh,Male,1995-10-01,,,,
6357-GHQAE,2024-11-04,Organic,2025-11-04,Premium,Annual,,,25.49,1672.0,46,0,Karan,India,Punjab,Male,2005-06-04,2025-03-17,Y,82.0,4.0
4562-PCJHN,2022-11-10,Organic,2022-12-10,Basic,Monthly,,,9.33,641.0,30,0,Aarav,India,Delhi,Female,2006-02-26,2026-07-15,Y,87.0,2.0
3022-ANWPJ,2021-12-19,Referral,2022-12-19,Standard,Annual,2024-11-25,Service Quality,14.71,961.0,31,1,Aditya,India,Tamil Nadu,Male,1978-05-23,2023-10-07,N,98.0,1.0
4835-DGLPM,2021-05-26,Paid,2022-05-26,Premium,Annual,,,25.78,1043.0,48,0,Sneha,India,Delhi,Female,2004-10-04,2025-03-24,Y,62.0,2.0
9628-QANPB,2023-08-24,Paid,2024-08-23,Standard,Annual,,,14.85,1025.0,77,0,Vivaan,India,Tamil Nadu,Male,1972-11-27,2024-09-04,Y,95.0,3.0
3864-WJLFC,2022-12-17,Refferal,2023-01-16,Premium,Monthly,2023-10-12,Switched To Competitor,25.71,1703.0,48,1,Neha,India,Kerala,Female,2007-06-06,2026-06-05,Y,99.0,2.0
3198-UZRVQ,2021-11-02,Referral,2022-11-02,Premium,Annual,2026-03-28,Switched To Competitor,23.34,1571.0,22,1,Neha,India,Karnataka,Female,2001-11-23,2024-09-17,N,89.0,2.0
6594-LBKWN,2024-01-26,Paid,2025-01-25,Premium,Annual,,,24.09,1398.0,94,0,Ananya,Nepal,Kathmandu,Female,1972-11-27,2024-06-24,N,29.0,1.0
7624-BFHJZ,2025-06-10,Organic,2026-06-10,Basic,Annual,,,10.07,146.0,76,0,Aarav,India,Punjab,Female,2009-03-06,,,,
4631-RQKZF,2026-08-07,Refferal,2026-09-06,Basic,Monthly,,,7.49,,97,0,Sanjay,India,Tamil Nadu,Female,1982-09-12,2025-04-07,N,71.0,1.0
0368-TQGWE,2021-02-01,Paid,2022-02-01,Standard,Annual,,,12.9,850.0,63,0,Arjun,India,Haryana,Female,2009-03-03,2023-07-21,Y,49.0,2.0
2527-EESSQ,2025-06-29,Paid,2025-07-29,Standard,Monthly,2026-06-17,Poor Support,15.61,746.0,54,1,Vikram,India,Kerala,Male,1986-11-30,2024-09-01,N,64.0,2.0
8610-BQCYQ,2024-09-09,Referral,2025-09-09,Premium,Annual,,,23.73,1231.0,46,0,Neha,India,Telangana,Female,2002-12-26,,,,
7604-OJRVE,2024-12-13,Paid,2025-01-12,Premium,Monthly,2026-05-23,Switched To Competitor,22.27,1504.0,16,1,Ishita,India,Uttar Pradesh,Male,1993-06-20,2025-08-21,Y,60.0,2.0
8720-SCYEP,2023-06-01,Organic,2024-05-31,Basic,Annual,,,5.38,257.0,63,0,Aditya,India,Rajasthan,Male,1984-11-24,2024-04-29,N,53.0,2.0
1316-FQRRI,2022-12-18,Organic,2023-01-17,Standard,Monthly,2022-12-23,Switched To Competitor,16.85,807.0,40,1,Priya,India,Kerala,Male,2006-10-31,2026-06-16,N,70.0,2.0
8205-BWHQX,2024-06-04,Referral,2025-06-04,Premium,Annual,2025-08-17,Service Quality,24.24,1694.0,22,1,Aarav,India,Tamil Nadu,Male,2009-11-18,2026-03-29,N,56.0,2.0
2572-KVWGN,2024-01-08,Paid,2025-01-07,Premium,Annual,2025-10-28,Poor Support,24.0,1669.0,29,1,Arjun,India,Uttar Pradesh,Male,2001-11-27,2025-05-30,N,41.0,5.0
3348-NJAYQ,2025-04-22,Referral,2025-05-22,Premium,Monthly,2026-04-28,Switched To Competitor,23.36,1471.0,25,1,Vikram,India,Rajasthan,Male,2004-07-12,2026-05-22,Y,57.0,2.0
4629-CBMQG,2021-09-01,Paid,2021-10-01,Standard,Monthly,2022-04-24,Poor Support,11.71,653.0,37,1,Rahul,India,Kerala,Male,1995-07-27,2024-12-19,N,54.0,2.0
7449-KANEA,2021-06-15,Organic,2021-07-15,Premium,Monthly,,,24.51,1651.0,30,0,Kavya,India,Delhi,Female,1976-03-23,2025-11-27,Y,31.0,2.0
1321-HNZFB,2026-05-19,Paid,2026-06-18,Standard,Monthly,2026-06-08,Poor Streaming Quality,,484.0,24,1,Vikram,India,Gujarat,Female,2008-02-16,,,,
1931-IFIZJ,2025-08-05,Organic,2025-09-04,Basic,Monthly,2026-07-04,Poor Support,7.42,355.0,77,1,Arjun,India,Kerala,Male,1989-08-30,2026-06-11,N,29.0,2.0
6355-RDGKL,2025-01-30,Organic,2026-01-30,Basic,Annual,2026-03-01,Service Quality,5.5,380.0,17,1,Ananya,India,Telangana,Female,1985-12-30,2024-03-24,N,19.0,1.0
0155-QHIPY,2021-06-17,Organic,2022-06-17,Standard,Annual,2024-12-04,Forgot To Cancel Trial,12.54,1002.0,50,1,Kavya,India,Nagaland,Female,1985-12-22,2026-05-08,N,7.0,1.0
8652-ZKDFI,2022-05-23,Organic,2022-06-22,Premium,Monthly,2022-12-01,Switched To Competitor,22.53,1145.0,35,1,Ananya,India,Rajasthan,Female,1990-10-25,2026-05-24,N,94.0,2.0
3018-FDERM,2021-03-21,Organic,2022-03-21,Standard,Annual,2025-10-23,Poor Support,17.4,858.0,28,1,Amit,India,Rajasthan,Male,1972-03-27,2025-03-11,Y,14.0,1.0
0398-OVLIH,2023-07-12,Organic,2023-08-11,Standard,Monthly,2026-02-12,Too Expensive,13.2,1191.0,87,1,Arjun,India,Uttar Pradesh,Female,1974-07-11,2026-02-28,N,31.0,2.0
3808-HYZIY,2024-06-12,Organic,2025-06-12,Standard,Annual,,,12.72,780.0,91,0,Vivaan,India,West Bengal,Male,1998-08-25,2025-09-25,N,14.0,4.0
8538-BMRKL,2021-04-16,Referral,2021-05-16,Premium,Monthly,,,18.81,1536.0,87,0,Karan,India,Kerala,Male,1991-01-16,2025-01-23,Y,41.0,2.0
4953-RHPGX,2024-07-16,Refferal,2025-07-16,Basic,Annual,2024-09-04,Service Quality,4.99,258.0,65,1,Sneha,India,Rajasthan,Female,1971-10-28,2025-10-04,N,10.0,1.0
0868-BAJPZ,2025-05-21,Referral,2025-06-20,Standard,Monthly,2026-06-01,Poor Support,14.17,602.0,24,1,Aarav,India,Maharashtra,Female,2010-08-13,2024-04-29,N,20.0,1.0
4559-EJDMS,2024-05-10,Paid,2024-06-09,Basic,Monthly,,,6.0,156.0,54,0,Arjun,India,Telangana,Female,2004-02-03,2026-03-26,N,30.0,1.0
0378-UFRVU,2022-12-24,Referral,2023-01-23,Standard,Monthly,2022-12-28,Service Quality,12.39,368.0,75,1,Nisha,India,West Bengal,Female,1996-10-25,2023-09-30,N,78.0,3.0
6706-SEDJP,2022-04-26,Referral,2023-04-26,Standard,Annual,,,16.33,1154.0,80,0,Rahul,Nepal,Kathmandu,Male,1989-09-07,2024-01-10,Y,59.0,2.0
6190-UIWLG,2025-07-21,Paid,2025-08-20,Standard,Monthly,,,14.72,594.0,80,0,Kavya,India,Kerala,Male,1982-06-15,2024-01-06,N,41.0,2.0
7359-DKUUG,2021-05-03,Organic,2022-05-03,Standard,Annual,,,13.68,825.0,52,0,Amit,Nepal,Kathmandu,Male,1975-06-20,2024-12-31,N,46.0,2.0
1685-ACVUN,2023-11-14,Paid,2024-11-13,Premium,Annual,2026-05-22,Forgot To Cancel Trial,25.42,1471.0,14,1,Vikram,India,Telangana,Male,1998-08-28,2024-05-21,Y,22.0,1.0
5710-IEARA,2021-04-25,Referral,2021-05-25,Basic,Monthly,,,6.6,321.0,16,0,Meera,India,Haryana,Female,1971-10-16,2026-06-06,N,82.0,1.0
1071-UPMFD,2025-01-29,Paid,2026-01-29,Basic,Annual,2025-10-27,Poor Support,4.99,417.0,30,1,Kavya,India,Karnataka,Female,1992-05-14,2025-08-22,N,96.0,1.0
4677-JNEGC,2023-09-13,Referral,2024-09-12,Basic,Annual,,,8.81,441.0,76,0,Amit,India,Telangana,Female,2007-10-02,,,,
4258-HFOMF,2025-02-04,Paid,2025-03-06,Basic,Monthly,2026-01-13,Poor Support,8.86,735.0,59,1,Sanjay,India,Delhi,Male,1996-03-03,2025-08-06,N,62.0,1.0
6996-IIMDK,2024-04-13,Referral,2024-05-13,Basic,Monthly,2024-05-17,Forgot To Cancel Trial,6.33,,4,1,Sanjay,India,Punjab,Female,1990-06-10,2025-02-08,N,54.0,2.0
5833-DOBPA,2021-03-03,Organic,2021-04-02,Basic,Monthly,,,6.73,572.0,83,0,Karan,India,Kerala,Female,1972-09-17,2023-01-17,N,20.0,1.0
1770-JPSMD,2024-02-03,Organic,2024-03-04,Basic,Monthly,,,5.21,638.0,95,0,Karan,India,Karnataka,Male,1981-12-11,2024-02-22,Y,20.0,3.0
3889-UCSKA,2025-10-15,Paid,2025-11-14,Standard,Monthly,,,14.3,780.0,21,0,Aarav,India,Rajasthan,Male,1990-06-14,2023-09-16,N,100.0,2.0
6952-AJFPB,2025-08-27,Organic,2026-08-27,Basic,Annual,2026-05-26,Forgot To Cancel Trial,6.31,685.0,53,1,Rahul,India,Tamil Nadu,Female,1984-04-28,2024-04-09,N,23.0,3.0
0932-NZBLU,2022-09-10,Organic,2023-09-10,Premium,,2025-12-09,Not Enough Content,25.73,1201.0,63,1,Sanjay,India,Gujarat,Male,1991-12-31,,,,
2924-MVSHT,2025-04-01,Organic,2025-05-01,Premium,Monthly,,,24.06,1686.0,98,0,Sneha,India,Gujarat,Male,2000-08-24,2025-05-21,Y,67.0,2.0
6764-NLYWZ,2024-06-03,Organic,2024-07-03,Standard,,2026-06-03,Poor Support,11.28,825.0,70,1,Amit,India,Rajasthan,Male,1983-03-23,,,,
6760-JCDYJ,2023-11-15,Paid,2024-11-14,Basic,Annual,,,4.99,153.0,72,0,Nisha,India,Delhi,Male,1977-03-10,,,,
1125-FANPJ,2022-03-30,Organic,2023-03-30,Premium,Annual,,,26.3,1267.0,61,0,Ishita,India,Karnataka,Female,2004-09-07,2023-12-25,N,90.0,2.0
7446-MYTBH,2021-05-04,Paid,2022-05-04,Standard,Annual,,,15.38,,28,0,Priya,India,Kerala,Female,2002-04-26,2024-03-08,N,47.0,2.0
7547-NTIAU,2022-10-13,Organic,2023-10-13,Premium,Annual,,,23.82,1108.0,62,0,Meera,India,Telangana,Male,1991-10-01,2023-10-29,N,14.0,1.0
7854-QKASR,2026-05-03,Organic,2026-06-02,Standard,Monthly,2026-08-16,Poor Support,13.53,491.0,36,1,Aditya,India,West Bengal,Female,2008-08-27,2024-12-03,N,11.0,1.0
6683-ETSWO,2026-07-10,Referral,2027-07-10,Basic,Annual,,,6.03,222.0,7,0,Pooja,India,Haryana,Male,2002-01-12,2025-01-09,N,17.0,1.0
7321-KSSUW,2025-12-31,Organic,2026-01-30,Premium,Monthly,,,26.07,1734.0,69,0,Sanjay,India,Kerala,Female,1983-07-07,2026-04-16,N,71.0,6.0
0055-UUONS,2025-04-11,Paid,2025-05-11,Basic,Monthly,2025-06-26,Poor Support,4.99,311.0,44,1,Pooja,India,Delhi,Female,2007-11-08,2023-10-17,N,62.0,1.0
4565-KUUFV,2024-07-08,Organic,2024-08-07,,Monthly,,,14.06,643.0,23,0,Riya,India,Tamil Nadu,Female,1982-11-30,2024-10-22,N,70.0,2.0
3280-DWGFH,2024-02-15,Paid,2025-02-14,,Annual,2026-07-07,Poor Streaming Quality,5.35,733.0,20,1,Karan,India,West Bengal,Female,2010-10-26,2026-02-10,Y,95.0,3.0
4927-EEKFF,2024-05-07,Paid,2025-05-07,Standard,Annual,2025-11-09,Too Expensive,14.51,689.0,68,1,Pooja,Nepal,Kathmandu,Female,2007-07-18,2024-11-14,N,12.0,2.0
9122-PACVH,2023-09-09,Organic,2023-10-09,Basic,Monthly,,,4.99,538.0,20,0,Sanjay,India,Punjab,Female,1994-04-08,2026-07-10,Y,84.0,2.0
1544-RVKTK,2021-01-14,Referral,2022-01-14,Premium,Annual,,,22.48,1980.0,94,0,Arjun,India,Gujarat,Female,1972-11-10,2026-03-21,N,86.0,1.0
1109-UXZCO,2021-08-30,Paid,2021-09-29,Standard,Monthly,,,16.02,629.0,89,0,Vikram,India,Delhi,Female,1995-07-16,2025-09-09,N,27.0,1.0
6242-CYCGZ,2024-05-16,Organic,2025-05-16,Standard,Annual,,,13.33,627.0,53,0,Arjun,India,Nagaland,Female,1982-04-18,2025-06-13,N,43.0,1.0
5571-RMTCR,2026-05-06,Refferal,2026-06-05,Standard,Monthly,2026-07-20,Service Quality,15.66,1150.0,22,1,Rohan,India,Tamil Nadu,Female,1986-03-21,2025-05-16,N,32.0,3.0
0688-ENLDU,2023-05-21,Paid,2024-05-20,Standard,Annual,2023-11-17,Poor Streaming Quality,12.92,144.0,20,1,Sanjay,Nepal,Kathmandu,Female,2008-02-27,2025-12-22,Y,83.0,5.0
3035-WAGHP,2024-08-19,Organic,2025-08-19,Premium,Annual,,,23.43,1727.0,84,0,Nisha,India,West Bengal,Female,1996-12-15,2023-02-04,N,69.0,1.0
4024-EOYDG,2026-02-17,Referral,2026-03-19,Basic,Monthly,2026-02-12,Service Quality,9.64,516.0,51,1,Priya,India,Meghalaya,Male,2008-09-14,2026-04-14,N,31.0,2.0
4796-SDGGQ,2023-01-13,Paid,2023-02-12,Premium,Monthly,,,20.79,1679.0,51,0,Rahul,India,Maharashtra,Female,1989-06-30,2025-09-05,Y,25.0,1.0
0846-RLIWV,2023-01-08,Refferal,2024-01-08,Standard,Annual,,,12.0,728.0,74,0,Aditya,India,Nagaland,Female,1986-09-24,2025-05-29,N,41.0,2.0
8033-XGWEI,2025-05-23,Paid,2025-06-22,Premium,Monthly,2026-08-20,Poor Support,20.39,1619.0,100,1,Ishita,India,Uttar Pradesh,Male,1980-11-16,2023-07-18,N,34.0,2.0
5565-TPOJP,2023-09-09,Organic,2024-09-08,Standard,Annual,,,10.31,448.0,21,0,Kavya,India,Meghalaya,Male,1992-02-28,2026-05-30,N,82.0,2.0
4763-MPPID,2023-08-11,Refferal,2024-08-10,Standard,Annual,,,13.19,962.0,32,0,Nisha,India,Uttar Pradesh,Female,2010-06-24,2024-05-05,N,58.0,3.0
3012-KEEYH,2022-06-27,Referral,2022-07-27,Standard,Monthly,2022-08-12,Poor Streaming Quality,13.77,649.0,33,1,Meera,India,Telangana,Male,2004-02-04,2025-03-05,N,27.0,2.0
7395-DZFKU,2024-06-17,Organic,2024-07-17,Standard,Monthly,2026-07-02,Not Enough Content,14.08,1077.0,99,1,Rahul,India,Nagaland,Female,1998-01-04,,,,
2033-OUAAU,2026-03-17,Referral,2027-03-17,Standard,Annual,,,15.8,1029.0,62,0,Sanjay,India,Rajasthan,Male,1989-11-21,2026-03-27,N,84.0,2.0
2644-XYWZV,2026-01-12,Paid,2027-01-12,Premium,Annual,2026-06-08,Switched To Competitor,20.13,1797.0,65,1,Rohan,India,Punjab,Male,1975-11-03,2023-10-16,N,13.0,1.0
3849-ZIPAZ,2023-06-08,Paid,2024-06-07,Standard,Annual,,,10.92,1108.0,59,0,Rohan,India,Maharashtra,Female,1998-07-14,2024-06-17,N,26.0,1.0
5927-YJINW,2021-10-30,,2022-10-30,Premium,Annual,2024-11-18,Too Expensive,21.56,1611.0,46,1,Karan,India,Telangana,Female,1971-08-07,2026-03-22,N,77.0,3.0
5499-UFUTX,2026-01-23,Organic,2027-01-23,Standard,Annual,,,13.49,1128.0,83,0,Karan,India,Gujarat,Male,2006-12-09,2025-10-25,N,13.0,2.0
0598-JCKTQ,2022-01-22,Organic,2022-02-21,Standard,Monthly,,,11.99,487.0,34,0,Amit,India,Telangana,Male,1974-05-26,2025-09-20,N,97.0,1.0
7535-TZWPW,2023-01-21,Organic,2023-02-20,Premium,Monthly,,,19.05,1477.0,53,0,Aarav,India,Haryana,Female,1974-12-07,2026-02-11,N,64.0,3.0
0501-SNYNE,2025-09-29,Organic,2025-10-29,Basic,Monthly,,,6.93,455.0,48,0,Aditya,India,Nagaland,Male,1973-07-14,2025-10-01,N,5.0,2.0
7246-YABRO,2023-03-07,Organic,2023-04-06,Basic,Monthly,,,8.58,495.0,84,0,Vivaan,India,Gujarat,Female,2002-11-27,2024-07-04,Y,99.0,3.0
5496-COOWK,2021-03-04,Paid,2022-03-04,Standard,Annual,,,13.83,1327.0,82,0,Sneha,India,Punjab,Male,1992-12-29,2023-11-30,N,27.0,2.0
3494-COQHT,2021-11-29,Referral,2022-11-29,Basic,Annual,,,9.75,20.0,45,0,Sneha,India,Delhi,Female,1997-12-01,2026-06-07,N,18.0,5.0
9381-EOSAE,2025-02-27,Refferal,2025-03-29,Basic,Monthly,,,8.7,363.0,9,0,Rahul,India,Telangana,Male,1995-06-07,2025-01-26,N,54.0,1.0
3970-DJDXP,2024-05-01,,2025-05-01,Premium,Annual,,,22.39,1486.0,88,0,Aditya,India,Delhi,Female,2010-03-13,,,,
3307-UAPRV,2024-03-23,Organic,2024-04-22,Basic,Monthly,,,4.99,222.0,60,0,Rahul,India,Nagaland,Male,2006-07-18,2025-12-17,N,65.0,4.0
2241-PTUEZ,2026-01-14,Paid,2026-02-13,Standard,Monthly,2026-03-16,Poor Support,11.94,1255.0,13,1,Ananya,India,Gujarat,Female,1999-03-28,2026-04-20,Y,62.0,1.0
2756-KEDGD,2025-07-23,Paid,2025-08-22,Basic,Monthly,,,7.82,344.0,29,0,Sneha,India,Nagaland,Female,1972-08-29,2025-08-28,N,78.0,2.0
7333-PKOPE,2023-04-21,Organic,2023-05-21,Basic,Monthly,,,7.14,479.0,85,0,Aditya,India,Maharashtra,Female,1978-04-04,2024-12-27,Y,89.0,1.0
2986-WAYZG,2025-08-04,Organic,2026-08-04,Standard,Annual,2026-06-17,Not Enough Content,13.99,298.0,14,1,Sanjay,India,Meghalaya,Female,1971-10-01,2025-05-27,N,32.0,2.0
3223-FOFUK,2023-09-09,Refferal,2023-10-09,Standard,Monthly,2024-10-17,Poor Support,13.7,667.0,79,1,Sneha,India,Delhi,Female,1977-03-21,2024-07-16,N,7.0,1.0
9674-WKPAB,2023-11-13,Organic,2023-12-13,Standard,Monthly,2026-03-25,Service Quality,14.76,812.0,52,1,Sanjay,India,Telangana,Female,2002-11-03,2023-05-18,N,76.0,1.0
5071-MKCVK,2022-04-22,Paid,2023-04-22,Standard,Annual,2025-08-10,Service Quality,16.74,623.0,20,1,Vivaan,Nepal,Kathmandu,Female,1990-10-28,2024-12-05,N,64.0,2.0
4712-KMQTO,2023-09-17,Organic,2024-09-16,Standard,Annual,,,13.8,920.0,66,0,Sanjay,India,Telangana,Female,1989-12-07,2026-04-11,N,50.0,1.0
1679-WHABU,2022-02-16,Referral,2023-02-16,Standard,Annual,,,15.53,1407.0,13,0,Rahul,India,Telangana,Male,1984-12-15,2025-06-03,N,15.0,2.0
3883-AVHZW,2024-11-14,Organic,2025-11-14,Standard,Annual,,,13.05,1302.0,22,0,Neha,India,Meghalaya,Male,1976-11-02,2025-12-26,Y,24.0,4.0
0504-RPEIM,2022-11-14,Refferal,2023-11-14,Basic,Annual,,,4.99,458.0,99,0,Sneha,India,Gujarat,Male,2002-08-27,2025-08-24,N,66.0,2.0
1481-SHYUQ,2026-07-15,Organic,2027-07-15,Basic,Annual,,,5.69,431.0,80,0,Vivaan,India,Maharashtra,Male,1988-05-19,2026-05-04,N,63.0,2.0
1218-ADMUD,2024-10-04,Organic,2024-11-03,Standard,Monthly,,,12.78,885.0,65,0,Kavya,Nepal,Kathmandu,Female,1986-08-31,2026-05-12,N,16.0,4.0
7080-BGPVU,2025-10-03,Organic,2025-11-02,Standard,Monthly,2026-03-29,Poor Streaming Quality,15.08,498.0,96,1,Sanjay,India,Karnataka,Male,1976-06-25,2026-03-29,Y,86.0,2.0
5337-AHUCS,2024-07-09,Organic,2025-07-09,Premium,Annual,,,21.59,1725.0,85,0,Aditya,India,Telangana,Female,1998-01-07,2026-03-27,Y,33.0,1.0
7045-TFGFK,2021-01-02,Organic,2022-01-02,Standard,Annual,,,15.36,265.0,43,0,Rohan,India,Kerala,Male,1971-08-18,2026-07-09,N,18.0,1.0
5250-DOGOH,2022-09-14,Referral,2022-10-14,Premium,Monthly,,,24.33,1980.0,15,0,Pooja,India,Punjab,Male,1983-02-14,2025-10-15,N,29.0,1.0
9546-IWECE,2026-01-22,Paid,2026-02-21,Standard,Monthly,2026-02-20,Too Expensive,13.88,1077.0,48,1,Sneha,India,Telangana,Male,1975-02-07,2024-06-10,Y,90.0,2.0
4207-XEUSI,2021-04-04,Paid,2021-05-04,Standard,Monthly,,,11.69,1040.0,51,0,Ishita,India,Karnataka,Male,1981-05-10,2025-01-16,Y,44.0,3.0
3379-YSGXK,2022-10-23,Organic,2022-11-22,Standard,Monthly,2025-05-30,Forgot To Cancel Trial,13.01,725.0,99,1,Riya,India,Rajasthan,Female,1990-05-11,2023-03-08,N,20.0,1.0
0818-VWLSG,2024-10-29,Organic,2024-11-28,Basic,Monthly,2025-07-30,Service Quality,8.62,20.0,21,1,Sanjay,India,Gujarat,Female,2006-10-31,2024-05-19,Y,17.0,1.0
8506-JGNGQ,2021-11-06,Paid,2022-11-06,Standard,Annual,,,13.29,805.0,54,0,Amit,India,Tamil Nadu,Female,1989-06-18,2026-07-18,N,55.0,2.0
7482-KULZG,2021-08-13,Paid,2022-08-13,Standard,Annual,2024-02-26,Poor Streaming Quality,12.4,326.0,95,1,Rahul,India,Karnataka,Female,1997-03-17,2026-01-09,Y,51.0,2.0
7053-NYFFW,2022-11-18,Organic,2023-11-18,Standard,Annual,2023-02-19,Not Enough Content,11.68,789.0,90,1,Neha,India,Haryana,Female,1984-12-24,2025-12-24,Y,23.0,2.0
9012-TMKRT,2022-12-12,Refferal,2023-12-12,Standard,Annual,,,15.52,726.0,40,0,Arjun,India,Tamil Nadu,Female,1971-10-17,2025-05-17,N,99.0,1.0
2776-ABIRL,2024-05-21,Organic,2024-06-20,Premium,Monthly,2026-06-07,Service Quality,23.73,1667.0,29,1,Rahul,India,Rajasthan,Female,1990-01-23,2024-04-12,Y,63.0,1.0
6192-MGTSZ,2022-05-06,Organic,2023-05-06,Basic,Annual,2025-08-18,Forgot To Cancel Trial,9.06,469.0,20,1,Sneha,India,Karnataka,Male,1991-11-25,2023-12-20,N,7.0,2.0
8260-JSJWP,2025-12-13,Organic,2026-12-13,Basic,Annual,2026-08-15,Poor Support,6.07,570.0,74,1,Rohan,India,West Bengal,Female,1979-09-08,2025-06-30,N,29.0,2.0
8349-HADNZ,2021-04-24,Paid,2022-04-24,Basic,Annual,2025-06-04,Poor Support,6.97,484.0,76,1,Kavya,India,Gujarat,Male,1979-11-20,2026-05-18,Y,29.0,2.0
6278-VMYYF,2022-07-16,Organic,2022-08-15,Basic,Monthly,2025-05-27,Forgot To Cancel Trial,4.99,311.0,47,1,Aditya,India,Karnataka,Male,1989-02-02,2025-07-18,Y,96.0,3.0
8624-APLHY,2022-07-14,Organic,2023-07-14,,Annual,2023-12-03,Forgot To Cancel Trial,25.21,1536.0,18,1,Rohan,India,Gujarat,Male,2004-07-12,2024-02-09,N,46.0,2.0
6630-DDDHB,2025-09-01,Paid,2025-10-01,Basic,Monthly,,,8.85,324.0,33,0,Priya,India,Telangana,Female,1994-06-29,2024-08-14,Y,5.0,1.0
2659-TWUMS,2025-10-10,Organic,2025-11-09,Standard,Monthly,2026-03-05,Not Enough Content,16.64,733.0,53,1,Aarav,India,Karnataka,Female,1995-11-16,2024-04-14,Y,89.0,2.0
9439-BXSKL,2026-07-27,Organic,2026-08-26,Standard,Monthly,,,13.29,1098.0,21,0,Karan,India,Kerala,Female,1989-01-02,2023-04-22,N,63.0,1.0
4398-EFHAN,2022-09-07,Paid,2022-10-07,Standard,Monthly,2025-05-16,Forgot To Cancel Trial,14.96,1042.0,62,1,Meera,Nepal,Kathmandu,Female,2003-04-29,,,,
4777-IEZRM,2024-08-27,Paid,2025-08-27,Premium,,,,22.25,1603.0,40,0,Vikram,India,Haryana,Female,1976-11-30,2024-05-08,N,23.0,2.0
7232-JFRUQ,2021-01-20,Organic,2021-02-19,Standard,Monthly,,,10.76,690.0,97,0,Sneha,India,West Bengal,Female,2003-01-28,2026-03-20,Y,96.0,2.0
5673-AQQKG,2023-12-04,Organic,2024-01-03,Premium,Monthly,,,21.73,1384.0,1,0,Riya,India,West Bengal,Female,2006-01-10,2025-09-27,N,21.0,1.0
9790-JHSMO,2021-05-30,Organic,2022-05-30,Basic,Annual,,,8.41,592.0,23,0,Ananya,India,Rajasthan,Female,1974-04-25,2026-02-27,N,64.0,2.0
6490-JDEYN,2023-06-16,Paid,2024-06-15,Standard,Annual,,,14.88,1076.0,43,0,Neha,India,Gujarat,Male,2009-03-31,,,,
4183-ISXTN,2023-10-13,Referral,2024-10-12,Premium,Annual,,,19.73,1647.0,98,0,Priya,India,Rajasthan,Male,1973-09-04,2025-01-20,N,21.0,2.0
4766-WWKZV,2025-02-05,Organic,2025-03-07,Premium,Monthly,,,22.41,1682.0,14,0,Sneha,India,Nagaland,Female,1991-04-12,2025-12-05,Y,75.0,2.0
8465-BDHTC,2021-03-05,Paid,2021-04-04,Standard,Monthly,2021-06-03,Poor Support,15.1,1291.0,22,1,Pooja,India,Karnataka,Female,2000-01-12,,,,
0850-AEXSS,2021-09-17,Paid,2022-09-17,Premium,Annual,2026-05-27,Not Enough Content,26.91,1740.0,88,1,Aditya,India,Uttar Pradesh,Female,1982-01-31,2025-09-25,N,93.0,2.0
2942-QUNWO,2023-09-17,Organic,2024-09-16,Standard,Annual,,,12.61,1114.0,49,0,Neha,India,Kerala,Female,1990-05-14,2025-08-10,N,46.0,1.0
3261-QYVMP,2022-06-17,Organic,2022-07-17,Standard,Monthly,2022-08-11,Switched To Competitor,14.97,655.0,55,1,Rahul,India,Gujarat,Female,1973-12-07,2024-04-08,N,93.0,1.0
9759-TNHXZ,2025-12-18,Referral,2026-01-17,Basic,Monthly,2026-03-18,Poor Support,5.73,20.0,34,1,Karan,India,Haryana,Male,2010-12-16,2025-09-23,N,60.0,2.0
0729-ACKEW,2026-02-04,Paid,2027-02-04,Standard,Annual,,,12.9,368.0,97,0,Nisha,Nepal,Kathmandu,Female,1985-05-05,2026-06-25,N,16.0,1.0
9143-EVDUJ,2025-07-23,Paid,2026-07-23,Premium,Annual,,,21.19,1716.0,18,0,Vikram,India,Nagaland,Male,1990-09-03,2025-02-19,N,83.0,2.0
0425-LVYDV,2022-09-22,Paid,2022-10-22,Standard,Monthly,2025-07-06,Too Expensive,12.35,1045.0,69,1,Arjun,India,Karnataka,Male,1975-12-11,2026-04-15,N,5.0,5.0
2949-MCZUQ,2025-12-21,Organic,2026-01-20,Standard,Monthly,2026-06-21,Switched To Competitor,12.62,1051.0,90,1,Rahul,India,Punjab,Female,2007-05-21,,,,
